{
    "parent": "izzy_vault:chromatic_iron",
    "display": {
        "icon": {
            "item": "the_vault:chipped_vault_rock"
        },
        "title": {"text": "Vault Flakes"},
        "description": {"text": "Get some Chipped Vault Rock from mining Vault Rock"}
    },
    "criteria": {
        "find_chipped_vault_rock": {
            "trigger": "minecraft:inventory_changed",
            "conditions": {
                "items": [
                    {
                        "items": [
                            "the_vault:chipped_vault_rock"
                        ]
                    }
                ]
            }
        }
    }
}