{
  "styles": {
    "Colossal Chests": {
      "x": -130,
      "y": 0,
      "frameType": "RECTANGULAR",
      "icon": "the_vault:gui/researches/colossal_chest"
    },
    "Cloud Storage": {
      "x": -70,
      "y": 0,
      "frameType": "RECTANGULAR",
      "icon": "the_vault:gui/researches/cloud_storage"
    },
    "RFTools Storage": {
      "x": -70,
      "y": 40,
      "frameType": "RECTANGULAR",
      "icon": "the_vault:gui/researches/rftools_storage"
    },
    "Toms Simple Storage": {
      "x": 10,
      "y": 0,
      "frameType": "RECTANGULAR",
      "icon": "the_vault:gui/researches/simple_storage_network"
    },
    "Integrated Dynamics": {
      "x": 60,
      "y": 40,
      "frameType": "RECTANGULAR",
      "icon": "the_vault:gui/researches/integrated_dynamics"
    },
    "Refined Storage": {
      "x": 60,
      "y": 0,
      "frameType": "RECTANGULAR",
      "icon": "the_vault:gui/researches/refined_storage"
    },
    "Applied Energistics": {
      "x": 110,
      "y": 0,
      "frameType": "RECTANGULAR",
      "icon": "the_vault:gui/researches/applied_energistics"
    },
    "Sophisticated Storage": {
      "x": -190,
      "y": 0,
      "frameType": "RECTANGULAR",
      "icon": "the_vault:gui/researches/sophisticated_storage"
    },
    "Drawers": {
      "x": -190,
      "y": 40,
      "frameType": "RECTANGULAR",
      "icon": "the_vault:gui/researches/drawers"
    },
    "Iron Chests": {
      "x": -130,
      "y": 40,
      "frameType": "RECTANGULAR",
      "icon": "the_vault:gui/researches/iron_chests"
    },
    "Mekanism QIO": {
      "x": 570,
      "y": 0,
      "frameType": "RECTANGULAR",
      "icon": "the_vault:gui/researches/mekanism_qio"
    },
    "Applied Botanics": {
      "x": 620,
      "y": 0,
      "frameType": "RECTANGULAR",
      "icon": "the_vault:gui/researches/applied_botanics"
    },
    "Applied Mekanistics": {
      "x": 620,
      "y": 80,
      "frameType": "RECTANGULAR",
      "icon": "the_vault:gui/researches/applied_mekanistics"
    },
    "Botanical Machinery": {
      "x": 570,
      "y": 80,
      "frameType": "RECTANGULAR",
      "icon": "the_vault:gui/researches/botanical_machinery"
    },
    "Mega Cells": {
      "x": 670,
      "y": 0,
      "frameType": "RECTANGULAR",
      "icon": "the_vault:gui/researches/mega_cells"
    },
    "Extra Storage": {
      "x": 570,
      "y": 40,
      "frameType": "RECTANGULAR",
      "icon": "the_vault:gui/researches/extrastorage"
    },
    "Create Crafts and Additions": {
      "x": 620,
      "y": 40,
      "frameType": "RECTANGULAR",
      "icon": "the_vault:gui/researches/create_crafts_and_additions"
    },
    "Stack Upgrading": {
      "x": 200,
      "y": -40,
      "frameType": "RECTANGULAR",
      "icon": "the_vault:gui/researches/stackupgrading"
    },
    "Auto Refill": {
      "x": 250,
      "y": -40,
      "frameType": "RECTANGULAR",
      "icon": "the_vault:gui/researches/autorefill"
    },
    "Auto Feeding": {
      "x": 300,
      "y": -40,
      "frameType": "RECTANGULAR",
      "icon": "the_vault:gui/researches/autofeeding"
    },
    "Double Pouches": {
      "x": 200,
      "y": 0,
      "frameType": "RECTANGULAR",
      "icon": "the_vault:gui/researches/double_pouches"
    },
    "Belts": {
      "x": 250,
      "y": 0,
      "frameType": "RECTANGULAR",
      "icon": "the_vault:gui/researches/belts"
    },
    "Backpacks": {
      "x": 300,
      "y": 0,
      "frameType": "RECTANGULAR",
      "icon": "the_vault:gui/researches/backpacks"
    },
    "Big Backpacks": {
      "x": 200,
      "y": 40,
      "frameType": "RECTANGULAR",
      "icon": "the_vault:gui/researches/big_backpacks"
    },
    "Soul Harvester": {
      "x": 250,
      "y": 40,
      "frameType": "RECTANGULAR",
      "icon": "the_vault:gui/researches/soul_harvester"
    },
    "Junk Management": {
      "x": 300,
      "y": 40,
      "frameType": "RECTANGULAR",
      "icon": "the_vault:gui/researches/vault_looter"
    },
    "Botania": {
      "x": 200,
      "y": 120,
      "frameType": "RECTANGULAR",
      "icon": "the_vault:gui/researches/botania"
    },
    "PneumaticCraft": {
      "x": 200,
      "y": 160,
      "frameType": "RECTANGULAR",
      "icon": "the_vault:gui/researches/pneumaticcraft"
    },
    "Botania Flux Field": {
      "x": 490,
      "y": 40,
      "frameType": "RECTANGULAR",
      "icon": "the_vault:gui/researches/botania_flux_field"
    },
    "Mekanism": {
      "x": 250,
      "y": 120,
      "frameType": "RECTANGULAR",
      "icon": "the_vault:gui/researches/mekanism"
    },
    "Industrial Foregoing": {
      "x": 300,
      "y": 160,
      "frameType": "RECTANGULAR",
      "icon": "the_vault:gui/researches/industrial_foregoing"
    },
    "Thermal Expansion": {
      "x": 300,
      "y": 120,
      "frameType": "RECTANGULAR",
      "icon": "the_vault:gui/researches/thermal_expansion"
    },
    "Create": {
      "x": 250,
      "y": 160,
      "frameType": "RECTANGULAR",
      "icon": "the_vault:gui/researches/create"
    },
    "Waystones": {
      "x": 390,
      "y": 120,
      "frameType": "RECTANGULAR",
      "icon": "the_vault:gui/researches/waystones"
    },
    "Torch Master": {
      "x": 440,
      "y": 120,
      "frameType": "RECTANGULAR",
      "icon": "the_vault:gui/researches/torch_master"
    },
    "Trashcans": {
      "x": 490,
      "y": 120,
      "frameType": "RECTANGULAR",
      "icon": "the_vault:gui/researches/trashcans"
    },
    "Elevators": {
      "x": 390,
      "y": 160,
      "frameType": "RECTANGULAR",
      "icon": "the_vault:gui/researches/elevators"
    },
    "Vault Compass": {
      "x": 440,
      "y": 160,
      "frameType": "RECTANGULAR",
      "icon": "the_vault:gui/researches/vault_compass"
    },
    "Time in a Bottle": {
      "x": 490,
      "y": 200,
      "frameType": "RECTANGULAR",
      "icon": "the_vault:gui/researches/tiab"
    },
    "Better Wallets": {
      "x": 440,
      "y": 200,
      "frameType": "RECTANGULAR",
      "icon": "the_vault:gui/researches/lightmans_currency"
    },
    "Create Ore Excavation": {
      "x": 110,
      "y": 310,
      "frameType": "RECTANGULAR",
      "icon": "the_vault:gui/researches/create_ore_excavation"
    },
    "Create Diesel Generators": {
      "x": 670,
      "y": 40,
      "frameType": "RECTANGULAR",
      "icon": "the_vault:gui/researches/create_diesel_generators"
    },
    "RFTools Utility": {
      "x": 390,
      "y": 200,
      "frameType": "RECTANGULAR",
      "icon": "the_vault:gui/researches/rftoolsutility"
    },
    "Altar Automation": {
      "x": 490,
      "y": 160,
      "frameType": "RECTANGULAR",
      "icon": "the_vault:gui/researches/conduit"
    },
    "Building Gadgets": {
      "x": 10,
      "y": 270,
      "frameType": "RECTANGULAR",
      "icon": "the_vault:gui/researches/building_gadgets"
    },
    "ComputerCraft": {
      "x": 10,
      "y": 310,
      "frameType": "RECTANGULAR",
      "icon": "the_vault:gui/researches/computercraft"
    },
    "Mining Gadgets": {
      "x": 110,
      "y": 270,
      "frameType": "RECTANGULAR",
      "icon": "the_vault:gui/researches/mining_gadgets"
    },
    "Digital Miner": {
      "x": 60,
      "y": 310,
      "frameType": "RECTANGULAR",
      "icon": "the_vault:gui/researches/digital_miner"
    },
    "Hexcasting": {
      "x": 60,
      "y": 270,
      "frameType": "RECTANGULAR",
      "icon": "the_vault:gui/researches/hexcasting"
    },
    "Easy Villagers": {
      "x": 200,
      "y": 240,
      "frameType": "RECTANGULAR",
      "icon": "the_vault:gui/researches/easy_villagers"
    },
    "Botany Pots": {
      "x": 300,
      "y": 240,
      "frameType": "RECTANGULAR",
      "icon": "the_vault:gui/researches/botany_pots"
    },
    "Bonsai Pots": {
      "x": 200,
      "y": 320,
      "frameType": "RECTANGULAR",
      "icon": "the_vault:gui/researches/bonsai_pots"
    },
    "Create Mechanical Extruder": {
      "x": 200,
      "y": 280,
      "frameType": "RECTANGULAR",
      "icon": "the_vault:gui/researches/create_mechanical_extruder"
    },
    "Cagerium": {
      "x": 250,
      "y": 280,
      "frameType": "RECTANGULAR",
      "icon": "the_vault:gui/researches/cagerium"
    },
    "Hostile Neural Networks": {
      "x": 250,
      "y": 240,
      "frameType": "RECTANGULAR",
      "icon": "the_vault:gui/researches/hostile_neural_networks"
    },
    "Mob Spawners": {
      "x": 300,
      "y": 280,
      "frameType": "RECTANGULAR",
      "icon": "the_vault:gui/researches/mob_spawners"
    },
    "Phytogenic Insulator": {
      "x": 250,
      "y": 320,
      "frameType": "RECTANGULAR",
      "icon": "the_vault:gui/researches/phytogenic_insulator"
    },
    "Automatic Genius": {
      "x": 60,
      "y": 160,
      "frameType": "STAR",
      "icon": "the_vault:gui/researches/automatic_genius"
    },
    "Dark Utilities": {
      "x": 110,
      "y": 160,
      "frameType": "RECTANGULAR",
      "icon": "the_vault:gui/researches/dark_utilities"
    },
    "Flux Networks": {
      "x": 490,
      "y": 0,
      "frameType": "RECTANGULAR",
      "icon": "the_vault:gui/researches/flux_networks"
    },
    "Powah": {
      "x": 440,
      "y": 0,
      "frameType": "RECTANGULAR",
      "icon": "the_vault:gui/researches/powah"
    },
    "Iron Generators": {
      "x": 390,
      "y": 0,
      "frameType": "RECTANGULAR",
      "icon": "the_vault:gui/researches/iron_generators"
    },
    "Thermal Dynamos": {
      "x": 390,
      "y": 40,
      "frameType": "RECTANGULAR",
      "icon": "the_vault:gui/researches/thermal_dynamos"
    },
    "Mekanism Generators": {
      "x": 440,
      "y": 40,
      "frameType": "RECTANGULAR",
      "icon": "the_vault:gui/researches/mekanism_generators"
    },
    "Xnet": {
      "x": 10,
      "y": 120,
      "frameType": "RECTANGULAR",
      "icon": "the_vault:gui/researches/xnet"
    },
    "LaserIO": {
      "x": 60,
      "y": 200,
      "frameType": "RECTANGULAR",
      "icon": "the_vault:gui/researches/laserio"
    },
    "Modular Routers": {
      "x": 60,
      "y": 120,
      "frameType": "RECTANGULAR",
      "icon": "the_vault:gui/researches/modular_routers"
    },
    "Pipez": {
      "x": 110,
      "y": 120,
      "frameType": "RECTANGULAR",
      "icon": "the_vault:gui/researches/pretty_pipes"
    },
    "Iron Furnaces": {
      "x": 10,
      "y": 160,
      "frameType": "RECTANGULAR",
      "icon": "the_vault:gui/researches/iron_furnaces"
    },
    "Potions": {
      "x": 390,
      "y": 270,
      "frameType": "RECTANGULAR",
      "icon": "the_vault:gui/researches/potion"
    },
    "Mixtures": {
      "x": 440,
      "y": 270,
      "frameType": "RECTANGULAR",
      "icon": "the_vault:gui/researches/mixture"
    },
    "Brews": {
      "x": 490,
      "y": 270,
      "frameType": "RECTANGULAR",
      "icon": "the_vault:gui/researches/brew"
    }
  }
}