[
  {
    "weight": 1,
    "value": {
      "template": "the_vault:empty",
      "palettes": []
    }
  },
  {
    "weight": 1,
    "pool": [
      {
        "weight": 1,
        "reference": "the_vault:vault/decor/generic/references/ore/7x7/hole_a1"
      },
      {
        "weight": 1,
        "reference": "the_vault:vault/decor/generic/references/ore/9x9/hole_a1"
      }
    ]
  },
  {
    "weight": 2,
    "pool": [
      {
        "weight": 4,
        "pool": [
          {
            "weight": 1,
            "reference": "the_vault:vault/decor/generic/references/ore/7x7/hole1"
          },
          {
            "weight": 1,
            "reference": "the_vault:vault/decor/generic/references/ore/9x9/hole1"
          }
        ]
      }
    ]
  }
]