{
  "tile_processors": [
    {
      "type": "leveled",
      "levels": [
        {
          "level": 0,
          "type": "weighted_target",
          "target": "the_vault:placeholder",
          "output": {
            "the_vault:placeholder{ Hidden: 1b }": 1
          }
        }
      ]
    },
    {
      "type": "placeholder",
      "target": "WOODEN_CHEST",
      "levels": [
        {
          "level": 0,
          "probability": 0.6,
          "success": {
            "the_vault:living_chest{LootTable:\"the_vault:dungeon/living_chest_lvl0\"}": 1
          },
          "failure": {
            "minecraft:air": 1
          }
        },
        {
          "level": 10,
          "probability": 0.6,
          "success": {
            "the_vault:living_chest{LootTable:\"the_vault:dungeon/living_chest_lvl10\"}": 1
          },
          "failure": {
            "minecraft:air": 1
          }
        },
        {
          "level": 20,
          "probability": 0.6,
          "success": {
            "the_vault:living_chest{LootTable:\"the_vault:dungeon/living_chest_lvl20\"}": 1
          },
          "failure": {
            "minecraft:air": 1
          }
        },
        {
          "level": 30,
          "probability": 0.6,
          "success": {
            "the_vault:living_chest{LootTable:\"the_vault:dungeon/living_chest_lvl30\"}": 1
          },
          "failure": {
            "minecraft:air": 1
          }
        },
        {
          "level": 50,
          "probability": 0.6,
          "success": {
            "the_vault:living_chest{LootTable:\"the_vault:dungeon/living_chest_lvl50\"}": 17,
            "the_vault:living_strongbox{LootTable:\"the_vault:dungeon/living_strongbox_lvl50\"}": 1
          },
          "failure": {
            "minecraft:air": 1
          }
        },
        {
          "level": 70,
          "probability": 0.6,
          "success": {
            "the_vault:living_chest{LootTable:\"the_vault:dungeon/living_chest_lvl70\"}": 17,
            "the_vault:living_strongbox{LootTable:\"the_vault:dungeon/living_strongbox_lvl70\"}": 1
          },
          "failure": {
            "minecraft:air": 1
          }
        },
        {
          "level": 80,
          "probability": 0.6,
          "success": {
            "the_vault:living_chest{LootTable:\"the_vault:dungeon/living_chest_lvl70\"}": 9,
            "the_vault:living_strongbox{LootTable:\"the_vault:dungeon/living_strongbox_lvl80\"}": 1
          },
          "failure": {
            "minecraft:air": 1
          }
        },
        {
          "level": 100,
          "probability": 0.6,
          "success": {
            "the_vault:living_chest{LootTable:\"the_vault:dungeon/living_chest_lvl70\"}": 6,
            "the_vault:living_strongbox{LootTable:\"the_vault:dungeon/living_strongbox_lvl80\"}": 1
          },
          "failure": {
            "minecraft:air": 1
          }
        }
      ]
    },
    {
      "type": "placeholder",
      "target": "COIN_STACKS",
      "levels": [
        {
          "level": 0,
          "probability": 1.0,
          "success": {
            "minecraft:air": 1
          },
          "failure": {
            "minecraft:air": 1
          }
        }
      ]
    }
  ]
}