{
  "tile_processors": [
    {
      "type": "weighted_target",
      "target": "minecraft:red_glazed_terracotta",
      "output": {
        "tnt[unstable=true]": 1
      }
    },
    {
      "type": "leveled",
      "levels": [
        {
          "level": 0,
          "type": "weighted_target",
          "target": "minecraft:light_gray_glazed_terracotta",
          "output": {
            "minecraft:cobblestone": 75,
            "minecraft:stone": 75,
            "minecraft:sand": 75,
            "minecraft:gravel": 75,
            "minecraft:andesite": 75,
            "minecraft:snow_block": 75,
            "minecraft:diorite": 75,
            "minecraft:granite": 75,
            "minecraft:dirt": 75,
            "minecraft:netherrack": 75,
            "minecraft:obsidian": 30,
            "minecraft:soul_sand": 30,
            "minecraft:end_stone": 30,
            "minecraft:clay": 30,
            "compressium:cobblestone_2": 10,
            "compressium:stone_2": 10,
            "compressium:sand_2": 10,
            "compressium:gravel_2": 10,
            "compressium:andesite_2": 10,
            "compressium:snow_2": 10,
            "compressium:diorite_2": 10,
            "compressium:granite_2": 10,
            "compressium:dirt_2": 10,
            "compressium:netherrack_2": 10,
            "compressium:obsidian_2": 4,
            "compressium:soulsand_2": 4,
            "compressium:endstone_2": 4,
            "compressium:clay_2": 4
          }
        },
        {
          "level": 25,
          "type": "weighted_target",
          "target": "minecraft:light_gray_glazed_terracotta",
          "output": {
            "minecraft:cobblestone": 75,
            "minecraft:stone": 75,
            "minecraft:sand": 75,
            "minecraft:gravel": 75,
            "minecraft:andesite": 75,
            "minecraft:snow_block": 75,
            "minecraft:diorite": 75,
            "minecraft:granite": 75,
            "minecraft:dirt": 75,
            "minecraft:netherrack": 75,
            "minecraft:obsidian": 30,
            "minecraft:soul_sand": 30,
            "minecraft:end_stone": 30,
            "minecraft:clay": 30,
            "compressium:cobblestone_2": 15,
            "compressium:stone_2": 15,
            "compressium:sand_2": 15,
            "compressium:gravel_2": 15,
            "compressium:andesite_2": 15,
            "compressium:snow_2": 15,
            "compressium:diorite_2": 15,
            "compressium:granite_2": 15,
            "compressium:dirt_2": 15,
            "compressium:netherrack_2": 15,
            "compressium:obsidian_2": 8,
            "compressium:soulsand_2": 8,
            "compressium:endstone_2": 8,
            "compressium:clay_2": 8,
            "compressium:cobblestone_3": 1,
            "compressium:stone_3": 1,
            "compressium:sand_3": 1,
            "compressium:gravel_3": 1,
            "compressium:andesite_3": 1,
            "compressium:snow_3": 1,
            "compressium:diorite_3": 1,
            "compressium:granite_3": 1,
            "compressium:dirt_3": 1,
            "compressium:netherrack_3": 1
          }
        },
        {
          "level": 50,
          "type": "weighted_target",
          "target": "minecraft:light_gray_glazed_terracotta",
          "output": {
            "minecraft:cobblestone": 75,
            "minecraft:stone": 75,
            "minecraft:sand": 75,
            "minecraft:gravel": 75,
            "minecraft:andesite": 75,
            "minecraft:snow_block": 75,
            "minecraft:diorite": 75,
            "minecraft:granite": 75,
            "minecraft:dirt": 75,
            "minecraft:netherrack": 75,
            "minecraft:obsidian": 30,
            "minecraft:soul_sand": 30,
            "minecraft:end_stone": 30,
            "minecraft:clay": 30,
            "compressium:cobblestone_3": 10,
            "compressium:stone_3": 10,
            "compressium:sand_3": 10,
            "compressium:gravel_3": 10,
            "compressium:andesite_3": 10,
            "compressium:snow_3": 10,
            "compressium:diorite_3": 10,
            "compressium:granite_3": 10,
            "compressium:dirt_3": 10,
            "compressium:netherrack_3": 10,
            "compressium:obsidian_3": 4,
            "compressium:soulsand_3": 4,
            "compressium:endstone_3": 4,
            "compressium:clay_3": 4
          }
        },
        {
          "level": 75,
          "type": "weighted_target",
          "target": "minecraft:light_gray_glazed_terracotta",
          "output": {
            "minecraft:cobblestone": 150,
            "minecraft:stone": 150,
            "minecraft:sand": 150,
            "minecraft:gravel": 150,
            "minecraft:andesite": 150,
            "minecraft:snow_block": 150,
            "minecraft:diorite": 150,
            "minecraft:granite": 150,
            "minecraft:dirt": 150,
            "minecraft:netherrack": 150,
            "minecraft:obsidian": 60,
            "minecraft:soul_sand": 60,
            "minecraft:end_stone": 60,
            "minecraft:clay": 60,
            "compressium:cobblestone_3": 30,
            "compressium:stone_3": 30,
            "compressium:sand_3": 30,
            "compressium:gravel_3": 30,
            "compressium:andesite_3": 30,
            "compressium:snow_3": 30,
            "compressium:diorite_3": 30,
            "compressium:granite_3": 30,
            "compressium:dirt_3": 30,
            "compressium:netherrack_3": 30,
            "compressium:obsidian_3": 12,
            "compressium:soulsand_3": 12,
            "compressium:endstone_3": 12,
            "compressium:clay_3": 12,
            "compressium:cobblestone_4": 1,
            "compressium:stone_4": 1,
            "compressium:sand_4": 1,
            "compressium:gravel_4": 1,
            "compressium:andesite_4": 1,
            "compressium:snow_4": 1,
            "compressium:diorite_4": 1,
            "compressium:granite_4": 1,
            "compressium:dirt_4": 1,
            "compressium:netherrack_4": 1,
            "compressium:soulsand_4": 1,
            "compressium:endstone_4": 1,
            "compressium:clay_4": 1
          }
        }
      ]
    },
    {
      "type": "leveled",
      "levels": [
        {
          "level": 0,
          "type": "weighted_target",
          "target": "minecraft:light_blue_glazed_terracotta",
          "output": {
            "minecraft:cobblestone": 75,
            "minecraft:stone": 75,
            "minecraft:sand": 75,
            "minecraft:gravel": 75,
            "minecraft:andesite": 75,
            "minecraft:snow_block": 75,
            "minecraft:diorite": 75,
            "minecraft:granite": 75,
            "minecraft:dirt": 75,
            "minecraft:netherrack": 75,
            "minecraft:obsidian": 30,
            "minecraft:soul_sand": 30,
            "minecraft:end_stone": 30,
            "minecraft:clay": 30,
            "compressium:cobblestone_2": 7,
            "compressium:stone_2": 7,
            "compressium:sand_2": 7,
            "compressium:gravel_2": 7,
            "compressium:andesite_2": 7,
            "compressium:snow_2": 7,
            "compressium:diorite_2": 7,
            "compressium:granite_2": 7,
            "compressium:dirt_2": 7,
            "compressium:netherrack_2": 7,
            "compressium:obsidian_2": 1,
            "compressium:soulsand_2": 1,
            "compressium:endstone_2": 1,
            "compressium:clay_2": 1
          }
        },
        {
          "level": 25,
          "type": "weighted_target",
          "target": "minecraft:light_blue_glazed_terracotta",
          "output": {
            "minecraft:cobblestone": 75,
            "minecraft:stone": 75,
            "minecraft:sand": 75,
            "minecraft:gravel": 75,
            "minecraft:andesite": 75,
            "minecraft:snow_block": 75,
            "minecraft:diorite": 75,
            "minecraft:granite": 75,
            "minecraft:dirt": 75,
            "minecraft:netherrack": 75,
            "minecraft:obsidian": 30,
            "minecraft:soul_sand": 30,
            "minecraft:end_stone": 30,
            "minecraft:clay": 30,
            "compressium:cobblestone_2": 15,
            "compressium:stone_2": 15,
            "compressium:sand_2": 15,
            "compressium:gravel_2": 15,
            "compressium:andesite_2": 15,
            "compressium:snow_2": 15,
            "compressium:diorite_2": 15,
            "compressium:granite_2": 15,
            "compressium:dirt_2": 15,
            "compressium:netherrack_2": 15,
            "compressium:obsidian_2": 8,
            "compressium:soulsand_2": 8,
            "compressium:endstone_2": 8,
            "compressium:clay_2": 8,
            "compressium:cobblestone_3": 1,
            "compressium:stone_3": 1,
            "compressium:sand_3": 1,
            "compressium:gravel_3": 1,
            "compressium:andesite_3": 1,
            "compressium:snow_3": 1,
            "compressium:diorite_3": 1,
            "compressium:granite_3": 1,
            "compressium:dirt_3": 1,
            "compressium:netherrack_3": 1
          }
        },
        {
          "level": 50,
          "type": "weighted_target",
          "target": "minecraft:light_blue_glazed_terracotta",
          "output": {
            "minecraft:cobblestone": 70,
            "minecraft:stone": 70,
            "minecraft:sand": 70,
            "minecraft:gravel": 70,
            "minecraft:andesite": 70,
            "minecraft:snow_block": 70,
            "minecraft:diorite": 70,
            "minecraft:granite": 70,
            "minecraft:dirt": 70,
            "minecraft:netherrack": 70,
            "minecraft:obsidian": 30,
            "minecraft:soul_sand": 30,
            "minecraft:end_stone": 30,
            "minecraft:clay": 30,
            "compressium:cobblestone_3": 6,
            "compressium:stone_3": 6,
            "compressium:sand_3": 6,
            "compressium:gravel_3": 6,
            "compressium:andesite_3": 6,
            "compressium:snow_3": 6,
            "compressium:diorite_3": 6,
            "compressium:granite_3": 6,
            "compressium:dirt_3": 6,
            "compressium:netherrack_3": 6,
            "compressium:obsidian_3": 1,
            "compressium:soulsand_3": 1,
            "compressium:endstone_3": 1,
            "compressium:clay_3": 1
          }
        },
        {
          "level": 75,
          "type": "weighted_target",
          "target": "minecraft:light_blue_glazed_terracotta",
          "output": {
            "minecraft:cobblestone": 70,
            "minecraft:stone": 70,
            "minecraft:sand": 70,
            "minecraft:gravel": 70,
            "minecraft:andesite": 70,
            "minecraft:snow_block": 70,
            "minecraft:diorite": 70,
            "minecraft:granite": 70,
            "minecraft:dirt": 70,
            "minecraft:netherrack": 70,
            "minecraft:obsidian": 30,
            "minecraft:soul_sand": 30,
            "minecraft:end_stone": 30,
            "minecraft:clay": 30,
            "compressium:cobblestone_3": 8,
            "compressium:stone_3": 8,
            "compressium:sand_3": 8,
            "compressium:gravel_3": 8,
            "compressium:andesite_3": 8,
            "compressium:snow_3": 8,
            "compressium:diorite_3": 8,
            "compressium:granite_3": 8,
            "compressium:dirt_3": 8,
            "compressium:netherrack_3": 8,
            "compressium:obsidian_3": 2,
            "compressium:soulsand_3": 2,
            "compressium:endstone_3": 2,
            "compressium:clay_3": 2
          }
        }
      ]
    },
    {
      "type": "reference",
      "id": "the_vault:generic/challenge_elite_spawners"
    },
    {
      "type": "reference",
      "id": "the_vault:generic/room_base"
    }
  ],
  "entity_processors": [],
  "decorators": []
}