{
  "costRemoveCraftedModifiers": [
    {
      "AMOUNT": 5,
      "ITEM": "the_vault:nullifying_focus",
      "NBT": "{}"
    }
  ],
  "craftableModifiers": {
    "PREFIX": [
      { "workbenchCraftIdentifier": "the_vault:crafted_attack_damage_t0",
        "modifierIdentifier": "the_vault:crafted_attack_damage",
        "modifierTier": 0,
        "unlockCategory": "LEVEL",
        "craftingCost": [
          {
            "AMOUNT": 2,
            "ITEM": "the_vault:amplifying_focus",
            "NBT": "{}"
          },
          {
            "AMOUNT": 2,
            "ITEM": "the_vault:vault_gold",
            "NBT": "{}"
          }
        ]
      },
      { "workbenchCraftIdentifier": "the_vault:crafted_attack_damage_t1",
        "modifierIdentifier": "the_vault:crafted_attack_damage",
        "modifierTier": 1,
        "unlockCategory": "LEVEL",
        "craftingCost": [
          {
            "AMOUNT": 4,
            "ITEM": "the_vault:amplifying_focus",
            "NBT": "{}"
          },
          {
            "AMOUNT": 4,
            "ITEM": "the_vault:vault_gold",
            "NBT": "{}"
          }
        ]
      },
      { "workbenchCraftIdentifier": "the_vault:crafted_attack_damage_t2",
        "modifierIdentifier": "the_vault:crafted_attack_damage",
        "modifierTier": 2,
        "unlockCategory": "LEVEL",
        "craftingCost": [
          {
            "AMOUNT": 8,
            "ITEM": "the_vault:amplifying_focus",
            "NBT": "{}"
          },
          {
            "AMOUNT": 8,
            "ITEM": "the_vault:vault_gold",
            "NBT": "{}"
          }
        ]
      },
      { "workbenchCraftIdentifier": "the_vault:crafted_attack_damage_t3",
        "modifierIdentifier": "the_vault:crafted_attack_damage",
        "modifierTier": 3,
        "unlockCategory": "VAULT_DISCOVERY",
        "craftingCost": [
          {
            "AMOUNT": 16,
            "ITEM": "the_vault:amplifying_focus",
            "NBT": "{}"
          },
          {
            "AMOUNT": 16,
            "ITEM": "the_vault:vault_gold",
            "NBT": "{}"
          }
        ]
      },
      { "workbenchCraftIdentifier": "the_vault:crafted_attack_damage_t4",
        "modifierIdentifier": "the_vault:crafted_attack_damage",
        "modifierTier": 4,
        "unlockCategory": "VAULT_DISCOVERY",
        "craftingCost": [
          {
            "AMOUNT": 24,
            "ITEM": "the_vault:amplifying_focus",
            "NBT": "{}"
          },
          {
            "AMOUNT": 24,
            "ITEM": "the_vault:vault_gold",
            "NBT": "{}"
          }
        ]
      },
      { "workbenchCraftIdentifier": "the_vault:crafted_attack_damage_t5",
        "modifierIdentifier": "the_vault:crafted_attack_damage",
        "modifierTier": 5,
        "unlockCategory": "VAULT_DISCOVERY",
        "craftingCost": [
          {
            "AMOUNT": 32,
            "ITEM": "the_vault:amplifying_focus",
            "NBT": "{}"
          },
          {
            "AMOUNT": 32,
            "ITEM": "the_vault:vault_gold",
            "NBT": "{}"
          }
        ]
      },
      { "workbenchCraftIdentifier": "the_vault:crafted_attack_damage_t6",
        "modifierIdentifier": "the_vault:crafted_attack_damage",
        "modifierTier": 6,
        "unlockCategory": "VAULT_DISCOVERY",
        "craftingCost": [
          {
            "AMOUNT": 48,
            "ITEM": "the_vault:amplifying_focus",
            "NBT": "{}"
          },
          {
            "AMOUNT": 48,
            "ITEM": "the_vault:vault_gold",
            "NBT": "{}"
          }
        ]
      },
      { "workbenchCraftIdentifier": "the_vault:crafted_attack_damage_t7",
        "modifierIdentifier": "the_vault:crafted_attack_damage",
        "modifierTier": 7,
        "unlockCategory": "VAULT_DISCOVERY",
        "craftingCost": [
          {
            "AMOUNT": 64,
            "ITEM": "the_vault:amplifying_focus",
            "NBT": "{}"
          },
          {
            "AMOUNT": 64,
            "ITEM": "the_vault:vault_gold",
            "NBT": "{}"
          }
        ]
      },

      { "workbenchCraftIdentifier": "the_vault:crafted_on_hit_chain_t0",
        "modifierIdentifier": "the_vault:crafted_on_hit_chain",
        "modifierTier": 0,
        "unlockCategory": "LEVEL",
        "craftingCost": [
          {
            "AMOUNT": 8,
            "ITEM": "the_vault:amplifying_focus",
            "NBT": "{}"
          },
          {
            "AMOUNT": 8,
            "ITEM": "the_vault:vault_gold",
            "NBT": "{}"
          }
        ]
      },
      { "workbenchCraftIdentifier": "the_vault:crafted_on_hit_chain_t1",
        "modifierIdentifier": "the_vault:crafted_on_hit_chain",
        "modifierTier": 1,
        "unlockCategory": "VAULT_DISCOVERY",
        "craftingCost": [
          {
            "AMOUNT": 16,
            "ITEM": "the_vault:amplifying_focus",
            "NBT": "{}"
          },
          {
            "AMOUNT": 16,
            "ITEM": "the_vault:vault_gold",
            "NBT": "{}"
          }
        ]
      },
      { "workbenchCraftIdentifier": "the_vault:crafted_on_hit_chain_t2",
        "modifierIdentifier": "the_vault:crafted_on_hit_chain",
        "modifierTier": 2,
        "unlockCategory": "VAULT_DISCOVERY",
        "craftingCost": [
          {
            "AMOUNT": 32,
            "ITEM": "the_vault:amplifying_focus",
            "NBT": "{}"
          },
          {
            "AMOUNT": 32,
            "ITEM": "the_vault:vault_gold",
            "NBT": "{}"
          }
        ]
      },

      { "workbenchCraftIdentifier": "the_vault:crafted_soul_chance_t0",
        "modifierIdentifier": "the_vault:crafted_soul_chance",
        "modifierTier": 0,
        "unlockCategory": "LEVEL",
        "craftingCost": [
          {
            "AMOUNT": 4,
            "ITEM": "the_vault:amplifying_focus",
            "NBT": "{}"
          },
          {
            "AMOUNT": 4,
            "ITEM": "the_vault:vault_gold",
            "NBT": "{}"
          }
        ]
      },
      { "workbenchCraftIdentifier": "the_vault:crafted_soul_chance_t1",
        "modifierIdentifier": "the_vault:crafted_soul_chance",
        "modifierTier": 1,
        "unlockCategory": "LEVEL",
        "craftingCost": [
          {
            "AMOUNT": 8,
            "ITEM": "the_vault:amplifying_focus",
            "NBT": "{}"
          },
          {
            "AMOUNT": 8,
            "ITEM": "the_vault:vault_gold",
            "NBT": "{}"
          }
        ]
      },
      { "workbenchCraftIdentifier": "the_vault:crafted_soul_chance_t2",
        "modifierIdentifier": "the_vault:crafted_soul_chance",
        "modifierTier": 2,
        "unlockCategory": "VAULT_DISCOVERY",
        "craftingCost": [
          {
            "AMOUNT": 16,
            "ITEM": "the_vault:amplifying_focus",
            "NBT": "{}"
          },
          {
            "AMOUNT": 16,
            "ITEM": "the_vault:vault_gold",
            "NBT": "{}"
          }
        ]
      },
      { "workbenchCraftIdentifier": "the_vault:crafted_soul_chance_t3",
        "modifierIdentifier": "the_vault:crafted_soul_chance",
        "modifierTier": 3,
        "unlockCategory": "VAULT_DISCOVERY",
        "craftingCost": [
          {
            "AMOUNT": 32,
            "ITEM": "the_vault:amplifying_focus",
            "NBT": "{}"
          },
          {
            "AMOUNT": 32,
            "ITEM": "the_vault:vault_gold",
            "NBT": "{}"
          }
        ]
      },
     
      { "workbenchCraftIdentifier": "the_vault:crafted_damage_illagers_t0",
        "modifierIdentifier": "the_vault:crafted_damage_illagers",
        "modifierTier": 0,
        "unlockCategory": "LEVEL",
        "craftingCost": [
          {
            "AMOUNT": 4,
            "ITEM": "the_vault:amplifying_focus",
            "NBT": "{}"
          },
          {
            "AMOUNT": 4,
            "ITEM": "the_vault:vault_gold",
            "NBT": "{}"
          }
        ]
      },
      { "workbenchCraftIdentifier": "the_vault:crafted_damage_illagers_t1",
        "modifierIdentifier": "the_vault:crafted_damage_illagers",
        "modifierTier": 1,
        "unlockCategory": "VAULT_DISCOVERY",
        "craftingCost": [
          {
            "AMOUNT": 8,
            "ITEM": "the_vault:amplifying_focus",
            "NBT": "{}"
          },
          {
            "AMOUNT": 8,
            "ITEM": "the_vault:vault_gold",
            "NBT": "{}"
          }
        ]
      },
      { "workbenchCraftIdentifier": "the_vault:crafted_damage_illagers_t2",
        "modifierIdentifier": "the_vault:crafted_damage_illagers",
        "modifierTier": 2,
        "unlockCategory": "VAULT_DISCOVERY",
        "craftingCost": [
          {
            "AMOUNT": 16,
            "ITEM": "the_vault:amplifying_focus",
            "NBT": "{}"
          },
          {
            "AMOUNT": 16,
            "ITEM": "the_vault:vault_gold",
            "NBT": "{}"
          }
        ]
      },
      { "workbenchCraftIdentifier": "the_vault:crafted_damage_illagers_t3",
        "modifierIdentifier": "the_vault:crafted_damage_illagers",
        "modifierTier": 3,
        "unlockCategory": "VAULT_DISCOVERY",
        "craftingCost": [
          {
            "AMOUNT": 32,
            "ITEM": "the_vault:amplifying_focus",
            "NBT": "{}"
          },
          {
            "AMOUNT": 32,
            "ITEM": "the_vault:vault_gold",
            "NBT": "{}"
          }
        ]
      },
      { "workbenchCraftIdentifier": "the_vault:crafted_damage_spiders_t0",
        "modifierIdentifier": "the_vault:crafted_damage_spiders",
        "modifierTier": 0,
        "unlockCategory": "LEVEL",
        "craftingCost": [
          {
            "AMOUNT": 4,
            "ITEM": "the_vault:amplifying_focus",
            "NBT": "{}"
          },
          {
            "AMOUNT": 4,
            "ITEM": "the_vault:vault_gold",
            "NBT": "{}"
          }
        ]
      },
      { "workbenchCraftIdentifier": "the_vault:crafted_damage_spiders_t1",
        "modifierIdentifier": "the_vault:crafted_damage_spiders",
        "modifierTier": 1,
        "unlockCategory": "VAULT_DISCOVERY",
        "craftingCost": [
          {
            "AMOUNT": 8,
            "ITEM": "the_vault:amplifying_focus",
            "NBT": "{}"
          },
          {
            "AMOUNT": 8,
            "ITEM": "the_vault:vault_gold",
            "NBT": "{}"
          }
        ]
      },
      { "workbenchCraftIdentifier": "the_vault:crafted_damage_spiders_t2",
        "modifierIdentifier": "the_vault:crafted_damage_spiders",
        "modifierTier": 2,
        "unlockCategory": "VAULT_DISCOVERY",
        "craftingCost": [
          {
            "AMOUNT": 16,
            "ITEM": "the_vault:amplifying_focus",
            "NBT": "{}"
          },
          {
            "AMOUNT": 16,
            "ITEM": "the_vault:vault_gold",
            "NBT": "{}"
          }
        ]
      },
      { "workbenchCraftIdentifier": "the_vault:crafted_damage_spiders_t3",
        "modifierIdentifier": "the_vault:crafted_damage_spiders",
        "modifierTier": 3,
        "unlockCategory": "VAULT_DISCOVERY",
        "craftingCost": [
          {
            "AMOUNT": 32,
            "ITEM": "the_vault:amplifying_focus",
            "NBT": "{}"
          },
          {
            "AMOUNT": 32,
            "ITEM": "the_vault:vault_gold",
            "NBT": "{}"
          }
        ]
      },
      { "workbenchCraftIdentifier": "the_vault:crafted_damage_undead_t0",
        "modifierIdentifier": "the_vault:crafted_damage_undead",
        "modifierTier": 0,
        "unlockCategory": "LEVEL",
        "craftingCost": [
          {
            "AMOUNT": 4,
            "ITEM": "the_vault:amplifying_focus",
            "NBT": "{}"
          },
          {
            "AMOUNT": 4,
            "ITEM": "the_vault:vault_gold",
            "NBT": "{}"
          }
        ]
      },
      { "workbenchCraftIdentifier": "the_vault:crafted_damage_undead_t1",
        "modifierIdentifier": "the_vault:crafted_damage_undead",
        "modifierTier": 1,
        "unlockCategory": "VAULT_DISCOVERY",
        "craftingCost": [
          {
            "AMOUNT": 8,
            "ITEM": "the_vault:amplifying_focus",
            "NBT": "{}"
          },
          {
            "AMOUNT": 8,
            "ITEM": "the_vault:vault_gold",
            "NBT": "{}"
          }
        ]
      },
      { "workbenchCraftIdentifier": "the_vault:crafted_damage_undead_t2",
        "modifierIdentifier": "the_vault:crafted_damage_undead",
        "modifierTier": 2,
        "unlockCategory": "VAULT_DISCOVERY",
        "craftingCost": [
          {
            "AMOUNT": 16,
            "ITEM": "the_vault:amplifying_focus",
            "NBT": "{}"
          },
          {
            "AMOUNT": 16,
            "ITEM": "the_vault:vault_gold",
            "NBT": "{}"
          }
        ]
      },
      { "workbenchCraftIdentifier": "the_vault:crafted_damage_undead_t3",
        "modifierIdentifier": "the_vault:crafted_damage_undead",
        "modifierTier": 3,
        "unlockCategory": "VAULT_DISCOVERY",
        "craftingCost": [
          {
            "AMOUNT": 32,
            "ITEM": "the_vault:amplifying_focus",
            "NBT": "{}"
          },
          {
            "AMOUNT": 32,
            "ITEM": "the_vault:vault_gold",
            "NBT": "{}"
          }
        ]
      },
      { "workbenchCraftIdentifier": "the_vault:crafted_damage_nether_t0",
        "modifierIdentifier": "the_vault:crafted_damage_nether",
        "modifierTier": 0,
        "unlockCategory": "LEVEL",
        "craftingCost": [
          {
            "AMOUNT": 4,
            "ITEM": "the_vault:amplifying_focus",
            "NBT": "{}"
          },
          {
            "AMOUNT": 4,
            "ITEM": "the_vault:vault_gold",
            "NBT": "{}"
          }
        ]
      },
      { "workbenchCraftIdentifier": "the_vault:crafted_damage_nether_t1",
        "modifierIdentifier": "the_vault:crafted_damage_nether",
        "modifierTier": 1,
        "unlockCategory": "VAULT_DISCOVERY",
        "craftingCost": [
          {
            "AMOUNT": 8,
            "ITEM": "the_vault:amplifying_focus",
            "NBT": "{}"
          },
          {
            "AMOUNT": 8,
            "ITEM": "the_vault:vault_gold",
            "NBT": "{}"
          }
        ]
      },
      { "workbenchCraftIdentifier": "the_vault:crafted_damage_nether_t2",
        "modifierIdentifier": "the_vault:crafted_damage_nether",
        "modifierTier": 2,
        "unlockCategory": "VAULT_DISCOVERY",
        "craftingCost": [
          {
            "AMOUNT": 16,
            "ITEM": "the_vault:amplifying_focus",
            "NBT": "{}"
          },
          {
            "AMOUNT": 16,
            "ITEM": "the_vault:vault_gold",
            "NBT": "{}"
          }
        ]
      },
      { "workbenchCraftIdentifier": "the_vault:crafted_damage_nether_t3",
        "modifierIdentifier": "the_vault:crafted_damage_nether",
        "modifierTier": 3,
        "unlockCategory": "VAULT_DISCOVERY",
        "craftingCost": [
          {
            "AMOUNT": 32,
            "ITEM": "the_vault:amplifying_focus",
            "NBT": "{}"
          },
          {
            "AMOUNT": 32,
            "ITEM": "the_vault:vault_gold",
            "NBT": "{}"
          }
        ]
      }
    ],
    "SUFFIX": [
      { "workbenchCraftIdentifier": "the_vault:crafted_durability_t0",
        "modifierIdentifier": "the_vault:crafted_durability",
        "modifierTier": 0,
        "unlockCategory": "LEVEL",
        "craftingCost": [
          {
            "AMOUNT": 2,
            "ITEM": "the_vault:amplifying_focus",
            "NBT": "{}"
          },
          {
            "AMOUNT": 2,
            "ITEM": "the_vault:vault_gold",
            "NBT": "{}"
          }
        ]
      },
      { "workbenchCraftIdentifier": "the_vault:crafted_durability_t1",
        "modifierIdentifier": "the_vault:crafted_durability",
        "modifierTier": 1,
        "unlockCategory": "LEVEL",
        "craftingCost": [
          {
            "AMOUNT": 4,
            "ITEM": "the_vault:amplifying_focus",
            "NBT": "{}"
          },
          {
            "AMOUNT": 4,
            "ITEM": "the_vault:vault_gold",
            "NBT": "{}"
          }
        ]
      },
      { "workbenchCraftIdentifier": "the_vault:crafted_durability_t2",
        "modifierIdentifier": "the_vault:crafted_durability",
        "modifierTier": 2,
        "unlockCategory": "LEVEL",
        "craftingCost": [
          {
            "AMOUNT": 8,
            "ITEM": "the_vault:amplifying_focus",
            "NBT": "{}"
          },
          {
            "AMOUNT": 8,
            "ITEM": "the_vault:vault_gold",
            "NBT": "{}"
          }
        ]
      },
      { "workbenchCraftIdentifier": "the_vault:crafted_durability_t3",
        "modifierIdentifier": "the_vault:crafted_durability",
        "modifierTier": 3,
        "unlockCategory": "LEVEL",
        "craftingCost": [
          {
            "AMOUNT": 12,
            "ITEM": "the_vault:amplifying_focus",
            "NBT": "{}"
          },
          {
            "AMOUNT": 12,
            "ITEM": "the_vault:vault_gold",
            "NBT": "{}"
          }
        ]
      },
      { "workbenchCraftIdentifier": "the_vault:crafted_durability_t4",
        "modifierIdentifier": "the_vault:crafted_durability",
        "modifierTier": 4,
        "unlockCategory": "VAULT_DISCOVERY",
        "craftingCost": [
          {
            "AMOUNT": 16,
            "ITEM": "the_vault:amplifying_focus",
            "NBT": "{}"
          },
          {
            "AMOUNT": 16,
            "ITEM": "the_vault:vault_gold",
            "NBT": "{}"
          }
        ]
      },


      { "workbenchCraftIdentifier": "the_vault:crafted_soulbound_t0",
        "modifierIdentifier": "the_vault:crafted_soulbound",
        "modifierTier": 0,
        "unlockCategory": "LEVEL",
        "craftingCost": [
          {
            "AMOUNT": 32,
            "ITEM": "the_vault:amplifying_focus",
            "NBT": "{}"
          },
          {
            "AMOUNT": 8,
            "ITEM": "the_vault:vault_gold",
            "NBT": "{}"
          }
        ]
      },
      { "workbenchCraftIdentifier": "the_vault:crafted_healing_cloud_t0",
        "modifierIdentifier": "the_vault:crafted_healing_cloud",
        "modifierTier": 0,
        "unlockCategory": "LEVEL",
        "craftingCost": [
          {
            "AMOUNT": 8,
            "ITEM": "the_vault:amplifying_focus",
            "NBT": "{}"
          },
          {
            "AMOUNT": 8,
            "ITEM": "the_vault:vault_gold",
            "NBT": "{}"
          }
        ]
      },
      { "workbenchCraftIdentifier": "the_vault:crafted_healing_cloud_t1",
        "modifierIdentifier": "the_vault:crafted_healing_cloud",
        "modifierTier": 1,
        "unlockCategory": "VAULT_DISCOVERY",
        "craftingCost": [
          {
            "AMOUNT": 24,
            "ITEM": "the_vault:amplifying_focus",
            "NBT": "{}"
          },
          {
            "AMOUNT": 24,
            "ITEM": "the_vault:vault_gold",
            "NBT": "{}"
          }
        ]
      },
      { "workbenchCraftIdentifier": "the_vault:crafted_healing_cloud_t2",
        "modifierIdentifier": "the_vault:crafted_healing_cloud",
        "modifierTier": 2,
        "unlockCategory": "VAULT_DISCOVERY",
        "craftingCost": [
          {
            "AMOUNT": 48,
            "ITEM": "the_vault:amplifying_focus",
            "NBT": "{}"
          },
          {
            "AMOUNT": 48,
            "ITEM": "the_vault:vault_gold",
            "NBT": "{}"
          }
        ]
      },
      { "workbenchCraftIdentifier": "the_vault:crafted_poison_cloud_t0",
        "modifierIdentifier": "the_vault:crafted_poison_cloud",
        "modifierTier": 0,
        "unlockCategory": "LEVEL",
        "craftingCost": [
          {
            "AMOUNT": 8,
            "ITEM": "the_vault:amplifying_focus",
            "NBT": "{}"
          },
          {
            "AMOUNT": 8,
            "ITEM": "the_vault:vault_gold",
            "NBT": "{}"
          }
        ]
      },
      { "workbenchCraftIdentifier": "the_vault:crafted_poison_cloud_t1",
        "modifierIdentifier": "the_vault:crafted_poison_cloud",
        "modifierTier": 1,
        "unlockCategory": "VAULT_DISCOVERY",
        "craftingCost": [
          {
            "AMOUNT": 24,
            "ITEM": "the_vault:amplifying_focus",
            "NBT": "{}"
          },
          {
            "AMOUNT": 24,
            "ITEM": "the_vault:vault_gold",
            "NBT": "{}"
          }
        ]
      },
      { "workbenchCraftIdentifier": "the_vault:crafted_poison_cloud_t2",
        "modifierIdentifier": "the_vault:crafted_poison_cloud",
        "modifierTier": 2,
        "unlockCategory": "VAULT_DISCOVERY",
        "craftingCost": [
          {
            "AMOUNT": 32,
            "ITEM": "the_vault:amplifying_focus",
            "NBT": "{}"
          },
          {
            "AMOUNT": 32,
            "ITEM": "the_vault:vault_gold",
            "NBT": "{}"
          }
        ]
      },

      { "workbenchCraftIdentifier": "the_vault:crafted_slowness_cloud_t0",
        "modifierIdentifier": "the_vault:crafted_slowness_cloud",
        "modifierTier": 0,
        "unlockCategory": "LEVEL",
        "craftingCost": [
          {
            "AMOUNT": 8,
            "ITEM": "the_vault:amplifying_focus",
            "NBT": "{}"
          },
          {
            "AMOUNT": 8,
            "ITEM": "the_vault:vault_gold",
            "NBT": "{}"
          }
        ]
      },
      { "workbenchCraftIdentifier": "the_vault:crafted_slowness_cloud_t1",
        "modifierIdentifier": "the_vault:crafted_slowness_cloud",
        "modifierTier": 1,
        "unlockCategory": "VAULT_DISCOVERY",
        "craftingCost": [
          {
            "AMOUNT": 24,
            "ITEM": "the_vault:amplifying_focus",
            "NBT": "{}"
          },
          {
            "AMOUNT": 24,
            "ITEM": "the_vault:vault_gold",
            "NBT": "{}"
          }
        ]
      },
      { "workbenchCraftIdentifier": "the_vault:crafted_slowness_cloud_t2",
        "modifierIdentifier": "the_vault:crafted_slowness_cloud",
        "modifierTier": 2,
        "unlockCategory": "VAULT_DISCOVERY",
        "craftingCost": [
          {
            "AMOUNT": 48,
            "ITEM": "the_vault:amplifying_focus",
            "NBT": "{}"
          },
          {
            "AMOUNT": 48,
            "ITEM": "the_vault:vault_gold",
            "NBT": "{}"
          }
        ]
      },
      { "workbenchCraftIdentifier": "the_vault:crafted_fear_cloud_t0",
        "modifierIdentifier": "the_vault:crafted_fear_cloud",
        "modifierTier": 0,
        "unlockCategory": "LEVEL",
        "craftingCost": [
          {
            "AMOUNT": 8,
            "ITEM": "the_vault:amplifying_focus",
            "NBT": "{}"
          },
          {
            "AMOUNT": 8,
            "ITEM": "the_vault:vault_gold",
            "NBT": "{}"
          }
        ]
      },
      { "workbenchCraftIdentifier": "the_vault:crafted_fear_cloud_t1",
        "modifierIdentifier": "the_vault:crafted_fear_cloud",
        "modifierTier": 1,
        "unlockCategory": "VAULT_DISCOVERY",
        "craftingCost": [
          {
            "AMOUNT": 24,
            "ITEM": "the_vault:amplifying_focus",
            "NBT": "{}"
          },
          {
            "AMOUNT": 24,
            "ITEM": "the_vault:vault_gold",
            "NBT": "{}"
          }
        ]
      },
      { "workbenchCraftIdentifier": "the_vault:crafted_fear_cloud_t2",
        "modifierIdentifier": "the_vault:crafted_fear_cloud",
        "modifierTier": 2,
        "unlockCategory": "VAULT_DISCOVERY",
        "craftingCost": [
          {
            "AMOUNT": 48,
            "ITEM": "the_vault:amplifying_focus",
            "NBT": "{}"
          },
          {
            "AMOUNT": 48,
            "ITEM": "the_vault:vault_gold",
            "NBT": "{}"
          }
        ]
      },

      { "workbenchCraftIdentifier": "the_vault:crafted_chill_cloud_t0",
        "modifierIdentifier": "the_vault:crafted_chilling_cloud",
        "modifierTier": 0,
        "unlockCategory": "LEVEL",
        "craftingCost": [
          {
            "AMOUNT": 8,
            "ITEM": "the_vault:amplifying_focus",
            "NBT": "{}"
          },
          {
            "AMOUNT": 8,
            "ITEM": "the_vault:vault_gold",
            "NBT": "{}"
          }
        ]
      },
      { "workbenchCraftIdentifier": "the_vault:crafted_chill_cloud_t1",
        "modifierIdentifier": "the_vault:crafted_chilling_cloud",
        "modifierTier": 1,
        "unlockCategory": "VAULT_DISCOVERY",
        "craftingCost": [
          {
            "AMOUNT": 24,
            "ITEM": "the_vault:amplifying_focus",
            "NBT": "{}"
          },
          {
            "AMOUNT": 24,
            "ITEM": "the_vault:vault_gold",
            "NBT": "{}"
          }
        ]
      },
      { "workbenchCraftIdentifier": "the_vault:crafted_chill_cloud_t2",
        "modifierIdentifier": "the_vault:crafted_chilling_cloud",
        "modifierTier": 2,
        "unlockCategory": "VAULT_DISCOVERY",
        "craftingCost": [
          {
            "AMOUNT": 48,
            "ITEM": "the_vault:amplifying_focus",
            "NBT": "{}"
          },
          {
            "AMOUNT": 48,
            "ITEM": "the_vault:vault_gold",
            "NBT": "{}"
          }
        ]
      },



      { "workbenchCraftIdentifier": "the_vault:crafted_attack_speed_percent_t0",
        "modifierIdentifier": "the_vault:crafted_attack_speed_percent",
        "modifierTier": 0,
        "unlockCategory": "LEVEL",
        "craftingCost": [
          {
            "AMOUNT": 4,
            "ITEM": "the_vault:amplifying_focus",
            "NBT": "{}"
          },
          {
            "AMOUNT": 4,
            "ITEM": "the_vault:vault_gold",
            "NBT": "{}"
          }
        ]
      },
      { "workbenchCraftIdentifier": "the_vault:crafted_attack_speed_percent_t1",
        "modifierIdentifier": "the_vault:crafted_attack_speed_percent",
        "modifierTier": 1,
        "unlockCategory": "LEVEL",
        "craftingCost": [
          {
            "AMOUNT": 8,
            "ITEM": "the_vault:amplifying_focus",
            "NBT": "{}"
          },
          {
            "AMOUNT": 8,
            "ITEM": "the_vault:vault_gold",
            "NBT": "{}"
          }
        ]
      },
      { "workbenchCraftIdentifier": "the_vault:crafted_attack_speed_percent_t2",
        "modifierIdentifier": "the_vault:crafted_attack_speed_percent",
        "modifierTier": 2,
        "unlockCategory": "VAULT_DISCOVERY",
        "craftingCost": [
          {
            "AMOUNT": 16,
            "ITEM": "the_vault:amplifying_focus",
            "NBT": "{}"
          },
          {
            "AMOUNT": 16,
            "ITEM": "the_vault:vault_gold",
            "NBT": "{}"
          }
        ]
      },
      { "workbenchCraftIdentifier": "the_vault:crafted_attack_speed_percent_t3",
        "modifierIdentifier": "the_vault:crafted_attack_speed_percent",
        "modifierTier": 3,
        "unlockCategory": "VAULT_DISCOVERY",
        "craftingCost": [
          {
            "AMOUNT": 32,
            "ITEM": "the_vault:amplifying_focus",
            "NBT": "{}"
          },
          {
            "AMOUNT": 32,
            "ITEM": "the_vault:vault_gold",
            "NBT": "{}"
          }
        ]
      },



      { "workbenchCraftIdentifier": "the_vault:crafted_attack_range_t0",
        "modifierIdentifier": "the_vault:crafted_attack_range",
        "modifierTier": 0,
        "unlockCategory": "LEVEL",
        "craftingCost": [
          {
            "AMOUNT": 4,
            "ITEM": "the_vault:amplifying_focus",
            "NBT": "{}"
          },
          {
            "AMOUNT": 4,
            "ITEM": "the_vault:vault_gold",
            "NBT": "{}"
          }
        ]
      },
      { "workbenchCraftIdentifier": "the_vault:crafted_attack_range_t1",
        "modifierIdentifier": "the_vault:crafted_attack_range",
        "modifierTier": 1,
        "unlockCategory": "LEVEL",
        "craftingCost": [
          {
            "AMOUNT": 8,
            "ITEM": "the_vault:amplifying_focus",
            "NBT": "{}"
          },
          {
            "AMOUNT": 8,
            "ITEM": "the_vault:vault_gold",
            "NBT": "{}"
          }
        ]
      },
      { "workbenchCraftIdentifier": "the_vault:crafted_attack_range_t2",
        "modifierIdentifier": "the_vault:crafted_attack_range",
        "modifierTier": 2,
        "unlockCategory": "VAULT_DISCOVERY",
        "craftingCost": [
          {
            "AMOUNT": 16,
            "ITEM": "the_vault:amplifying_focus",
            "NBT": "{}"
          },
          {
            "AMOUNT": 16,
            "ITEM": "the_vault:vault_gold",
            "NBT": "{}"
          }
        ]
      },
      { "workbenchCraftIdentifier": "the_vault:crafted_attack_range_t3",
        "modifierIdentifier": "the_vault:crafted_attack_range",
        "modifierTier": 3,
        "unlockCategory": "VAULT_DISCOVERY",
        "craftingCost": [
          {
            "AMOUNT": 32,
            "ITEM": "the_vault:amplifying_focus",
            "NBT": "{}"
          },
          {
            "AMOUNT": 32,
            "ITEM": "the_vault:vault_gold",
            "NBT": "{}"
          }
        ]
      },




      { "workbenchCraftIdentifier": "the_vault:crafted_on_hit_stun_t0",
        "modifierIdentifier": "the_vault:crafted_on_hit_stun",
        "modifierTier": 0,
        "unlockCategory": "LEVEL",
        "craftingCost": [
          {
            "AMOUNT": 4,
            "ITEM": "the_vault:amplifying_focus",
            "NBT": "{}"
          },
          {
            "AMOUNT": 4,
            "ITEM": "the_vault:vault_gold",
            "NBT": "{}"
          }
        ]
      },
      { "workbenchCraftIdentifier": "the_vault:crafted_on_hit_stun_t1",
        "modifierIdentifier": "the_vault:crafted_on_hit_stun",
        "modifierTier": 1,
        "unlockCategory": "LEVEL",
        "craftingCost": [
          {
            "AMOUNT": 8,
            "ITEM": "the_vault:amplifying_focus",
            "NBT": "{}"
          },
          {
            "AMOUNT": 8,
            "ITEM": "the_vault:vault_gold",
            "NBT": "{}"
          }
        ]
      },
      { "workbenchCraftIdentifier": "the_vault:crafted_on_hit_stun_t2",
        "modifierIdentifier": "the_vault:crafted_on_hit_stun",
        "modifierTier": 2,
        "unlockCategory": "VAULT_DISCOVERY",
        "craftingCost": [
          {
            "AMOUNT": 16,
            "ITEM": "the_vault:amplifying_focus",
            "NBT": "{}"
          },
          {
            "AMOUNT": 16,
            "ITEM": "the_vault:vault_gold",
            "NBT": "{}"
          }
        ]
      },
      { "workbenchCraftIdentifier": "the_vault:crafted_on_hit_stun_t3",
        "modifierIdentifier": "the_vault:crafted_on_hit_stun",
        "modifierTier": 3,
        "unlockCategory": "VAULT_DISCOVERY",
        "craftingCost": [
          {
            "AMOUNT": 24,
            "ITEM": "the_vault:amplifying_focus",
            "NBT": "{}"
          },
          {
            "AMOUNT": 24,
            "ITEM": "the_vault:vault_gold",
            "NBT": "{}"
          }
        ]
      },
      { "workbenchCraftIdentifier": "the_vault:crafted_on_hit_stun_t4",
        "modifierIdentifier": "the_vault:crafted_on_hit_stun",
        "modifierTier": 4,
        "unlockCategory": "VAULT_DISCOVERY",
        "craftingCost": [
          {
            "AMOUNT": 32,
            "ITEM": "the_vault:amplifying_focus",
            "NBT": "{}"
          },
          {
            "AMOUNT": 32,
            "ITEM": "the_vault:vault_gold",
            "NBT": "{}"
          }
        ]
      },


      { "workbenchCraftIdentifier": "the_vault:crafted_on_hit_shock_t0",
        "modifierIdentifier": "the_vault:crafted_on_hit_shock",
        "modifierTier": 0,
        "unlockCategory": "LEVEL",
        "craftingCost": [
          {
            "AMOUNT": 4,
            "ITEM": "the_vault:amplifying_focus",
            "NBT": "{}"
          },
          {
            "AMOUNT": 4,
            "ITEM": "the_vault:vault_gold",
            "NBT": "{}"
          }
        ]
      },
      { "workbenchCraftIdentifier": "the_vault:crafted_on_hit_shock_t1",
        "modifierIdentifier": "the_vault:crafted_on_hit_shock",
        "modifierTier": 1,
        "unlockCategory": "LEVEL",
        "craftingCost": [
          {
            "AMOUNT": 8,
            "ITEM": "the_vault:amplifying_focus",
            "NBT": "{}"
          },
          {
            "AMOUNT": 8,
            "ITEM": "the_vault:vault_gold",
            "NBT": "{}"
          }
        ]
      },
      { "workbenchCraftIdentifier": "the_vault:crafted_on_hit_shock_t2",
        "modifierIdentifier": "the_vault:crafted_on_hit_shock",
        "modifierTier": 2,
        "unlockCategory": "VAULT_DISCOVERY",
        "craftingCost": [
          {
            "AMOUNT": 16,
            "ITEM": "the_vault:amplifying_focus",
            "NBT": "{}"
          },
          {
            "AMOUNT": 16,
            "ITEM": "the_vault:vault_gold",
            "NBT": "{}"
          }
        ]
      },
      { "workbenchCraftIdentifier": "the_vault:crafted_on_hit_shock_t3",
        "modifierIdentifier": "the_vault:crafted_on_hit_shock",
        "modifierTier": 3,
        "unlockCategory": "VAULT_DISCOVERY",
        "craftingCost": [
          {
            "AMOUNT": 24,
            "ITEM": "the_vault:amplifying_focus",
            "NBT": "{}"
          },
          {
            "AMOUNT": 24,
            "ITEM": "the_vault:vault_gold",
            "NBT": "{}"
          }
        ]
      },
      { "workbenchCraftIdentifier": "the_vault:crafted_on_hit_shock_t4",
        "modifierIdentifier": "the_vault:crafted_on_hit_shock",
        "modifierTier": 4,
        "unlockCategory": "VAULT_DISCOVERY",
        "craftingCost": [
          {
            "AMOUNT": 32,
            "ITEM": "the_vault:amplifying_focus",
            "NBT": "{}"
          },
          {
            "AMOUNT": 32,
            "ITEM": "the_vault:vault_gold",
            "NBT": "{}"
          }
        ]
      },




      { "workbenchCraftIdentifier": "the_vault:crafted_sweeping_hit_chance_t0",
        "modifierIdentifier": "the_vault:crafted_sweeping_hit_chance",
        "modifierTier": 0,
        "unlockCategory": "LEVEL",
        "craftingCost": [
          {
            "AMOUNT": 8,
            "ITEM": "the_vault:amplifying_focus",
            "NBT": "{}"
          },
          {
            "AMOUNT": 8,
            "ITEM": "the_vault:vault_gold",
            "NBT": "{}"
          }
        ]
      },
      { "workbenchCraftIdentifier": "the_vault:crafted_sweeping_hit_chance_t1",
        "modifierIdentifier": "the_vault:crafted_sweeping_hit_chance",
        "modifierTier": 1,
        "unlockCategory": "VAULT_DISCOVERY",
        "craftingCost": [
          {
            "AMOUNT": 16,
            "ITEM": "the_vault:amplifying_focus",
            "NBT": "{}"
          },
          {
            "AMOUNT": 16,
            "ITEM": "the_vault:vault_gold",
            "NBT": "{}"
          }
        ]
      },
      { "workbenchCraftIdentifier": "the_vault:crafted_sweeping_hit_chance_t2",
        "modifierIdentifier": "the_vault:crafted_sweeping_hit_chance",
        "modifierTier": 2,
        "unlockCategory": "VAULT_DISCOVERY",
        "craftingCost": [
          {
            "AMOUNT": 32,
            "ITEM": "the_vault:amplifying_focus",
            "NBT": "{}"
          },
          {
            "AMOUNT": 32,
            "ITEM": "the_vault:vault_gold",
            "NBT": "{}"
          }
        ]
      },



      { "workbenchCraftIdentifier": "the_vault:crafted_lucky_hit_chance_t0",
        "modifierIdentifier": "the_vault:crafted_lucky_hit_chance",
        "modifierTier": 0,
        "unlockCategory": "LEVEL",
        "craftingCost": [
          {
            "AMOUNT": 4,
            "ITEM": "the_vault:amplifying_focus",
            "NBT": "{}"
          },
          {
            "AMOUNT": 4,
            "ITEM": "the_vault:vault_gold",
            "NBT": "{}"
          }
        ]
      },
      { "workbenchCraftIdentifier": "the_vault:crafted_lucky_hit_chance_t1",
        "modifierIdentifier": "the_vault:crafted_lucky_hit_chance",
        "modifierTier": 1,
        "unlockCategory": "LEVEL",
        "craftingCost": [
          {
            "AMOUNT": 12,
            "ITEM": "the_vault:amplifying_focus",
            "NBT": "{}"
          },
          {
            "AMOUNT": 12,
            "ITEM": "the_vault:vault_gold",
            "NBT": "{}"
          }
        ]
      },
      { "workbenchCraftIdentifier": "the_vault:crafted_lucky_hit_chance_t2",
        "modifierIdentifier": "the_vault:crafted_lucky_hit_chance",
        "modifierTier": 2,
        "unlockCategory": "VAULT_DISCOVERY",
        "craftingCost": [
          {
            "AMOUNT": 24,
            "ITEM": "the_vault:amplifying_focus",
            "NBT": "{}"
          },
          {
            "AMOUNT": 24,
            "ITEM": "the_vault:vault_gold",
            "NBT": "{}"
          }
        ]
      },
      { "workbenchCraftIdentifier": "the_vault:crafted_lucky_hit_chance_t3",
        "modifierIdentifier": "the_vault:crafted_lucky_hit_chance",
        "modifierTier": 3,
        "unlockCategory": "VAULT_DISCOVERY",
        "craftingCost": [
          {
            "AMOUNT": 32,
            "ITEM": "the_vault:amplifying_focus",
            "NBT": "{}"
          },
          {
            "AMOUNT": 32,
            "ITEM": "the_vault:vault_gold",
            "NBT": "{}"
          }
        ]
      }
    ]
  }
}