{
  "SKILL_GATES": {
    "entries": {
      "Regeneration": {
        "dependsOn": [],
        "lockedBy": [
          {
            "type": "constant",
            "id": "Vampirism"
          }
        ]
      },
      "Vampirism": {
        "dependsOn": [],
        "lockedBy": [
          {
            "type": "constant",
            "id": "Regeneration"
          }
        ]
      },
      "Parry": {
        "dependsOn": [],
        "lockedBy": []
      },
      "Resistance": {
        "dependsOn": [],
        "lockedBy": []
      },
      "Carapace": {
        "dependsOn": [
          {
            "type": "constant",
            "id": "Resistance"
          }
        ],
        "lockedBy": []
      },
      "Ninja": {
        "dependsOn": [
          {
            "type": "constant",
            "id": "Parry"
          }
        ],
        "lockedBy": []
      },
      "Fire_Resistance": {
        "dependsOn": [
          {
            "type": "constant",
            "id": "Water_Breathing"
          }
        ],
        "lockedBy": []
      },
      "Treasure_Hunter": {
        "dependsOn": [],
        "lockedBy": [
          {
            "type": "constant",
            "id": "Artisan"
          }
        ]
      },
      "Artisan": {
        "dependsOn": [],
        "lockedBy": []
      },
      "Careless": {
        "lockedBy": [],
        "dependsOn": []
      },
      "Angel": {
        "lockedBy": [],
        "dependsOn": []
      },
      "Fatal_Strike_Chance": {
        "lockedBy": [
          {
            "type": "constant",
            "id": "Fatal_Strike_Damage"
          }
        ],
        "dependsOn": []
      },
      "Fatal_Strike_Damage": {
        "lockedBy": [
          {
            "type": "constant",
            "id": "Fatal_Strike_Chance"
          }
        ],
        "dependsOn": []
      },
      "Thorns_Damage": {
        "lockedBy": [
          {
            "type": "constant",
            "id": "Thorns_Chance"
          }
        ],
        "dependsOn": []
      },
      "Thorns_Chance": {
        "lockedBy": [
          {
            "type": "constant",
            "id": "Thorns_Damage"
          }
        ],
        "dependsOn": []
      },
      "Last_Stand": {
        "lockedBy": [
          {
            "type": "constant",
            "id": "Berserking"
          }
        ],
        "dependsOn": []
      },
      "Berserking": {
        "lockedBy": [
          {
            "type": "constant",
            "id": "Last_Stand"
          }
        ],
        "dependsOn": []
      },
      "Nucleus": {
        "lockedBy": [
          {
            "type": "constant",
            "id": "Daze"
          }
        ],
        "dependsOn": []
      },
      "Daze": {
        "lockedBy": [
          {
            "type": "constant",
            "id": "Nucleus"
          }
        ],
        "dependsOn": []
      },
      "Weakness_Affinity": {
        "lockedBy": [
          {
            "type": "constant",
            "id": "Slowness_Affinity"
          },
          {
            "type": "constant",
            "id": "Wither_Affinity"
          }
        ],
        "dependsOn": []
      },
      "Slowness_Affinity": {
        "lockedBy": [
          {
            "type": "constant",
            "id": "Weakness_Affinity"
          },
          {
            "type": "constant",
            "id": "Wither_Affinity"
          }
        ],
        "dependsOn": []
      },
      "Wither_Affinity": {
        "lockedBy": [
          {
            "type": "constant",
            "id": "Slowness_Affinity"
          },
          {
            "type": "constant",
            "id": "Weakness_Affinity"
          }
        ],
        "dependsOn": []
      },
      "Mekanism Generators": {
        "dependsOn": [
          {
            "type": "constant",
            "id": "Mekanism"
          }
        ],
        "ignoreArrow": true,
        "lockedBy": []
      },
      "Digital Miner": {
        "dependsOn": [
          {
            "type": "constant",
            "id": "Mekanism"
          }
        ],
        "ignoreArrow": true,
        "lockedBy": []
      },
      "Mekanism QIO": {
        "dependsOn": [
          {
            "type": "constant",
            "id": "Mekanism"
          }
        ],
        "ignoreArrow": true,
        "lockedBy": []
      },
      "Applied Botanics": {
        "dependsOn": [
          {
            "type": "constant",
            "id": "Applied Energistics"
          },
          {
            "type": "constant",
            "id": "Botania"
          }
        ],
        "ignoreArrow": true,
        "lockedBy": []
      },
      "Applied Mekanistics": {
        "dependsOn": [
          {
            "type": "constant",
            "id": "Applied Energistics"
          },
          {
            "type": "constant",
            "id": "Mekanism"
          }
        ],
        "ignoreArrow": true,
        "lockedBy": []
      },
      "Botanical Machinery": {
        "dependsOn": [
          {
            "type": "constant",
            "id": "Botania"
          }
        ],
        "ignoreArrow": true,
        "lockedBy": []
      },
      "Mystical Agriculture": {
        "dependsOn": [
          {
            "type": "constant",
            "id": "Botania"
          },
          {
            "type": "constant",
            "id": "Bonsai Pots"
          },
          {
            "type": "constant",
            "id": "Botany Pots"
          },
          {
            "type": "constant",
            "id": "Botanical Machinery"
          },
          {
            "type": "constant",
            "id": "Botania Flux Field"
          }
        ],
        "ignoreArrow": true,
        "lockedBy": []
      },
      "QuarryPlus": {
        "dependsOn": [
          {
            "type": "constant",
            "id": "Iron Furnaces"
          },
          {
            "type": "constant",
            "id": "Mekanism"
          },
          {
            "type": "constant",
            "id": "Digital Miner"
          },
          {
            "type": "constant",
            "id": "Create Ore Excavation"
          },
          {
            "type": "constant",
            "id": "Mining Gadgets"
          }
        ],
        "ignoreArrow": true,
        "lockedBy": []
      },
      "Create Ore Excavation": {
        "dependsOn": [
          {
            "type": "constant",
            "id": "Create"
          }
        ],
        "ignoreArrow": true,
        "lockedBy": []
      },
      "Create Diesel Generators": {
        "dependsOn": [
          {
            "type": "constant",
            "id": "Create"
          },
          {
            "type": "constant",
            "id": "Create Crafts and Additions"
          }
        ],
        "ignoreArrow": true,
        "lockedBy": []
      },
      "Create Mechanical Extruder": {
        "dependsOn": [
          {
            "type": "constant",
            "id": "Create"
          }
        ],
        "ignoreArrow": true,
        "lockedBy": []
      },
      "Create Crafts and Additions": {
        "dependsOn": [
          {
            "type": "constant",
            "id": "Create"
          }
        ],
        "ignoreArrow": true,
        "lockedBy": []
      },
      "Extra Storage": {
        "dependsOn": [
          {
            "type": "constant",
            "id": "Refined Storage"
          }
        ],
        "ignoreArrow": true,
        "lockedBy": []
      },
      "Mega Cells": {
        "dependsOn": [
          {
            "type": "constant",
            "id": "Applied Energistics"
          },
          {
            "type": "constant",
            "id": "Mekanism"
          }
        ],
        "ignoreArrow": true,
        "lockedBy": []
      },
      "Thermal Dynamos": {
        "dependsOn": [
          {
            "type": "constant",
            "id": "Thermal Expansion"
          }
        ],
        "ignoreArrow": true,
        "lockedBy": []
      },
      "Phytogenic Insulator": {
        "dependsOn": [
          {
            "type": "constant",
            "id": "Thermal Expansion"
          }
        ],
        "ignoreArrow": true,
        "lockedBy": []
      },
      "Belts": {
        "dependsOn": [
          {
            "type": "constant",
            "id": "Double Pouches"
          }
        ],
        "ignoreArrow": true,
        "lockedBy": []
      },
      "Double Pouches": {
        "dependsOn": [],
        "ignoreArrow": true,
        "lockedBy": []
      },
      "Backpacks": {
        "dependsOn": [
          {
            "type": "constant",
            "id": "Belts"
          }
        ],
        "ignoreArrow": true,
        "lockedBy": []
      },
      "Big Backpacks": {
        "dependsOn": [
          {
            "type": "constant",
            "id": "Backpacks"
          }
        ],
        "ignoreArrow": true,
        "lockedBy": []
      },
      "Botania Flux Field": {
        "dependsOn": [
          {
            "type": "constant",
            "id": "Botania"
          }
        ],
        "ignoreArrow": true,
        "lockedBy": []
      },
      "Mixtures": {
        "dependsOn": [
          {
            "type": "constant",
            "id": "Potions"
          }
        ],
        "ignoreArrow": true,
        "lockedBy": []
      },
      "Brews": {
        "dependsOn": [
          {
            "type": "constant",
            "id": "Mixtures"
          }
        ],
        "ignoreArrow": true,
        "lockedBy": []
      },
      "Automatic Genius": {
        "dependsOn": [
          {
            "type": "constant",
            "id": "Integrated Dynamics"
          },
          {
            "type": "constant",
            "id": "Refined Storage"
          },
          {
            "type": "constant",
            "id": "Applied Energistics"
          },
          {
            "type": "constant",
            "id": "Botania"
          },
          {
            "type": "constant",
            "id": "Mekanism"
          },
          {
            "type": "constant",
            "id": "Create"
          },
          {
            "type": "constant",
            "id": "Extra Storage"
          },
          {
            "type": "constant",
            "id": "Mega Cells"
          },
          {
            "type": "constant",
            "id": "RFTools Utility"
          }
        ],
        "ignoreArrow": true,
        "lockedBy": []
      },
      "Altar Automation": {
        "dependsOn": [
          {
            "type": "either",
            "gates": [
              {
                "type": "constant",
                "id": "Refined Storage"
              },
              {
                "type": "constant",
                "id": "Applied Energistics"
              }
            ]
          }
        ],
        "ignoreArrow": true,
        "lockedBy": []
      },
      "Methodical": {
        "lockedBy": [
          {
            "type": "constant",
            "id": "Depleted"
          }
        ],
        "dependsOn": []
      },
      "Depleted": {
        "lockedBy": [
          {
            "type": "constant",
            "id": "Methodical"
          }
        ],
        "dependsOn": []
      },
      "Blizzard": {
        "lockedBy": [
          {
            "type": "constant",
            "id": "Frostbite"
          }
        ],
        "dependsOn": []
      },
      "Frostbite": {
        "lockedBy": [
          {
            "type": "constant",
            "id": "Blizzard"
          }
        ],
        "dependsOn": []
      },
      "Blight": {
        "lockedBy": [
          {
            "type": "constant",
            "id": "Toxic_Reaction"
          }
        ],
        "dependsOn": []
      },
      "Toxic_Reaction": {
        "lockedBy": [
          {
            "type": "constant",
            "id": "Blight"
          }
        ],
        "dependsOn": []
      }
    }
  }
}