{
  "spawnerGroups": [
    {
      "minLevel": 0,
      "blockCheckRadius": 25,
      "entities": [
        {
          "value": {
            "type": "the_vault:vault_fighter"
          },
          "weight": 2
        }
      ]
    },
    {
      "minLevel": 25,
      "blockCheckRadius": 25,
      "entities": [
        {
          "value": {
            "type": "the_vault:vault_fighter"
          },
          "weight": 2
        },
        {
          "value": {
            "type": "the_vault:vault_fighter_1"
          },
          "weight": 1
        }
      ]
    },
    {
      "minLevel": 50,
      "blockCheckRadius": 25,
      "entities": [
        {
          "value": {
            "type": "the_vault:vault_fighter_1"
          },
          "weight": 2
        },
        {
          "value": {
            "type": "the_vault:vault_fighter_2"
          },
          "weight": 1
        }
      ]
    },
    {
      "minLevel": 200,
      "blockCheckRadius": 25,
      "entities": [
        {
          "value": {
            "type": "quark:wraith"
          },
          "weight": 2
        }
      ]
    }
  ]
}