{
  "type": "minecraft:iron_golem",
  "subtypes": [],
  "name": "entity.minecraft.iron_golem",
  "name_color": "0xCFB198",
  "gui_scale": 1.0,
  "gui_x_offset": 0.0,
  "gui_y_offset": 0.0,
  "gui_z_offset": 0.0,
  "sim_cost": 1024,
  "input": {
    "item": "hostilenetworks:empty_prediction",
    "count": 1
  },
  "base_drop": {
    "item": "hostilenetworks:overworld_prediction",
    "count": 1
  },
  "trivia": "hostilenetworks.trivia.iron_golem",
  "fabricator_drops": [
    {
      "item": "minecraft:iron_ingot",
      "count": 32
    },
    {
      "item": "minecraft:poppy",
      "count": 24
    }
  ]
}