{
  "display": {
    "icon": {
      "item": "woldsvaults:chiseling_focus"
    },
    "title": {
      "text": "Chiseled Perfection"
    },
    "description": {
      "text": "Craft a Chiseling Focus to remove specific modifiers from your Vault Tool."
    },
    "frame": "task",
    "show_toast": true,
    "announce_to_chat": true,
    "hidden": false
  },
  "criteria": {
    "diamond": {
      "trigger": "minecraft:inventory_changed",
      "conditions": {
        "items": [
          {
            "items": [
              "woldsvaults:chiseling_focus"
            ]
          }
        ]
      }
    }
  },
  "requirements": [
    [
      "diamond"
    ]
  ]
}