[
  {
    "weight": 1,
    "value": {
      "template": "the_vault:empty",
      "palettes": []
    }
  },
  {
    "weight": 1,
    "pool": [
      {
        "weight": 1,
        "value": {
          "template": "the_vault:vault/decor/raw/quarry/d1",
          "palettes": []
        }
      },
      {
        "weight": 1,
        "value": {
          "template": "the_vault:vault/decor/raw/quarry/d2",
          "palettes": []
        }
      },
      {
        "weight": 1,
        "value": {
          "template": "the_vault:vault/decor/raw/quarry/d3",
          "palettes": []
        }
      },
      {
        "weight": 1,
        "value": {
          "template": "the_vault:vault/decor/raw/quarry/d4",
          "palettes": []
        }
      }
    ]
  }
]