{
    "parent": "izzy_vault:objectives/light_brazier",
    "display": {
      "icon": {
        "item": "the_vault:vault_crate_monolith"
      },
      "title": {"text": "Blazing Loot"},
      "description": ["",{"text": "Probably can be used as firewood","italic": true},{"text": "\nOpen an Brazier Crate after Completing an Brazier Vault"}],
      "frame": "challenge",
      "hidden": true
    },
    "criteria": {
      "monolith_place": {
        "trigger": "minecraft:placed_block",
        "conditions": {
          "block": "the_vault:vault_crate_monolith"
        }
      },
      "monolith_touch": {
        "trigger": "minecraft:item_used_on_block",
        "conditions": {
          "location": {
            "block": {
              "blocks": [
                "the_vault:monolith"
              ]
            }
          }
        }
      }
    },
    "requirements": [
        ["monolith_place"],
        ["monolith_touch"]
    ]
  }