[
  {
    "weight": 2,
    "value": {
      "template": "the_vault:empty",
      "palettes": []
    }
  },
  {
    "weight": 1,
    "pool": [
      {
        "weight": 1,
        "value": {
          "template": "the_vault:vault/decor/painting/brush1",
          "palettes": [
            "the_vault:painting/lime"
          ]
        }
      },
      {
        "weight": 1,
        "value": {
          "template": "the_vault:vault/decor/painting/brush1",
          "palettes": [
            "the_vault:painting/magenta"
          ]
        }
      },
      {
        "weight": 1,
        "value": {
          "template": "the_vault:vault/decor/painting/brush1",
          "palettes": [
            "the_vault:painting/orange"
          ]
        }
      },
      {
        "weight": 1,
        "value": {
          "template": "the_vault:vault/decor/painting/brush1",
          "palettes": [
            "the_vault:painting/red"            
          ]
        }
      },
      {
        "weight": 1,
        "value": {
          "template": "the_vault:vault/decor/painting/brush1",
          "palettes": [
            "the_vault:painting/yellow"
          ]
        }
      }
    ]
  }
]