{
  "tile_processors": [
    {
      "type": "weighted_target",
      "target": "minecraft:sand",
      "output": {
        "minecraft:yellow_concrete_powder": 1
      }
    },
    {
      "type": "weighted_target",
      "target": "auxiliaryblocks:cobbled_sandstone",
      "output": {
        "the_vault:wendarr_brick_chiseled": 1
      }
    },
    {
      "type": "weighted_target",
      "target": "auxiliaryblocks:dirty_sand",
      "output": {
        "minecraft:yellow_concrete_powder": 1
      }
    },
    {
      "type": "weighted_target",
      "target": "everycomp:ap/ecologics/coconut_boards",
      "output": {
        "the_vault:wendarr_brick_chiseled": 1
      }
    },
    {
      "type": "weighted_target",
      "target": "minecraft:sandstone",
      "output": {
        "the_vault:wendarr_light_smooth_brick": 1
      }
    },
    {
      "type": "weighted_target",
      "target": "minecraft:smooth_sandstone",
      "output": {
        "the_vault:wendarr_light_smooth_brick": 1
      }
    },
    {
      "type": "weighted_target",
      "target": "minecraft:sandstone_wall",
      "output": {
        "create:cut_ochrum_brick_wall": 1
      }
    },
    {
      "type": "weighted_target",
      "target": "minecraft:red_carpet",
      "output": {
        "minecraft:red_carpet": 1
      }
    },
    {
      "type": "weighted_target",
      "target": "minecraft:stripped_spruce_log",
      "output": {
        "everycomp:db/twigs/bamboo_beam": 1
      }
    },
    {
      "type": "weighted_target",
      "target": "minecraft:stripped_spruce_wood",
      "output": {
        "twigs:stripped_bundled_bamboo": 1
      }
    },
    {
      "type": "weighted_target",
      "target": "minecraft:spruce_planks",
      "output": {
        "twigs:stripped_bamboo_planks": 1
      }
    },
    {
      "type": "weighted_target",
      "target": "minecraft:spruce_slab",
      "output": {
        "twigs:stripped_bamboo_slab": 1
      }
    },
    {
      "type": "weighted_target",
      "target": "minecraft:spruce_stairs",
      "output": {
        "twigs:stripped_bamboo_stairs": 1
      }
    },
    {
      "type": "weighted_target",
      "target": "minecraft:spruce_fence",
      "output": {
        "twigs:stripped_bamboo_fence": 1
      }
    },
    {
      "type": "weighted_target",
      "target": "quark:spruce_vertical_slab",
      "output": {
        "twigs:stripped_bamboo_planks_vertical_slab": 1
      }
    },
    {
      "type": "weighted_target",
      "target": "decorative_blocks:spruce_beam",
      "output": {
        "everycomp:db/twigs/bamboo_beam": 1
      }
    },
    {
      "type": "weighted_target",
      "target": "architects_palette:spruce_boards",
      "output": {
        "everycomp:ap/twigs/bamboo_boards": 1
      }
    },
    {
      "type": "weighted_target",
      "target": "architects_palette:spruce_railing",
      "output": {
        "everycomp:ap/twigs/bamboo_railing": 1
      }
    },
    {
      "type": "weighted_target",
      "target": "cfm:stripped_spruce_upgraded_fence",
      "output": {
        "cfm:stripped_birch_upgraded_fence": 1
      }
    },
    {
      "type": "weighted_target",
      "target": "mcwlights:spruce_tiki_torch",
      "output": {
        "everycomp:mcl/the_vault/soul_wooden_tiki_torch": 1
      }
    },
    {
      "type": "weighted_target",
      "target": "mcwwindows:spruce_plank_parapet",
      "output": {
        "everycomp:mcw/twigs/bamboo_plank_parapet": 1
      }
    },
    {
      "type": "weighted_target",
      "target": "minecraft:oak_slab",
      "output": {
        "botania:dreamwood_planks_slab": 1
      }
    },
    {
      "type": "weighted_target",
      "target": "minecraft:oak_stairs",
      "output": {
        "botania:dreamwood_planks_stairs": 1
      }
    },
    {
      "type": "weighted_target",
      "target": "minecraft:oak_trapdoor",
      "output": {
        "everycomp:mct/botania/dreamwood_classic_trapdoor": 1
      }
    },
    {
        "type": "reference",
        "id": "the_vault:gate_lock/base"
    }
  ],
  "entity_processors": [],
  "decorators": []
}