{
	"credit": "Made with Blockbench",
	"texture_size": [64, 64],
	"textures": {
		"0": "the_vault:block/monolith_side",
		"particle": "the_vault:block/monolith_side"
	},
	"elements": [
		{
			"from": [3, 2, 3],
			"to": [5, 10, 5],
			"faces": {
				"north": {"uv": [2.75, 1.5, 3.25, 3.5], "texture": "#0"},
				"east": {"uv": [2.75, 1.5, 3.25, 3.5], "texture": "#0"},
				"south": {"uv": [2.75, 1.5, 3.25, 3.5], "texture": "#0"},
				"west": {"uv": [0.75, 1.5, 1.25, 3.5], "texture": "#0"},
				"up": {"uv": [6.75, 2.75, 7.25, 3.25], "texture": "#0"},
				"down": {"uv": [6.75, 2.75, 7.25, 3.25], "texture": "#0"}
			}
		},
		{
			"from": [11, 2, 3],
			"to": [13, 10, 5],
			"faces": {
				"north": {"uv": [0.75, 1.5, 1.25, 3.5], "texture": "#0"},
				"east": {"uv": [2.75, 1.5, 3.25, 3.5], "texture": "#0"},
				"south": {"uv": [2.75, 1.5, 3.25, 3.5], "texture": "#0"},
				"west": {"uv": [2.75, 1.5, 3.25, 3.5], "texture": "#0"},
				"up": {"uv": [4.75, 2.75, 5.25, 3.25], "texture": "#0"},
				"down": {"uv": [4.75, 2.75, 5.25, 3.25], "texture": "#0"}
			}
		},
		{
			"from": [3, 2, 11],
			"to": [5, 10, 13],
			"faces": {
				"north": {"uv": [2.75, 1.5, 3.25, 3.5], "texture": "#0"},
				"east": {"uv": [2.75, 1.5, 3.25, 3.5], "texture": "#0"},
				"south": {"uv": [0.75, 1.5, 1.25, 3.5], "texture": "#0"},
				"west": {"uv": [2.75, 1.5, 3.25, 3.5], "texture": "#0"},
				"up": {"uv": [6.75, 0.75, 7.25, 1.25], "texture": "#0"},
				"down": {"uv": [6.75, 0.75, 7.25, 1.25], "texture": "#0"}
			}
		},
		{
			"from": [11, 2, 11],
			"to": [13, 10, 13],
			"faces": {
				"north": {"uv": [2.75, 1.5, 3.25, 3.5], "texture": "#0"},
				"east": {"uv": [0.75, 1.5, 1.25, 3.5], "texture": "#0"},
				"south": {"uv": [2.75, 1.5, 3.25, 3.5], "texture": "#0"},
				"west": {"uv": [2.75, 1.5, 3.25, 3.5], "texture": "#0"},
				"up": {"uv": [4.75, 0.75, 5.25, 1.25], "texture": "#0"},
				"down": {"uv": [4.75, 0.75, 5.25, 1.25], "texture": "#0"}
			}
		},
		{
			"from": [5, 5, 3],
			"to": [11, 7, 5],
			"faces": {
				"north": {"uv": [1.25, 2.25, 2.75, 2.75], "texture": "#0"},
				"east": {"uv": [2.75, 2.25, 3.25, 2.75], "texture": "#0"},
				"south": {"uv": [1.25, 2.25, 2.75, 2.75], "texture": "#0"},
				"west": {"uv": [0.75, 2.25, 1.25, 2.75], "texture": "#0"},
				"up": {"uv": [5.25, 2.75, 6.75, 3.25], "texture": "#0"},
				"down": {"uv": [1.25, 2.25, 2.75, 2.75], "texture": "#0"}
			}
		},
		{
			"from": [5, 5, 11],
			"to": [11, 7, 13],
			"faces": {
				"north": {"uv": [1.25, 2.25, 2.75, 2.75], "texture": "#0"},
				"east": {"uv": [2.75, 2.25, 3.25, 2.75], "texture": "#0"},
				"south": {"uv": [1.25, 2.25, 2.75, 2.75], "texture": "#0"},
				"west": {"uv": [0.75, 2.25, 1.25, 2.75], "texture": "#0"},
				"up": {"uv": [5.25, 0.75, 6.75, 1.25], "texture": "#0"},
				"down": {"uv": [1.25, 2.25, 2.75, 2.75], "texture": "#0"}
			}
		},
		{
			"from": [3, 5, 5],
			"to": [5, 7, 11],
			"faces": {
				"north": {"uv": [0.75, 2.25, 1.25, 2.75], "texture": "#0"},
				"east": {"uv": [1.25, 2.25, 2.75, 2.75], "texture": "#0"},
				"south": {"uv": [2.75, 2.25, 3.25, 2.75], "texture": "#0"},
				"west": {"uv": [1.25, 2.25, 2.75, 2.75], "texture": "#0"},
				"up": {"uv": [6.75, 1.25, 7.25, 2.75], "texture": "#0"},
				"down": {"uv": [1.25, 2.25, 2.75, 2.75], "rotation": 90, "texture": "#0"}
			}
		},
		{
			"from": [3, 8, 5],
			"to": [5, 10, 11],
			"faces": {
				"north": {"uv": [0.75, 1.5, 1.25, 2], "texture": "#0"},
				"east": {"uv": [1.25, 1.5, 2.75, 2], "texture": "#0"},
				"south": {"uv": [2.75, 1.5, 3.25, 2], "texture": "#0"},
				"west": {"uv": [1.25, 1.5, 2.75, 2], "texture": "#0"},
				"up": {"uv": [6.75, 1.25, 7.25, 2.75], "texture": "#0"},
				"down": {"uv": [1.25, 1.5, 2.75, 2], "rotation": 90, "texture": "#0"}
			}
		},
		{
			"from": [11, 5, 5],
			"to": [13, 7, 11],
			"faces": {
				"north": {"uv": [0.75, 2.25, 1.25, 2.75], "texture": "#0"},
				"east": {"uv": [1.25, 2.25, 2.75, 2.75], "texture": "#0"},
				"south": {"uv": [2.75, 2.25, 3.25, 2.75], "texture": "#0"},
				"west": {"uv": [1.25, 2.25, 2.75, 2.75], "texture": "#0"},
				"up": {"uv": [4.75, 1.25, 5.25, 2.75], "texture": "#0"},
				"down": {"uv": [1.25, 2.25, 2.75, 2.75], "rotation": 90, "texture": "#0"}
			}
		},
		{
			"from": [11, 8, 5],
			"to": [13, 10, 11],
			"faces": {
				"north": {"uv": [0.75, 1.5, 1.25, 2], "texture": "#0"},
				"east": {"uv": [1.25, 1.5, 2.75, 2], "texture": "#0"},
				"south": {"uv": [2.75, 1.5, 3.25, 2], "texture": "#0"},
				"west": {"uv": [1.25, 1.5, 2.75, 2], "texture": "#0"},
				"up": {"uv": [4.75, 1.25, 5.25, 2.75], "texture": "#0"},
				"down": {"uv": [1.25, 1.5, 2.75, 2], "rotation": 90, "texture": "#0"}
			}
		},
		{
			"from": [5, 8, 3],
			"to": [11, 10, 5],
			"faces": {
				"north": {"uv": [1.25, 1.5, 2.75, 2], "texture": "#0"},
				"east": {"uv": [2.75, 1.5, 3.25, 2], "texture": "#0"},
				"south": {"uv": [1.25, 1.5, 2.75, 2], "texture": "#0"},
				"west": {"uv": [0.75, 1.5, 1.25, 2], "texture": "#0"},
				"up": {"uv": [5.25, 2.75, 6.75, 3.25], "texture": "#0"},
				"down": {"uv": [1.25, 1.5, 2.75, 2], "texture": "#0"}
			}
		},
		{
			"from": [5, 8, 11],
			"to": [11, 10, 13],
			"faces": {
				"north": {"uv": [1.25, 1.5, 2.75, 2], "texture": "#0"},
				"east": {"uv": [2.75, 1.5, 3.25, 2], "texture": "#0"},
				"south": {"uv": [1.25, 1.5, 2.75, 2], "texture": "#0"},
				"west": {"uv": [0.75, 1.5, 1.25, 2], "texture": "#0"},
				"up": {"uv": [5.25, 0.75, 6.75, 1.25], "texture": "#0"},
				"down": {"uv": [1.25, 1.5, 2.75, 2], "texture": "#0"}
			}
		},
		{
			"from": [4, 8, 4],
			"to": [6, 16, 6],
			"faces": {
				"north": {"uv": [2.5, 0, 3, 2], "texture": "#0"},
				"east": {"uv": [2.5, 0, 3, 2], "texture": "#0"},
				"south": {"uv": [2.5, 0, 3, 2], "texture": "#0"},
				"west": {"uv": [1, 0, 1.5, 2], "texture": "#0"},
				"up": {"uv": [6.5, 2.5, 7, 3], "texture": "#0"},
				"down": {"uv": [6.5, 2.5, 7, 3], "texture": "#0"}
			}
		},
		{
			"from": [10, 8, 4],
			"to": [12, 16, 6],
			"faces": {
				"north": {"uv": [1, 0, 1.5, 2], "texture": "#0"},
				"east": {"uv": [2.5, 0, 3, 2], "texture": "#0"},
				"south": {"uv": [2.5, 0, 3, 2], "texture": "#0"},
				"west": {"uv": [2.5, 0, 3, 2], "texture": "#0"},
				"up": {"uv": [5, 2.5, 5.5, 3], "texture": "#0"},
				"down": {"uv": [5, 2.5, 5.5, 3], "texture": "#0"}
			}
		},
		{
			"from": [4, 8, 10],
			"to": [6, 16, 12],
			"faces": {
				"north": {"uv": [2.5, 0, 3, 2], "texture": "#0"},
				"east": {"uv": [2.5, 0, 3, 2], "texture": "#0"},
				"south": {"uv": [1, 0, 1.5, 2], "texture": "#0"},
				"west": {"uv": [2.5, 0, 3, 2], "texture": "#0"},
				"up": {"uv": [6.5, 1, 7, 1.5], "texture": "#0"},
				"down": {"uv": [6.5, 1, 7, 1.5], "texture": "#0"}
			}
		},
		{
			"from": [10, 8, 10],
			"to": [12, 16, 12],
			"faces": {
				"north": {"uv": [2.5, 0, 3, 2], "texture": "#0"},
				"east": {"uv": [1, 0, 1.5, 2], "texture": "#0"},
				"south": {"uv": [2.5, 0, 3, 2], "texture": "#0"},
				"west": {"uv": [2.5, 0, 3, 2], "texture": "#0"},
				"up": {"uv": [5, 1, 5.5, 1.5], "texture": "#0"},
				"down": {"uv": [5, 1, 5.5, 1.5], "texture": "#0"}
			}
		},
		{
			"from": [6, 11, 4],
			"to": [10, 13, 6],
			"faces": {
				"north": {"uv": [1.5, 0.75, 2.5, 1.25], "texture": "#0"},
				"east": {"uv": [2.5, 0.75, 3, 1.25], "texture": "#0"},
				"south": {"uv": [1.5, 0.75, 2.5, 1.25], "texture": "#0"},
				"west": {"uv": [1, 0.75, 1.5, 1.25], "texture": "#0"},
				"up": {"uv": [5.5, 2.5, 6.5, 3], "texture": "#0"},
				"down": {"uv": [1.5, 0.75, 2.5, 1.25], "texture": "#0"}
			}
		},
		{
			"from": [6, 11, 10],
			"to": [10, 13, 12],
			"faces": {
				"north": {"uv": [1.5, 0.75, 2.5, 1.25], "texture": "#0"},
				"east": {"uv": [2.5, 0.75, 3, 1.25], "texture": "#0"},
				"south": {"uv": [1.5, 0.75, 2.5, 1.25], "texture": "#0"},
				"west": {"uv": [1, 0.75, 1.5, 1.25], "texture": "#0"},
				"up": {"uv": [5.5, 1, 6.5, 1.5], "texture": "#0"},
				"down": {"uv": [1.5, 0.75, 2.5, 1.25], "texture": "#0"}
			}
		},
		{
			"from": [4, 14, 6],
			"to": [6, 16, 10],
			"faces": {
				"north": {"uv": [1, 0, 1.5, 0.5], "texture": "#0"},
				"east": {"uv": [1.5, 0, 2.5, 0.5], "texture": "#0"},
				"south": {"uv": [2.5, 0, 3, 0.5], "texture": "#0"},
				"west": {"uv": [1.5, 0, 2.5, 0.5], "texture": "#0"},
				"up": {"uv": [6.5, 1.5, 7, 2.5], "texture": "#0"},
				"down": {"uv": [1.5, 0, 2.5, 0.5], "rotation": 90, "texture": "#0"}
			}
		},
		{
			"from": [4, 11, 6],
			"to": [6, 13, 10],
			"faces": {
				"north": {"uv": [1, 0.75, 1.5, 1.25], "texture": "#0"},
				"east": {"uv": [1.5, 0.75, 2.5, 1.25], "texture": "#0"},
				"south": {"uv": [2.5, 0.75, 3, 1.25], "texture": "#0"},
				"west": {"uv": [1.5, 0.75, 2.5, 1.25], "texture": "#0"},
				"up": {"uv": [6.5, 1.5, 7, 2.5], "texture": "#0"},
				"down": {"uv": [1.5, 0.75, 2.5, 1.25], "rotation": 90, "texture": "#0"}
			}
		},
		{
			"from": [10, 11, 6],
			"to": [12, 13, 10],
			"faces": {
				"north": {"uv": [1, 0.75, 1.5, 1.25], "texture": "#0"},
				"east": {"uv": [1.5, 0.75, 2.5, 1.25], "texture": "#0"},
				"south": {"uv": [2.5, 0.75, 3, 1.25], "texture": "#0"},
				"west": {"uv": [1.5, 0.75, 2.5, 1.25], "texture": "#0"},
				"up": {"uv": [5, 1.5, 5.5, 2.5], "texture": "#0"},
				"down": {"uv": [1.5, 0.75, 2.5, 1.25], "rotation": 90, "texture": "#0"}
			}
		},
		{
			"from": [10, 14, 6],
			"to": [12, 16, 10],
			"faces": {
				"north": {"uv": [1, 0, 1.5, 0.5], "texture": "#0"},
				"east": {"uv": [1.5, 0, 2.5, 0.5], "texture": "#0"},
				"south": {"uv": [2.5, 0, 3, 0.5], "texture": "#0"},
				"west": {"uv": [1.5, 0, 2.5, 0.5], "texture": "#0"},
				"up": {"uv": [5, 1.5, 5.5, 2.5], "texture": "#0"},
				"down": {"uv": [1.5, 0, 2.5, 0.5], "rotation": 90, "texture": "#0"}
			}
		},
		{
			"from": [6, 14, 4],
			"to": [10, 16, 6],
			"faces": {
				"north": {"uv": [1.5, 0, 2.5, 0.5], "texture": "#0"},
				"east": {"uv": [2.5, 0, 3, 0.5], "texture": "#0"},
				"south": {"uv": [1.5, 0, 2.5, 0.5], "texture": "#0"},
				"west": {"uv": [1, 0, 1.5, 0.5], "texture": "#0"},
				"up": {"uv": [5.5, 2.5, 6.5, 3], "texture": "#0"},
				"down": {"uv": [1.5, 0, 2.5, 0.5], "texture": "#0"}
			}
		},
		{
			"from": [6, 14, 10],
			"to": [10, 16, 12],
			"faces": {
				"north": {"uv": [1.5, 0, 2.5, 0.5], "texture": "#0"},
				"east": {"uv": [2.5, 0, 3, 0.5], "texture": "#0"},
				"south": {"uv": [1.5, 0, 2.5, 0.5], "texture": "#0"},
				"west": {"uv": [1, 0, 1.5, 0.5], "texture": "#0"},
				"up": {"uv": [5.5, 1, 6.5, 1.5], "texture": "#0"},
				"down": {"uv": [1.5, 0, 2.5, 0.5], "texture": "#0"}
			}
		}
	],
	"groups": [
		{
			"name": "group",
			"origin": [0, 0, 0],
			"color": 0,
			"children": [0, 1, 2, 3, 4, 5, 6, 7, 8, 9, 10, 11]
		},
		{
			"name": "group",
			"origin": [8, 8, 8],
			"color": 0,
			"children": [12, 13, 14, 15, 16, 17, 18, 19, 20, 21, 22, 23]
		}
	]
}