{
	"credit": "Made with Blockbench",
	"texture_size": [64, 64],
	"textures": {
		"0": "the_vault:block/vault_diffuser",
		"1": "the_vault:block/vault_diffuser_core",
		"particle": "the_vault:block/vault_diffuser"
	},
	"display": {
		"thirdperson_righthand": {
			"rotation": [75, 45, 0],
			"translation": [0, 2.5, 0],
			"scale": [0.375, 0.375, 0.375]
		},
		"thirdperson_lefthand": {
			"rotation": [75, 45, 0],
			"translation": [0, 2.5, 0],
			"scale": [0.375, 0.375, 0.375]
		},
		"firstperson_righthand": {
			"rotation": [0, 45, 0],
			"scale": [0.4, 0.4, 0.4]
		},
		"firstperson_lefthand": {
			"rotation": [0, 225, 0],
			"scale": [0.4, 0.4, 0.4]
		},
		"ground": {
			"translation": [0, 3, 0],
			"scale": [0.25, 0.25, 0.25]
		},
		"gui": {
			"rotation": [30, 225, 0],
			"scale": [0.625, 0.625, 0.625]
		},
		"head": {
			"rotation": [0, 180, 0]
		},
		"fixed": {
			"scale": [0.5, 0.5, 0.5]
		}
	},
	"elements": [
		{
			"from": [1, 0, 1],
			"to": [15, 2, 15],
			"faces": {
				"north": {"uv": [4, 3.5, 7.5, 4], "texture": "#0"},
				"east": {"uv": [4, 3.5, 7.5, 4], "texture": "#0"},
				"south": {"uv": [4, 3.5, 7.5, 4], "texture": "#0"},
				"west": {"uv": [4, 3.5, 7.5, 4], "texture": "#0"},
				"up": {"uv": [4, 0, 7.5, 3.5], "rotation": 180, "texture": "#0"},
				"down": {"uv": [4, 0, 7.5, 3.5], "texture": "#0"}
			}
		},
		{
			"from": [3, 2, 3],
			"to": [13, 3, 13],
			"faces": {
				"north": {"uv": [0, 0, 10, 1], "texture": "#1"},
				"east": {"uv": [0, 0, 10, 1], "texture": "#1"},
				"south": {"uv": [0, 0, 10, 1], "texture": "#1"},
				"west": {"uv": [0, 0, 10, 1], "texture": "#1"},
				"up": {"uv": [7.5, 0, 10, 2.5], "texture": "#0"},
				"down": {"uv": [7.5, 0, 10, 2.5], "texture": "#0"}
			}
		},
		{
			"from": [0, 3, 0],
			"to": [16, 7, 4],
			"faces": {
				"north": {"uv": [0, 8, 4, 9], "texture": "#0"},
				"east": {"uv": [3, 8, 4, 9], "texture": "#0"},
				"south": {"uv": [0, 9, 4, 10], "texture": "#0"},
				"west": {"uv": [0, 8, 1, 9], "texture": "#0"},
				"up": {"uv": [0, 7, 4, 8], "rotation": 180, "texture": "#0"},
				"down": {"uv": [0, 7, 4, 8], "texture": "#0"}
			}
		},
		{
			"from": [0, 3, 12],
			"to": [16, 7, 16],
			"faces": {
				"north": {"uv": [0, 9, 4, 10], "texture": "#0"},
				"east": {"uv": [0, 8, 1, 9], "texture": "#0"},
				"south": {"uv": [0, 8, 4, 9], "texture": "#0"},
				"west": {"uv": [3, 8, 4, 9], "texture": "#0"},
				"up": {"uv": [0, 4, 4, 5], "rotation": 180, "texture": "#0"},
				"down": {"uv": [0, 4, 4, 5], "texture": "#0"}
			}
		},
		{
			"from": [0, 3, 4],
			"to": [4, 7, 12],
			"faces": {
				"north": {"uv": [3, 8, 4, 9], "texture": "#0"},
				"east": {"uv": [1, 9, 3, 10], "texture": "#0"},
				"south": {"uv": [0, 8, 1, 9], "texture": "#0"},
				"west": {"uv": [1, 8, 3, 9], "texture": "#0"},
				"up": {"uv": [3, 4.75, 4, 6.75], "rotation": 180, "texture": "#0"},
				"down": {"uv": [0, 5, 1, 7], "texture": "#0"}
			}
		},
		{
			"from": [12, 3, 4],
			"to": [16, 7, 12],
			"faces": {
				"north": {"uv": [3, 8, 4, 9], "texture": "#0"},
				"east": {"uv": [1, 8, 3, 9], "texture": "#0"},
				"south": {"uv": [0, 8, 1, 9], "texture": "#0"},
				"west": {"uv": [1, 9, 3, 10], "texture": "#0"},
				"up": {"uv": [0, 5, 1, 7], "rotation": 180, "texture": "#0"},
				"down": {"uv": [3, 5, 4, 7], "texture": "#0"}
			}
		},
		{
			"from": [11, 3, 1],
			"to": [15, 10, 5],
			"faces": {
				"north": {"uv": [0.25, 2.25, 1.25, 4], "texture": "#0"},
				"east": {"uv": [2.75, 2.25, 3.75, 4], "texture": "#0"},
				"south": {"uv": [0.25, 2.25, 1.25, 4], "texture": "#0"},
				"west": {"uv": [2.75, 2.25, 3.75, 4], "texture": "#0"},
				"up": {"uv": [0.25, 2.5, 1.25, 3.5], "texture": "#0"},
				"down": {"uv": [0.25, 2.5, 1.25, 3.5], "texture": "#0"}
			}
		},
		{
			"from": [11, 10, 2],
			"to": [14, 13, 5],
			"faces": {
				"north": {"uv": [0.5, 1.5, 1.25, 2.25], "texture": "#0"},
				"east": {"uv": [2.75, 1.5, 3.5, 2.25], "texture": "#0"},
				"south": {"uv": [0.5, 1.5, 1.25, 2.25], "texture": "#0"},
				"west": {"uv": [2.75, 1.5, 3.5, 2.25], "texture": "#0"},
				"up": {"uv": [0.5, 2.5, 1.25, 3.25], "texture": "#0"},
				"down": {"uv": [5, 4, 5.75, 4.75], "texture": "#0"}
			}
		},
		{
			"from": [12, 13, 2],
			"to": [14, 15, 4],
			"faces": {
				"north": {"uv": [0.5, 1, 1, 1.5], "texture": "#0"},
				"east": {"uv": [3, 1, 3.5, 1.5], "texture": "#0"},
				"south": {"uv": [0.5, 1, 1, 1.5], "texture": "#0"},
				"west": {"uv": [3, 1, 3.5, 1.5], "texture": "#0"},
				"up": {"uv": [5.75, 4, 6.25, 4.5], "texture": "#0"},
				"down": {"uv": [5.75, 4, 6.25, 4.5], "texture": "#0"}
			}
		},
		{
			"from": [11, 3, 11],
			"to": [15, 10, 15],
			"faces": {
				"north": {"uv": [2.75, 2.25, 3.75, 4], "texture": "#0"},
				"east": {"uv": [0.25, 2.25, 1.25, 4], "texture": "#0"},
				"south": {"uv": [2.75, 2.25, 3.75, 4], "texture": "#0"},
				"west": {"uv": [0.25, 2.25, 1.25, 4], "texture": "#0"},
				"up": {"uv": [0.25, 0.25, 1.25, 1.25], "texture": "#0"},
				"down": {"uv": [0.25, 0.25, 1.25, 1.25], "texture": "#0"}
			}
		},
		{
			"from": [11, 10, 11],
			"to": [14, 13, 14],
			"faces": {
				"north": {"uv": [2.75, 1.5, 3.5, 2.25], "texture": "#0"},
				"east": {"uv": [0.5, 1.5, 1.25, 2.25], "texture": "#0"},
				"south": {"uv": [2.75, 1.5, 3.5, 2.25], "texture": "#0"},
				"west": {"uv": [0.5, 1.5, 1.25, 2.25], "texture": "#0"},
				"up": {"uv": [0.5, 0.5, 1.25, 1.25], "texture": "#0"},
				"down": {"uv": [5, 4, 5.75, 4.75], "texture": "#0"}
			}
		},
		{
			"from": [12, 13, 12],
			"to": [14, 15, 14],
			"faces": {
				"north": {"uv": [3, 1, 3.5, 1.5], "texture": "#0"},
				"east": {"uv": [0.5, 1, 1, 1.5], "texture": "#0"},
				"south": {"uv": [3, 1, 3.5, 1.5], "texture": "#0"},
				"west": {"uv": [0.5, 1, 1, 1.5], "texture": "#0"},
				"up": {"uv": [5.75, 4, 6.25, 4.5], "texture": "#0"},
				"down": {"uv": [5.75, 4, 6.25, 4.5], "texture": "#0"}
			}
		},
		{
			"from": [1, 3, 11],
			"to": [5, 10, 15],
			"faces": {
				"north": {"uv": [0.25, 2.25, 1.25, 4], "texture": "#0"},
				"east": {"uv": [2.75, 2.25, 3.75, 4], "texture": "#0"},
				"south": {"uv": [0.25, 2.25, 1.25, 4], "texture": "#0"},
				"west": {"uv": [2.75, 2.25, 3.75, 4], "texture": "#0"},
				"up": {"uv": [2.75, 0.25, 3.75, 1.25], "texture": "#0"},
				"down": {"uv": [2.75, 0.25, 3.75, 1.25], "texture": "#0"}
			}
		},
		{
			"from": [2, 10, 11],
			"to": [5, 13, 14],
			"faces": {
				"north": {"uv": [0.5, 1.5, 1.25, 2.25], "texture": "#0"},
				"east": {"uv": [2.75, 1.5, 3.5, 2.25], "texture": "#0"},
				"south": {"uv": [0.5, 1.5, 1.25, 2.25], "texture": "#0"},
				"west": {"uv": [2.75, 1.5, 3.5, 2.25], "texture": "#0"},
				"up": {"uv": [2.75, 0.5, 3.5, 1.25], "texture": "#0"},
				"down": {"uv": [5, 4, 5.75, 4.75], "texture": "#0"}
			}
		},
		{
			"from": [2, 13, 12],
			"to": [4, 15, 14],
			"faces": {
				"north": {"uv": [0.5, 1, 1, 1.5], "texture": "#0"},
				"east": {"uv": [3, 1, 3.5, 1.5], "texture": "#0"},
				"south": {"uv": [0.5, 1, 1, 1.5], "texture": "#0"},
				"west": {"uv": [3, 1, 3.5, 1.5], "texture": "#0"},
				"up": {"uv": [5.75, 4, 6.25, 4.5], "texture": "#0"},
				"down": {"uv": [5.75, 4, 6.25, 4.5], "texture": "#0"}
			}
		},
		{
			"from": [1, 3, 1],
			"to": [5, 10, 5],
			"faces": {
				"north": {"uv": [2.75, 2.25, 3.75, 4], "texture": "#0"},
				"east": {"uv": [0.25, 2.25, 1.25, 4], "texture": "#0"},
				"south": {"uv": [2.75, 2.25, 3.75, 4], "texture": "#0"},
				"west": {"uv": [0.25, 2.25, 1.25, 4], "texture": "#0"},
				"up": {"uv": [2.75, 2.75, 3.75, 3.75], "texture": "#0"},
				"down": {"uv": [2.75, 2.75, 3.75, 3.75], "texture": "#0"}
			}
		},
		{
			"from": [2, 10, 2],
			"to": [5, 13, 5],
			"faces": {
				"north": {"uv": [2.75, 1.5, 3.5, 2.25], "texture": "#0"},
				"east": {"uv": [0.5, 1.5, 1.25, 2.25], "texture": "#0"},
				"south": {"uv": [2.75, 1.5, 3.5, 2.25], "texture": "#0"},
				"west": {"uv": [0.5, 1.5, 1.25, 2.25], "texture": "#0"},
				"up": {"uv": [2.75, 2.75, 3.5, 3.5], "texture": "#0"},
				"down": {"uv": [5, 4, 5.75, 4.75], "texture": "#0"}
			}
		},
		{
			"from": [2, 13, 2],
			"to": [4, 15, 4],
			"faces": {
				"north": {"uv": [3, 1, 3.5, 1.5], "texture": "#0"},
				"east": {"uv": [0.5, 1, 1, 1.5], "texture": "#0"},
				"south": {"uv": [3, 1, 3.5, 1.5], "texture": "#0"},
				"west": {"uv": [0.5, 1, 1, 1.5], "texture": "#0"},
				"up": {"uv": [5.75, 4, 6.25, 4.5], "texture": "#0"},
				"down": {"uv": [5.75, 4, 6.25, 4.5], "texture": "#0"}
			}
		},
		{
			"from": [2, 15, 2],
			"to": [4, 16, 4],
			"faces": {
				"north": {"uv": [14, 12, 15, 14], "rotation": 90, "texture": "#1"},
				"east": {"uv": [12, 11, 14, 12], "texture": "#1"},
				"south": {"uv": [11, 12, 12, 14], "rotation": 90, "texture": "#1"},
				"west": {"uv": [12, 14, 14, 15], "texture": "#1"},
				"up": {"uv": [12, 12, 14, 14], "texture": "#1"},
				"down": {"uv": [12, 12, 14, 14], "texture": "#1"}
			}
		},
		{
			"from": [12, 15, 2],
			"to": [14, 16, 4],
			"faces": {
				"north": {"uv": [4, 12, 5, 14], "rotation": 90, "texture": "#1"},
				"east": {"uv": [2, 11, 4, 12], "texture": "#1"},
				"south": {"uv": [1, 12, 2, 14], "rotation": 90, "texture": "#1"},
				"west": {"uv": [2, 14, 4, 15], "texture": "#1"},
				"up": {"uv": [2, 12, 4, 14], "texture": "#1"},
				"down": {"uv": [2, 12, 4, 14], "texture": "#1"}
			}
		},
		{
			"from": [12, 15, 12],
			"to": [14, 16, 14],
			"faces": {
				"north": {"uv": [4, 2, 5, 4], "rotation": 90, "texture": "#1"},
				"east": {"uv": [2, 1, 4, 2], "texture": "#1"},
				"south": {"uv": [1, 2, 2, 4], "rotation": 90, "texture": "#1"},
				"west": {"uv": [2, 4, 4, 5], "texture": "#1"},
				"up": {"uv": [2, 2, 4, 4], "texture": "#1"},
				"down": {"uv": [2, 2, 4, 4], "texture": "#1"}
			}
		},
		{
			"from": [2, 15, 12],
			"to": [4, 16, 14],
			"faces": {
				"north": {"uv": [14, 2, 15, 4], "rotation": 90, "texture": "#1"},
				"east": {"uv": [12, 1, 14, 2], "texture": "#1"},
				"south": {"uv": [11, 2, 12, 4], "rotation": 90, "texture": "#1"},
				"west": {"uv": [12, 4, 14, 5], "texture": "#1"},
				"up": {"uv": [12, 2, 14, 4], "texture": "#1"},
				"down": {"uv": [12, 2, 14, 4], "texture": "#1"}
			}
		},
		{
			"from": [5, 3, 5],
			"to": [11, 5, 11],
			"faces": {
				"north": {"uv": [5, 11, 11, 13], "texture": "#1"},
				"east": {"uv": [11, 5, 13, 11], "rotation": 90, "texture": "#1"},
				"south": {"uv": [5, 3, 11, 5], "texture": "#1"},
				"west": {"uv": [3, 5, 5, 11], "rotation": 90, "texture": "#1"},
				"up": {"uv": [5, 5, 11, 11], "texture": "#1"},
				"down": {"uv": [5, 5, 11, 11], "texture": "#1"}
			}
		}
	]
}