{
  "modifierGroup": {
    "IMPLICIT": [
      {
        "attribute": "the_vault:armor",
        "group": "BaseModArmor",
        "identifier": "the_vault:base_armor",
        "tiers": [
          {
            "minLevel": 0,
            "maxLevel": 13,
            "weight": 100,
            "value": {
              "min": 3,
              "max": 5,
              "step": 1
            }
          },
          {
            "minLevel": 14,
            "maxLevel": 26,
            "weight": 100,
            "value": {
              "min": 6,
              "max": 7,
              "step": 1
            }
          },
          {
            "minLevel": 27,
            "maxLevel": 39,
            "weight": 100,
            "value": {
              "min": 8,
              "max": 10,
              "step": 1
            }
          },
          {
            "minLevel": 40,
            "maxLevel": 51,
            "weight": 100,
            "value": {
              "min": 11,
              "max": 13,
              "step": 1
            }
          },
          {
            "minLevel": 52,
            "maxLevel": 64,
            "weight": 100,
            "value": {
              "min": 14,
              "max": 16,
              "step": 1
            }
          },
          {
            "minLevel": 65,
            "maxLevel": -1,
            "weight": 100,
            "value": {
              "min": 17,
              "max": 20,
              "step": 1
            }
          },
          {
            "minLevel": 74,
            "maxLevel": -1,
            "weight": 100,
            "value": {
              "min": 21,
              "max": 23,
              "step": 1
            }
          },
          {
            "minLevel": 86,
            "maxLevel": -1,
            "weight": 100,
            "value": {
              "min": 24,
              "max": 27,
              "step": 1
            }
          },
          {
            "minLevel": 97,
            "maxLevel": -1,
            "weight": 100,
            "value": {
              "min": 28,
              "max": 30,
              "step": 1
            }
          }
        ]
      },
      {
        "attribute": "the_vault:durability",
        "group": "BaseDurability",
        "identifier": "the_vault:base_durability",
        "tiers": [
          {
            "minLevel": 0,
            "maxLevel": 41,
            "weight": 100,
            "value": {
              "min": 400,
              "max": 800,
              "step": 1
            }
          },
          {
            "minLevel": 21,
            "maxLevel": 50,
            "weight": 100,
            "value": {
              "min": 800,
              "max": 1200,
              "step": 1
            }
          },
          {
            "minLevel": 42,
            "maxLevel": 58,
            "weight": 100,
            "value": {
              "min": 1200,
              "max": 1700,
              "step": 1
            }
          },
          {
            "minLevel": 51,
            "maxLevel": 72,
            "weight": 100,
            "value": {
              "min": 1701,
              "max": 2600,
              "step": 1
            }
          },
          {
            "minLevel": 59,
            "maxLevel": 79,
            "weight": 100,
            "value": {
              "min": 2601,
              "max": 3400,
              "step": 1
            }
          },
          {
            "minLevel": 65,
            "maxLevel": 85,
            "weight": 100,
            "value": {
              "min": 3401,
              "max": 4000,
              "step": 1
            }
          },
          {
            "minLevel": 73,
            "maxLevel": -1,
            "weight": 100,
            "value": {
              "min": 4001,
              "max": 5000,
              "step": 1
            }
          },
          {
            "minLevel": 80,
            "maxLevel": -1,
            "weight": 100,
            "value": {
              "min": 5001,
              "max": 6000,
              "step": 1
            }
          },
          {
            "minLevel": 86,
            "maxLevel": -1,
            "weight": 100,
            "value": {
              "min": 6001,
              "max": 7000,
              "step": 1
            }
          }
        ]
      },
      {
        "attribute": "the_vault:critical_hit_mitigation",
        "group": "BaseBonusPool",
        "identifier": "the_vault:base_critical_hit_mitigation",
        "tiers": [
          {
            "minLevel": 20,
            "maxLevel": 64,
            "weight": 10,
            "value": {
              "min": 0.05,
              "max": 0.15,
              "step": 0.01
            }
          },
          {
            "minLevel": 40,
            "maxLevel": 78,
            "weight": 10,
            "value": {
              "min": 0.16,
              "max": 0.24,
              "step": 0.01
            }
          },
          {
            "minLevel": 65,
            "maxLevel": -1,
            "weight": 10,
            "value": {
              "min": 0.25,
              "max": 0.3,
              "step": 0.01
            }
          },
          {
            "minLevel": 79,
            "maxLevel": -1,
            "weight": 10,
            "value": {
              "min": 0.31,
              "max": 0.4,
              "step": 0.01
            }
          }
        ]
      },
      {
        "attribute": "the_vault:ability_power",
        "group": "BaseBonusPool",
        "identifier": "the_vault:base_ap",
        "tiers": [
          {
            "minLevel": 0,
            "maxLevel": 33,
            "weight": 10,
            "value": {
              "min": 2.0,
              "max": 6.0,
              "step": 0.5
            }
          },
          {
            "minLevel": 12,
            "maxLevel": 46,
            "weight": 10,
            "value": {
              "min": 7.0,
              "max": 12.0,
              "step": 0.5
            }
          },
          {
            "minLevel": 20,
            "maxLevel": 61,
            "weight": 10,
            "value": {
              "min": 13.0,
              "max": 16.0,
              "step": 0.5
            }
          },
          {
            "minLevel": 34,
            "maxLevel": 79,
            "weight": 10,
            "value": {
              "min": 17.0,
              "max": 20.0,
              "step": 0.5
            }
          },
          {
            "minLevel": 47,
            "maxLevel": -1,
            "weight": 10,
            "value": {
              "min": 21.0,
              "max": 24.0,
              "step": 0.5
            }
          },
          {
            "minLevel": 62,
            "maxLevel": -1,
            "weight": 10,
            "value": {
              "min": 25.0,
              "max": 28.0,
              "step": 0.5
            }
          },
          {
            "minLevel": 71,
            "maxLevel": -1,
            "weight": 10,
            "value": {
              "min": 29.0,
              "max": 33.0,
              "step": 0.5
            }
          },
          {
            "minLevel": 80,
            "maxLevel": -1,
            "weight": 10,
            "value": {
              "min": 34.0,
              "max": 38.0,
              "step": 0.5
            }
          },
          {
            "minLevel": 86,
            "maxLevel": -1,
            "weight": 10,
            "value": {
              "min": 39.0,
              "max": 44.0,
              "step": 0.5
            }
          },
          {
            "minLevel": 96,
            "maxLevel": -1,
            "weight": 10,
            "value": {
              "min": 45.0,
              "max": 50.0,
              "step": 0.5
            }
          }
        ]
      },
      {
        "attribute": "the_vault:lucky_hit_chance",
        "group": "BaseBonusPool",
        "identifier": "the_vault:base_lucky_hit_chance",
        "tiers": [
          {
            "minLevel": 25,
            "maxLevel": -1,
            "weight": 10,
            "value": {
              "min": 0.02,
              "max": 0.04,
              "step": 0.01
            }
          },
          {
            "minLevel": 40,
            "maxLevel": -1,
            "weight": 10,
            "value": {
              "min": 0.05,
              "max": 0.06,
              "step": 0.01
            }
          }
        ]
      },
      {
        "attribute": "the_vault:soulbound",
        "group": "BaseSoulbound",
        "identifier": "the_vault:base_soulbound",
        "tags": [],
        "tiers": [
          {
            "minLevel": 0,
            "maxLevel": -1,
            "weight": 20,
            "value": {
              "flag": true
            }
          }
        ]
      },
      {
        "attribute": "the_vault:soulbound",
        "group": "BaseSoulbound",
        "identifier": "the_vault:base_no_soulbound",
        "tags": [],
        "tiers": [
          {
            "minLevel": 0,
            "maxLevel": -1,
            "weight": 80,
            "value": {
              "flag": false
            }
          }
        ]
      }
    ],
    "PREFIX": [
      {
        "attribute": "the_vault:armor",
        "group": "ModArmor",
        "identifier": "the_vault:mod_armor",
        "tags": [
          "focusArmor"
        ],
        "tiers": [
          {
            "minLevel": 0,
            "maxLevel": 87,
            "weight": 600,
            "value": {
              "min": 1,
              "max": 2,
              "step": 1
            }
          },
          {
            "minLevel": 16,
            "maxLevel": -1,
            "weight": 600,
            "value": {
              "min": 3,
              "max": 4,
              "step": 1
            }
          },
          {
            "minLevel": 38,
            "maxLevel": -1,
            "weight": 600,
            "value": {
              "min": 5,
              "max": 6,
              "step": 1
            }
          },
          {
            "minLevel": 62,
            "maxLevel": -1,
            "weight": 600,
            "value": {
              "min": 7,
              "max": 8,
              "step": 1
            }
          },
          {
            "minLevel": 88,
            "maxLevel": -1,
            "weight": 600,
            "value": {
              "min": 9,
              "max": 10,
              "step": 1
            }
          },
          {
            "minLevel": 101,
            "maxLevel": -1,
            "weight": 100,
            "value": {
              "min": 11,
              "max": 11,
              "step": 1
            }
          },
          {
            "minLevel": 102,
            "maxLevel": -1,
            "weight": 100,
            "value": {
              "min": 12,
              "max": 12,
              "step": 1
            }
          }
        ]
      },
      {
        "attribute": "the_vault:health",
        "group": "ModHealthMana",
        "identifier": "the_vault:mod_health",
        "tags": [
          "focusHealth"
        ],
        "tiers": [
          {
            "minLevel": 0,
            "maxLevel": 68,
            "weight": 500,
            "value": {
              "min": 2,
              "max": 3,
              "step": 1
            }
          },
          {
            "minLevel": 16,
            "maxLevel": 87,
            "weight": 500,
            "value": {
              "min": 4,
              "max": 5,
              "step": 1
            }
          },
          {
            "minLevel": 29,
            "maxLevel": -1,
            "weight": 500,
            "value": {
              "min": 6,
              "max": 7,
              "step": 1
            }
          },
          {
            "minLevel": 47,
            "maxLevel": -1,
            "weight": 500,
            "value": {
              "min": 8,
              "max": 9,
              "step": 1
            }
          },
          {
            "minLevel": 69,
            "maxLevel": -1,
            "weight": 500,
            "value": {
              "min": 10,
              "max": 11,
              "step": 1
            }
          },
          {
            "minLevel": 88,
            "maxLevel": -1,
            "weight": 500,
            "value": {
              "min": 12,
              "max": 12,
              "step": 1
            }
          },
          {
            "minLevel": 101,
            "maxLevel": -1,
            "weight": 100,
            "value": {
              "min": 13,
              "max": 15,
              "step": 1
            }
          },
          {
            "minLevel": 102,
            "maxLevel": -1,
            "weight": 100,
            "value": {
              "min": 16,
              "max": 18,
              "step": 1
            }
          }
        ]
      },
      {
        "attribute": "the_vault:mana_additive_percentile",
        "group": "ModHealthMana",
        "identifier": "the_vault:mod_mana_additive_percentile",
        "tags": [
          "focusManaPercentile"
        ],
        "tiers": [
          {
            "minLevel": 41,
            "maxLevel": 79,
            "weight": 600,
            "value": {
              "min": 0.1,
              "max": 0.2,
              "step": 0.01
            }
          },
          {
            "minLevel": 64,
            "maxLevel": -1,
            "weight": 600,
            "value": {
              "min": 0.21,
              "max": 0.3,
              "step": 0.01
            }
          },
          {
            "minLevel": 80,
            "maxLevel": -1,
            "weight": 600,
            "value": {
              "min": 0.31,
              "max": 0.4,
              "step": 0.01
            }
          },
          {
            "minLevel": 96,
            "maxLevel": -1,
            "weight": 600,
            "value": {
              "min": 0.41,
              "max": 0.5,
              "step": 0.01
            }
          },
          {
            "minLevel": 101,
            "maxLevel": -1,
            "weight": 100,
            "value": {
              "min": 0.51,
              "max": 0.7,
              "step": 0.01
            }
          },
          {
            "minLevel": 102,
            "maxLevel": -1,
            "weight": 100,
            "value": {
              "min": 0.71,
              "max": 1.0,
              "step": 0.01
            }
          }
        ]
      },
      {
        "attribute": "the_vault:resistance",
        "group": "ModResistance",
        "identifier": "the_vault:mod_resistance",
        "tags": [
          "focusResistance"
        ],
        "tiers": [
          {
            "minLevel": 17,
            "maxLevel": 81,
            "weight": 600,
            "value": {
              "min": 0.04,
              "max": 0.06,
              "step": 0.01
            }
          },
          {
            "minLevel": 36,
            "maxLevel": -1,
            "weight": 600,
            "value": {
              "min": 0.07,
              "max": 0.09,
              "step": 0.01
            }
          },
          {
            "minLevel": 57,
            "maxLevel": -1,
            "weight": 600,
            "value": {
              "min": 0.1,
              "max": 0.12,
              "step": 0.01
            }
          },
          {
            "minLevel": 82,
            "maxLevel": -1,
            "weight": 600,
            "value": {
              "min": 0.13,
              "max": 0.16,
              "step": 0.01
            }
          },
          {
            "minLevel": 101,
            "maxLevel": -1,
            "weight": 100,
            "value": {
              "min": 0.17,
              "max": 0.18,
              "step": 0.01
            }
          },
          {
            "minLevel": 102,
            "maxLevel": -1,
            "weight": 100,
            "value": {
              "min": 0.19,
              "max": 0.20,
              "step": 0.01
            }
          }
        ]
      },
      {
        "attribute": "the_vault:damage_increase",
        "group": "ModResistance",
        "identifier": "the_vault:mod_damage_increase",
        "tags": [
          "focusDamage"
        ],
        "tiers": [
          {
            "minLevel": 6,
            "maxLevel": 72,
            "weight": 600,
            "value": {
              "min": 0.05,
              "max": 0.09,
              "step": 0.01
            }
          },
          {
            "minLevel": 21,
            "maxLevel": 89,
            "weight": 600,
            "value": {
              "min": 0.1,
              "max": 0.14,
              "step": 0.01
            }
          },
          {
            "minLevel": 44,
            "maxLevel": -1,
            "weight": 600,
            "value": {
              "min": 0.15,
              "max": 0.21,
              "step": 0.01
            }
          },
          {
            "minLevel": 73,
            "maxLevel": -1,
            "weight": 600,
            "value": {
              "min": 0.22,
              "max": 0.28,
              "step": 0.01
            }
          },
          {
            "minLevel": 90,
            "maxLevel": -1,
            "weight": 600,
            "value": {
              "min": 0.29,
              "max": 0.35,
              "step": 0.01
            }
          },
          {
            "minLevel": 101,
            "maxLevel": -1,
            "weight": 100,
            "value": {
              "min": 0.36,
              "max": 0.5,
              "step": 0.01
            }
          },
          {
            "minLevel": 102,
            "maxLevel": -1,
            "weight": 100,
            "value": {
              "min": 0.51,
              "max": 0.75,
              "step": 0.01
            }
          }
        ]
      },
      {
        "attribute": "the_vault:ability_power_percent",
        "group": "ModResistance",
        "identifier": "the_vault:mod_ability_increase",
        "tags": [
          "focusAbilityDamage"
        ],
        "tiers": [
          {
            "minLevel": 20,
            "maxLevel": 86,
            "weight": 600,
            "value": {
              "min": 0.04,
              "max": 0.07,
              "step": 0.01
            }
          },
          {
            "minLevel": 42,
            "maxLevel": -1,
            "weight": 600,
            "value": {
              "min": 0.08,
              "max": 0.11,
              "step": 0.01
            }
          },
          {
            "minLevel": 68,
            "maxLevel": -1,
            "weight": 600,
            "value": {
              "min": 0.12,
              "max": 0.15,
              "step": 0.01
            }
          },
          {
            "minLevel": 87,
            "maxLevel": -1,
            "weight": 600,
            "value": {
              "min": 0.16,
              "max": 0.2,
              "step": 0.01
            }
          },
          {
            "minLevel": 101,
            "maxLevel": -1,
            "weight": 100,
            "value": {
              "min": 0.21,
              "max": 0.3,
              "step": 0.01
            }
          },
          {
            "minLevel": 102,
            "maxLevel": -1,
            "weight": 100,
            "value": {
              "min": 0.31,
              "max": 0.5,
              "step": 0.01
            }
          }
        ]
      },
      {
        "attribute": "the_vault:knockback_resistance",
        "group": "ModKnockbackResistance",
        "identifier": "the_vault:mod_knockback_resistance",
        "tags": [
          "focusKnockbackRes"
        ],
        "tiers": [
          {
            "minLevel": 0,
            "maxLevel": 56,
            "weight": 600,
            "value": {
              "min": 0.05,
              "max": 0.1,
              "step": 0.01
            }
          },
          {
            "minLevel": 15,
            "maxLevel": 88,
            "weight": 600,
            "value": {
              "min": 0.11,
              "max": 0.14,
              "step": 0.01
            }
          },
          {
            "minLevel": 32,
            "maxLevel": -1,
            "weight": 600,
            "value": {
              "min": 0.15,
              "max": 0.19,
              "step": 0.01
            }
          },
          {
            "minLevel": 57,
            "maxLevel": -1,
            "weight": 600,
            "value": {
              "min": 0.2,
              "max": 0.24,
              "step": 0.01
            }
          },
          {
            "minLevel": 89,
            "maxLevel": -1,
            "weight": 600,
            "value": {
              "min": 0.25,
              "max": 0.3,
              "step": 0.01
            }
          },
          {
            "minLevel": 101,
            "maxLevel": -1,
            "weight": 600,
            "value": {
              "min": 0.31,
              "max": 0.5,
              "step": 0.01
            }
          },
          {
            "minLevel": 102,
            "maxLevel": -1,
            "weight": 600,
            "value": {
              "min": 0.51,
              "max": 0.7,
              "step": 0.01
            }
          }
        ]
      },
      {
        "attribute": "the_vault:durability",
        "group": "ModDurability",
        "identifier": "the_vault:mod_durability",
        "tags": [
          "focusDurability",
          "noLegendary"
        ],
        "tiers": [
          {
            "minLevel": 11,
            "maxLevel": 66,
            "weight": 600,
            "value": {
              "min": 400,
              "max": 800,
              "step": 1
            }
          },
          {
            "minLevel": 28,
            "maxLevel": -1,
            "weight": 600,
            "value": {
              "min": 801,
              "max": 1600,
              "step": 1
            }
          },
          {
            "minLevel": 46,
            "maxLevel": -1,
            "weight": 600,
            "value": {
              "min": 1601,
              "max": 2400,
              "step": 1
            }
          },
          {
            "minLevel": 67,
            "maxLevel": -1,
            "weight": 600,
            "value": {
              "min": 2401,
              "max": 3200,
              "step": 1
            }
          },
          {
            "minLevel": 89,
            "maxLevel": -1,
            "weight": 600,
            "value": {
              "min": 3201,
              "max": 4000,
              "step": 1
            }
          },
          {
            "minLevel": 101,
            "maxLevel": -1,
            "weight": 100,
            "value": {
              "min": 4001,
              "max": 6000,
              "step": 1
            }
          },
          {
            "minLevel": 102,
            "maxLevel": -1,
            "weight": 100,
            "value": {
              "min": 6001,
              "max": 8000,
              "step": 1
            }
          }
        ]
      }
    ],
    "SUFFIX": [
      {
        "attribute": "the_vault:cooldown_reduction",
        "group": "ModCooldownReduction",
        "identifier": "the_vault:mod_cooldown_reduction",
        "tags": [
          "focusCooldown"
        ],
        "tiers": [
          {
            "minLevel": 20,
            "maxLevel": 84,
            "weight": 100,
            "value": {
              "min": 0.03,
              "max": 0.05,
              "step": 0.01
            }
          },
          {
            "minLevel": 39,
            "maxLevel": -1,
            "weight": 100,
            "value": {
              "min": 0.06,
              "max": 0.08,
              "step": 0.01
            }
          },
          {
            "minLevel": 59,
            "maxLevel": -1,
            "weight": 100,
            "value": {
              "min": 0.09,
              "max": 0.11,
              "step": 0.01
            }
          },
          {
            "minLevel": 70,
            "maxLevel": -1,
            "weight": 100,
            "value": {
              "min": 0.12,
              "max": 0.14,
              "step": 0.01
            }
          },
          {
            "minLevel": 85,
            "maxLevel": -1,
            "weight": 100,
            "value": {
              "min": 0.15,
              "max": 0.17,
              "step": 0.01
            }
          },
          {
            "minLevel": 92,
            "maxLevel": -1,
            "weight": 100,
            "value": {
              "min": 0.18,
              "max": 0.2,
              "step": 0.01
            }
          },
          {
            "minLevel": 101,
            "maxLevel": -1,
            "weight": 100,
            "value": {
              "min": 0.21,
              "max": 0.3,
              "step": 0.01
            }
          },
          {
            "minLevel": 102,
            "maxLevel": -1,
            "weight": 100,
            "value": {
              "min": 0.31,
              "max": 0.4,
              "step": 0.01
            }
          }
        ]
      },
      {
        "attribute": "the_vault:effect_avoidance",
        "group": "ModEffectAvoidance",
        "identifier": "the_vault:mod_effect_avoidance_poison",
        "tags": [
          "focusEffAvoidance"
        ],
        "tiers": [
          {
            "minLevel": 45,
            "maxLevel": -1,
            "weight": 500,
            "value": {
              "effectKey": "minecraft:poison",
              "minChance": 0.35,
              "maxChance": 0.65,
              "step": 0.01
            }
          },
          {
            "minLevel": 101,
            "maxLevel": -1,
            "weight": 500,
            "value": {
              "effectKey": "minecraft:poison",
              "minChance": 0.66,
              "maxChance": 1.0,
              "step": 0.01
            }
          }
        ]
      },
      {
        "attribute": "the_vault:effect_avoidance",
        "group": "ModEffectAvoidance",
        "identifier": "the_vault:mod_effect_avoidance_wither",
        "tiers": [
          {
            "minLevel": 45,
            "maxLevel": -1,
            "weight": 0,
            "value": {
              "effectKey": "minecraft:wither",
              "minChance": 0.35,
              "maxChance": 0.65,
              "step": 0.01
            }
          },
          {
            "minLevel": 101,
            "maxLevel": -1,
            "weight": 0,
            "value": {
              "effectKey": "minecraft:wither",
              "minChance": 0.66,
              "maxChance": 1.0,
              "step": 0.01
            }
          }
        ]
      },
      {
        "attribute": "the_vault:effect_avoidance",
        "group": "ModEffectAvoidance",
        "identifier": "the_vault:mod_effect_avoidance_slowness",
        "tags": [
          "focusAvoidanceSlowness"
        ],
        "tiers": [
          {
            "minLevel": 45,
            "maxLevel": -1,
            "weight": 0,
            "value": {
              "effectKey": "minecraft:slowness",
              "minChance": 0.35,
              "maxChance": 0.65,
              "step": 0.01
            }
          },
          {
            "minLevel": 101,
            "maxLevel": -1,
            "weight": 0,
            "value": {
              "effectKey": "minecraft:slowness",
              "minChance": 0.66,
              "maxChance": 1.0,
              "step": 0.01
            }
          }
        ]
      },
      {
        "attribute": "the_vault:item_quantity",
        "group": "ModItemQuantity",
        "identifier": "the_vault:mod_item_quantity",
        "tags": [
          "focusItemQuantity"
        ],
        "tiers": [
          {
            "minLevel": 0,
            "maxLevel": -1,
            "weight": 100,
            "value": {
              "min": 0.03,
              "max": 0.05,
              "step": 0.01
            }
          },
          {
            "minLevel": 22,
            "maxLevel": -1,
            "weight": 100,
            "value": {
              "min": 0.06,
              "max": 0.08,
              "step": 0.01
            }
          },
          {
            "minLevel": 45,
            "maxLevel": -1,
            "weight": 100,
            "value": {
              "min": 0.09,
              "max": 0.11,
              "step": 0.01
            }
          },
          {
            "minLevel": 72,
            "maxLevel": -1,
            "weight": 100,
            "value": {
              "min": 0.12,
              "max": 0.13,
              "step": 0.01
            }
          },
          {
            "minLevel": 93,
            "maxLevel": -1,
            "weight": 100,
            "value": {
              "min": 0.14,
              "max": 0.15,
              "step": 0.01
            }
          },
          {
            "minLevel": 101,
            "maxLevel": -1,
            "weight": 100,
            "value": {
              "min": 0.16,
              "max": 0.22,
              "step": 0.01
            }
          },
          {
            "minLevel": 102,
            "maxLevel": -1,
            "weight": 100,
            "value": {
              "min": 0.23,
              "max": 0.3,
              "step": 0.01
            }
          }
        ]
      },
      {
        "attribute": "the_vault:item_rarity",
        "group": "ModItemRarity",
        "identifier": "the_vault:mod_item_rarity",
        "tags": [
          "focusItemRarity"
        ],
        "tiers": [
          {
            "minLevel": 0,
            "maxLevel": -1,
            "weight": 100,
            "value": {
              "min": 0.05,
              "max": 0.08,
              "step": 0.01
            }
          },
          {
            "minLevel": 25,
            "maxLevel": -1,
            "weight": 100,
            "value": {
              "min": 0.09,
              "max": 0.13,
              "step": 0.01
            }
          },
          {
            "minLevel": 51,
            "maxLevel": -1,
            "weight": 100,
            "value": {
              "min": 0.14,
              "max": 0.19,
              "step": 0.01
            }
          },
          {
            "minLevel": 78,
            "maxLevel": -1,
            "weight": 100,
            "value": {
              "min": 0.20,
              "max": 0.25,
              "step": 0.01
            }
          },
          {
            "minLevel": 95,
            "maxLevel": -1,
            "weight": 100,
            "value": {
              "min": 0.26,
              "max": 0.30,
              "step": 0.01
            }
          },
          {
            "minLevel": 101,
            "maxLevel": -1,
            "weight": 100,
            "value": {
              "min": 0.31,
              "max": 0.4,
              "step": 0.01
            }
          },
          {
            "minLevel": 102,
            "maxLevel": -1,
            "weight": 100,
            "value": {
              "min": 0.41,
              "max": 0.5,
              "step": 0.01
            }
          }
        ]
      },
      {
        "attribute": "the_vault:trap_disarming",
        "group": "ModTrapDisarming",
        "identifier": "the_vault:mod_trap_disarming",
        "tags": [
          "focusTrapDisarming"
        ],
        "tiers": [
          {
            "minLevel": 10,
            "maxLevel": -1,
            "weight": 100,
            "value": {
              "min": 0.05,
              "max": 0.08,
              "step": 0.01
            }
          },
          {
            "minLevel": 21,
            "maxLevel": -1,
            "weight": 100,
            "value": {
              "min": 0.09,
              "max": 0.12,
              "step": 0.01
            }
          },
          {
            "minLevel": 35,
            "maxLevel": -1,
            "weight": 100,
            "value": {
              "min": 0.13,
              "max": 0.16,
              "step": 0.01
            }
          },
          {
            "minLevel": 50,
            "maxLevel": -1,
            "weight": 100,
            "value": {
              "min": 0.17,
              "max": 0.2,
              "step": 0.01
            }
          },
          {
            "minLevel": 101,
            "maxLevel": -1,
            "weight": 100,
            "value": {
              "min": 0.21,
              "max": 0.3,
              "step": 0.01
            }
          },
          {
            "minLevel": 102,
            "maxLevel": -1,
            "weight": 100,
            "value": {
              "min": 0.31,
              "max": 0.4,
              "step": 0.01
            }
          }
        ]
      },
      {
        "attribute": "the_vault:healing_effectiveness",
        "group": "ModHealthEff",
        "identifier": "the_vault:mod_healing_efficiency",
        "tags": [
          "focusHealingEff"
        ],
        "tiers": [
          {
            "minLevel": 12,
            "maxLevel": 65,
            "weight": 100,
            "value": {
              "min": 0.05,
              "max": 0.1,
              "step": 0.01
            }
          },
          {
            "minLevel": 25,
            "maxLevel": 81,
            "weight": 100,
            "value": {
              "min": 0.11,
              "max": 0.18,
              "step": 0.01
            }
          },
          {
            "minLevel": 46,
            "maxLevel": -1,
            "weight": 100,
            "value": {
              "min": 0.19,
              "max": 0.26,
              "step": 0.01
            }
          },
          {
            "minLevel": 66,
            "maxLevel": -1,
            "weight": 100,
            "value": {
              "min": 0.27,
              "max": 0.32,
              "step": 0.01
            }
          },
          {
            "minLevel": 82,
            "maxLevel": -1,
            "weight": 100,
            "value": {
              "min": 0.33,
              "max": 0.37,
              "step": 0.01
            }
          },
          {
            "minLevel": 98,
            "maxLevel": -1,
            "weight": 100,
            "value": {
              "min": 0.38,
              "max": 0.42,
              "step": 0.01
            }
          },
          {
            "minLevel": 101,
            "maxLevel": -1,
            "weight": 100,
            "value": {
              "min": 0.43,
              "max": 0.6,
              "step": 0.01
            }
          },
          {
            "minLevel": 102,
            "maxLevel": -1,
            "weight": 100,
            "value": {
              "min": 0.61,
              "max": 0.8,
              "step": 0.01
            }
          }
        ]
      },
      {
        "attribute": "the_vault:mana_regen",
        "group": "ModManaRegen",
        "identifier": "the_vault:mod_mana_regen",
        "tags": [
          "focusManaRegen"
        ],
        "tiers": [
          {
            "minLevel": 0,
            "maxLevel": 54,
            "weight": 100,
            "value": {
              "min": 0.1,
              "max": 0.2,
              "step": 0.01
            }
          },
          {
            "minLevel": 23,
            "maxLevel": 66,
            "weight": 100,
            "value": {
              "min": 0.21,
              "max": 0.3,
              "step": 0.01
            }
          },
          {
            "minLevel": 34,
            "maxLevel": 80,
            "weight": 100,
            "value": {
              "min": 0.31,
              "max": 0.4,
              "step": 0.01
            }
          },
          {
            "minLevel": 46,
            "maxLevel": -1,
            "weight": 100,
            "value": {
              "min": 0.41,
              "max": 0.5,
              "step": 0.01
            }
          },
          {
            "minLevel": 55,
            "maxLevel": -1,
            "weight": 100,
            "value": {
              "min": 0.51,
              "max": 0.6,
              "step": 0.01
            }
          },
          {
            "minLevel": 67,
            "maxLevel": -1,
            "weight": 100,
            "value": {
              "min": 0.61,
              "max": 0.7,
              "step": 0.01
            }
          },
          {
            "minLevel": 81,
            "maxLevel": -1,
            "weight": 100,
            "value": {
              "min": 0.71,
              "max": 0.8,
              "step": 0.01
            }
          },
          {
            "minLevel": 92,
            "maxLevel": -1,
            "weight": 100,
            "value": {
              "min": 0.81,
              "max": 1.0,
              "step": 0.01
            }
          },
          {
            "minLevel": 101,
            "maxLevel": -1,
            "weight": 100,
            "value": {
              "min": 1.01,
              "max": 1.3,
              "step": 0.01
            }
          },
          {
            "minLevel": 102,
            "maxLevel": -1,
            "weight": 100,
            "value": {
              "min": 1.31,
              "max": 2.0,
              "step": 0.01
            }
          }
        ]
      },
      {
        "attribute": "the_vault:soul_chance",
        "group": "ModSoulChance",
        "identifier": "the_vault:mod_soul_chance",
        "tags": [
          "focusSoulChance"
        ],
        "tiers": [
          {
            "minLevel": 22,
            "maxLevel": 65,
            "weight": 140,
            "value": {
              "min": 0.1,
              "max": 0.2,
              "step": 0.01
            }
          },
          {
            "minLevel": 44,
            "maxLevel": -1,
            "weight": 140,
            "value": {
              "min": 0.21,
              "max": 0.3,
              "step": 0.01
            }
          },
          {
            "minLevel": 66,
            "maxLevel": -1,
            "weight": 140,
            "value": {
              "min": 0.31,
              "max": 0.4,
              "step": 0.01
            }
          },
          {
            "minLevel": 87,
            "maxLevel": -1,
            "weight": 140,
            "value": {
              "min": 0.41,
              "max": 0.5,
              "step": 0.01
            }
          },
          {
            "minLevel": 101,
            "maxLevel": -1,
            "weight": 100,
            "value": {
              "min": 0.41,
              "max": 0.7,
              "step": 0.01
            }
          },
          {
            "minLevel": 102,
            "maxLevel": -1,
            "weight": 100,
            "value": {
              "min": 0.71,
              "max": 1.0,
              "step": 0.01
            }
          }
        ]
      },
      {
        "attribute": "the_vault:area_of_effect",
        "group": "ModEffectRadius",
        "identifier": "the_vault:mod_area_of_effect",
        "tags": [
          "focusEffectRadius"
        ],
        "tiers": [
          {
            "minLevel": 0,
            "maxLevel": 62,
            "weight": 100,
            "value": {
              "min": 0.03,
              "max": 0.07,
              "step": 0.01
            }
          },
          {
            "minLevel": 40,
            "maxLevel": -1,
            "weight": 100,
            "value": {
              "min": 0.08,
              "max": 0.11,
              "step": 0.01
            }
          },
          {
            "minLevel": 63,
            "maxLevel": -1,
            "weight": 100,
            "value": {
              "min": 0.12,
              "max": 0.16,
              "step": 0.01
            }
          },
          {
            "minLevel": 89,
            "maxLevel": -1,
            "weight": 100,
            "value": {
              "min": 0.17,
              "max": 0.2,
              "step": 0.01
            }
          },
          {
            "minLevel": 101,
            "maxLevel": -1,
            "weight": 100,
            "value": {
              "min": 0.21,
              "max": 0.26,
              "step": 0.01
            }
          },
          {
            "minLevel": 102,
            "maxLevel": -1,
            "weight": 100,
            "value": {
              "min": 0.27,
              "max": 0.32,
              "step": 0.01
            }
          }
        ]
      }
    ],
    "ABILITY_ENHANCEMENT": [
      {
        "attribute": "the_vault:ability_special_modification",
        "group": "ModEnhancement",
        "identifier": "the_vault:enhancement_dash_velocity",
        "tags": [],
        "tiers": [
          {
            "minLevel": 0,
            "maxLevel": -1,
            "weight": 10,
            "value": {
              "specialModificationKey": "the_vault:dash_velocity",
              "abilityKey": "Dash",
              "value": 0.2
            }
          },
          {
            "minLevel": 0,
            "maxLevel": -1,
            "weight": 4,
            "value": {
              "specialModificationKey": "the_vault:dash_velocity",
              "abilityKey": "Dash",
              "value": 0.4
            }
          }
        ]
      },
      {
        "attribute": "the_vault:ability_special_modification",
        "group": "ModEnhancement",
        "identifier": "the_vault:enhancement_eternal_speed_increase",
        "tags": [],
        "tiers": [
          {
            "minLevel": 0,
            "maxLevel": -1,
            "weight": 10,
            "value": {
              "specialModificationKey": "the_vault:eternal_speed_increase",
              "abilityKey": "Summon Eternal",
              "value": 0.35
            }
          },
          {
            "minLevel": 0,
            "maxLevel": -1,
            "weight": 4,
            "value": {
              "specialModificationKey": "the_vault:eternal_speed_increase",
              "abilityKey": "Summon Eternal",
              "value": 0.6
            }
          }
        ]
      },
      {
        "attribute": "the_vault:ability_special_modification",
        "group": "ModEnhancement",
        "identifier": "the_vault:enhancement_execute_health_percent",
        "tags": [],
        "tiers": [
          {
            "minLevel": 0,
            "maxLevel": -1,
            "weight": 10,
            "value": {
              "specialModificationKey": "the_vault:execute_health_percent",
              "abilityKey": "Execute",
              "value": 0.2
            }
          },
          {
            "minLevel": 0,
            "maxLevel": -1,
            "weight": 4,
            "value": {
              "specialModificationKey": "the_vault:execute_health_percent",
              "abilityKey": "Execute",
              "value": 0.35
            }
          }
        ]
      },
      {
        "attribute": "the_vault:ability_special_modification",
        "group": "ModEnhancement",
        "identifier": "the_vault:enhancement_farmer_additional_range",
        "tags": [],
        "tiers": [
          {
            "minLevel": 0,
            "maxLevel": -1,
            "weight": 10,
            "value": {
              "specialModificationKey": "the_vault:farmer_additional_range",
              "abilityKey": "Farmer",
              "value": 4
            }
          },
          {
            "minLevel": 0,
            "maxLevel": -1,
            "weight": 4,
            "value": {
              "specialModificationKey": "the_vault:farmer_additional_range",
              "abilityKey": "Farmer",
              "value": 10
            }
          }
        ]
      },
      {
        "attribute": "the_vault:ability_special_modification",
        "group": "ModEnhancement",
        "identifier": "the_vault:enhancement_ghost_walk_additional_duration",
        "tags": [],
        "tiers": [
          {
            "minLevel": 0,
            "maxLevel": -1,
            "weight": 10,
            "value": {
              "specialModificationKey": "the_vault:ghost_walk_additional_duration",
              "abilityKey": "Ghost Walk",
              "value": 60
            }
          },
          {
            "minLevel": 0,
            "maxLevel": -1,
            "weight": 4,
            "value": {
              "specialModificationKey": "the_vault:ghost_walk_additional_duration",
              "abilityKey": "Ghost Walk",
              "value": 120
            }
          }
        ]
      },
      {
        "attribute": "the_vault:ability_special_modification",
        "group": "ModEnhancement",
        "identifier": "the_vault:enhancement_heal_additional_health",
        "tags": [],
        "tiers": [
          {
            "minLevel": 0,
            "maxLevel": -1,
            "weight": 10,
            "value": {
              "specialModificationKey": "the_vault:heal_additional_health",
              "abilityKey": "Heal",
              "value": 4
            }
          },
          {
            "minLevel": 0,
            "maxLevel": -1,
            "weight": 4,
            "value": {
              "specialModificationKey": "the_vault:heal_additional_health",
              "abilityKey": "Heal",
              "value": 8
            }
          }
        ]
      },
      {
        "attribute": "the_vault:ability_special_modification",
        "group": "ModEnhancement",
        "identifier": "the_vault:enhancement_additional_hunter_range",
        "tags": [],
        "tiers": [
          {
            "minLevel": 0,
            "maxLevel": -1,
            "weight": 10,
            "value": {
              "specialModificationKey": "the_vault:additional_hunter_range",
              "abilityKey": "Hunter",
              "value": 0.6
            }
          },
          {
            "minLevel": 0,
            "maxLevel": -1,
            "weight": 4,
            "value": {
              "specialModificationKey": "the_vault:additional_hunter_range",
              "abilityKey": "Hunter",
              "value": 1.5
            }
          }
        ]
      },
      {
        "attribute": "the_vault:ability_special_modification",
        "group": "ModEnhancement",
        "identifier": "the_vault:enhancement_mana_shield_absorption_cost",
        "tags": [],
        "tiers": [
          {
            "minLevel": 0,
            "maxLevel": -1,
            "weight": 10,
            "value": {
              "specialModificationKey": "the_vault:mana_shield_absorption_cost",
              "abilityKey": "Mana Shield",
              "value": 0.25
            }
          },
          {
            "minLevel": 0,
            "maxLevel": -1,
            "weight": 4,
            "value": {
              "specialModificationKey": "the_vault:mana_shield_absorption_cost",
              "abilityKey": "Mana Shield",
              "value": 0.6
            }
          }
        ]
      },
      {
        "attribute": "the_vault:ability_special_modification",
        "group": "ModEnhancement",
        "identifier": "the_vault:enhancement_mega_jump_velocity",
        "tags": [],
        "tiers": [
          {
            "minLevel": 0,
            "maxLevel": -1,
            "weight": 10,
            "value": {
              "specialModificationKey": "the_vault:mega_jump_velocity",
              "abilityKey": "Mega Jump",
              "value": 6
            }
          },
          {
            "minLevel": 0,
            "maxLevel": -1,
            "weight": 4,
            "value": {
              "specialModificationKey": "the_vault:mega_jump_velocity",
              "abilityKey": "Mega Jump",
              "value": 12
            }
          }
        ]
      },
      {
        "attribute": "the_vault:ability_special_modification",
        "group": "ModEnhancement",
        "identifier": "the_vault:enhancement_nova_increased_range",
        "tags": [],
        "tiers": [
          {
            "minLevel": 0,
            "maxLevel": -1,
            "weight": 10,
            "value": {
              "specialModificationKey": "the_vault:nova_increased_range",
              "abilityKey": "Nova",
              "value": 0.6
            }
          },
          {
            "minLevel": 0,
            "maxLevel": -1,
            "weight": 4,
            "value": {
              "specialModificationKey": "the_vault:nova_increased_range",
              "abilityKey": "Nova",
              "value": 1.4
            }
          }
        ]
      },
      {
        "attribute": "the_vault:ability_special_modification",
        "group": "ModEnhancement",
        "identifier": "the_vault:enhancement_rampage_damage_increase",
        "tags": [],
        "tiers": [
          {
            "minLevel": 0,
            "maxLevel": -1,
            "weight": 10,
            "value": {
              "specialModificationKey": "the_vault:rampage_damage_increase",
              "abilityKey": "Rampage",
              "value": 0.3
            }
          },
          {
            "minLevel": 0,
            "maxLevel": -1,
            "weight": 4,
            "value": {
              "specialModificationKey": "the_vault:rampage_damage_increase",
              "abilityKey": "Rampage",
              "value": 0.65
            }
          }
        ]
      },
      {
        "attribute": "the_vault:ability_special_modification",
        "group": "ModEnhancement",
        "identifier": "the_vault:enhancement_tank_immunity",
        "tags": [],
        "tiers": [
          {
            "minLevel": 0,
            "maxLevel": -1,
            "weight": 0,
            "value": {
              "specialModificationKey": "the_vault:tank_immunity",
              "abilityKey": "Tank"
            }
          }
        ]
      },
      {
        "attribute": "the_vault:ability_special_modification",
        "group": "ModEnhancement",
        "identifier": "the_vault:enhancement_taunt_increased_range",
        "tags": [],
        "tiers": [
          {
            "minLevel": 0,
            "maxLevel": -1,
            "weight": 10,
            "value": {
              "specialModificationKey": "the_vault:taunt_increased_range",
              "abilityKey": "Taunt",
              "value": 0.75
            }
          },
          {
            "minLevel": 0,
            "maxLevel": -1,
            "weight": 4,
            "value": {
              "specialModificationKey": "the_vault:taunt_increased_range",
              "abilityKey": "Taunt",
              "value": 1.5
            }
          }
        ]
      },
      {
        "attribute": "the_vault:ability_special_modification",
        "group": "ModEnhancement",
        "identifier": "the_vault:enhancement_vein_miner_additional_blocks",
        "tags": [],
        "tiers": [
          {
            "minLevel": 0,
            "maxLevel": -1,
            "weight": 10,
            "value": {
              "specialModificationKey": "the_vault:vein_miner_additional_blocks",
              "abilityKey": "Vein Miner",
              "value": 60
            }
          },
          {
            "minLevel": 0,
            "maxLevel": -1,
            "weight": 4,
            "value": {
              "specialModificationKey": "the_vault:vein_miner_additional_blocks",
              "abilityKey": "Vein Miner",
              "value": 140
            }
          }
        ]
      },
      {
        "attribute": "the_vault:ability_mana_cost_flat",
        "group": "ModEnhancement",
        "identifier": "the_vault:enhancement_mana_dash",
        "tags": [],
        "tiers": [
          {
            "minLevel": 0,
            "maxLevel": -1,
            "weight": 10,
            "value": {
              "amount": -6.0,
              "abilityKey": "Dash"
            }
          },
          {
            "minLevel": 0,
            "maxLevel": -1,
            "weight": 4,
            "value": {
              "amount": -14.0,
              "abilityKey": "Dash"
            }
          }
        ]
      },
      {
        "attribute": "the_vault:ability_mana_cost_percent",
        "group": "ModEnhancement",
        "identifier": "the_vault:enhancement_mana_eternal",
        "tags": [],
        "tiers": [
          {
            "minLevel": 0,
            "maxLevel": -1,
            "weight": 0,
            "value": {
              "amount": -0.6,
              "abilityKey": "Summon Eternal"
            }
          },
          {
            "minLevel": 0,
            "maxLevel": -1,
            "weight": 0,
            "value": {
              "amount": -1.0,
              "abilityKey": "Summon Eternal"
            }
          }
        ]
      },
      {
        "attribute": "the_vault:ability_mana_cost_flat",
        "group": "ModEnhancement",
        "identifier": "the_vault:enhancement_mana_farmer",
        "tags": [],
        "tiers": [
          {
            "minLevel": 0,
            "maxLevel": -1,
            "weight": 10,
            "value": {
              "amount": -2.0,
              "abilityKey": "Farmer"
            }
          },
          {
            "minLevel": 0,
            "maxLevel": -1,
            "weight": 4,
            "value": {
              "amount": -3.0,
              "abilityKey": "Farmer"
            }
          }
        ]
      },
      {
        "attribute": "the_vault:ability_mana_cost_percent",
        "group": "ModEnhancement",
        "identifier": "the_vault:enhancement_mana_ghost_walk",
        "tags": [],
        "tiers": [
          {
            "minLevel": 0,
            "maxLevel": -1,
            "weight": 10,
            "value": {
              "amount": -0.3,
              "abilityKey": "Ghost Walk"
            }
          },
          {
            "minLevel": 0,
            "maxLevel": -1,
            "weight": 4,
            "value": {
              "amount": -0.8,
              "abilityKey": "Ghost Walk"
            }
          }
        ]
      },
      {
        "attribute": "the_vault:ability_mana_cost_percent",
        "group": "ModEnhancement",
        "identifier": "the_vault:enhancement_mana_heal",
        "tags": [],
        "tiers": [
          {
            "minLevel": 0,
            "maxLevel": -1,
            "weight": 10,
            "value": {
              "amount": -0.35,
              "abilityKey": "Heal"
            }
          },
          {
            "minLevel": 0,
            "maxLevel": -1,
            "weight": 4,
            "value": {
              "amount": -0.75,
              "abilityKey": "Heal"
            }
          }
        ]
      },
      {
        "attribute": "the_vault:ability_mana_cost_flat",
        "group": "ModEnhancement",
        "identifier": "the_vault:enhancement_mana_hunter",
        "tags": [],
        "tiers": [
          {
            "minLevel": 0,
            "maxLevel": -1,
            "weight": 10,
            "value": {
              "amount": -6.0,
              "abilityKey": "Hunter"
            }
          },
          {
            "minLevel": 0,
            "maxLevel": -1,
            "weight": 4,
            "value": {
              "amount": -8.0,
              "abilityKey": "Hunter"
            }
          }
        ]
      },
      {
        "attribute": "the_vault:ability_mana_cost_percent",
        "group": "ModEnhancement",
        "identifier": "the_vault:enhancement_mana_mana_shield",
        "tags": [],
        "tiers": [
          {
            "minLevel": 0,
            "maxLevel": -1,
            "weight": 10,
            "value": {
              "amount": -0.3,
              "abilityKey": "Mana Shield"
            }
          },
          {
            "minLevel": 0,
            "maxLevel": -1,
            "weight": 4,
            "value": {
              "amount": -0.65,
              "abilityKey": "Mana Shield"
            }
          }
        ]
      },
      {
        "attribute": "the_vault:ability_mana_cost_flat",
        "group": "ModEnhancement",
        "identifier": "the_vault:enhancement_mana_mega_jump",
        "tags": [],
        "tiers": [
          {
            "minLevel": 0,
            "maxLevel": -1,
            "weight": 10,
            "value": {
              "amount": -8.0,
              "abilityKey": "Mega Jump"
            }
          },
          {
            "minLevel": 0,
            "maxLevel": -1,
            "weight": 4,
            "value": {
              "amount": -16.0,
              "abilityKey": "Mega Jump"
            }
          }
        ]
      },
      {
        "attribute": "the_vault:ability_mana_cost_percent",
        "group": "ModEnhancement",
        "identifier": "the_vault:enhancement_mana_nova",
        "tags": [],
        "tiers": [
          {
            "minLevel": 0,
            "maxLevel": -1,
            "weight": 10,
            "value": {
              "amount": -0.4,
              "abilityKey": "Nova"
            }
          },
          {
            "minLevel": 0,
            "maxLevel": -1,
            "weight": 4,
            "value": {
              "amount": -0.8,
              "abilityKey": "Nova"
            }
          }
        ]
      },
      {
        "attribute": "the_vault:ability_mana_cost_flat",
        "group": "ModEnhancement",
        "identifier": "the_vault:enhancement_mana_rampage",
        "tags": [],
        "tiers": [
          {
            "minLevel": 0,
            "maxLevel": -1,
            "weight": 10,
            "value": {
              "amount": -1.0,
              "abilityKey": "Rampage"
            }
          },
          {
            "minLevel": 0,
            "maxLevel": -1,
            "weight": 4,
            "value": {
              "amount": -2.5,
              "abilityKey": "Rampage"
            }
          }
        ]
      },
      {
        "attribute": "the_vault:ability_mana_cost_percent",
        "group": "ModEnhancement",
        "identifier": "the_vault:enhancement_mana_tank",
        "tags": [],
        "tiers": [
          {
            "minLevel": 0,
            "maxLevel": -1,
            "weight": 10,
            "value": {
              "amount": -0.35,
              "abilityKey": "Tank"
            }
          },
          {
            "minLevel": 0,
            "maxLevel": -1,
            "weight": 4,
            "value": {
              "amount": -0.7,
              "abilityKey": "Tank"
            }
          }
        ]
      },
      {
        "attribute": "the_vault:ability_mana_cost_percent",
        "group": "ModEnhancement",
        "identifier": "the_vault:enhancement_mana_taunt",
        "tags": [],
        "tiers": [
          {
            "minLevel": 0,
            "maxLevel": -1,
            "weight": 10,
            "value": {
              "amount": -0.6,
              "abilityKey": "Taunt"
            }
          },
          {
            "minLevel": 0,
            "maxLevel": -1,
            "weight": 4,
            "value": {
              "amount": -1.0,
              "abilityKey": "Taunt"
            }
          }
        ]
      },
      {
        "attribute": "the_vault:ability_cooldown_percent",
        "group": "ModEnhancement",
        "identifier": "the_vault:enhancement_cooldown_dash",
        "tags": [],
        "tiers": [
          {
            "minLevel": 0,
            "maxLevel": -1,
            "weight": 10,
            "value": {
              "amount": -0.25,
              "abilityKey": "Dash"
            }
          },
          {
            "minLevel": 0,
            "maxLevel": -1,
            "weight": 4,
            "value": {
              "amount": -0.6,
              "abilityKey": "Dash"
            }
          }
        ]
      },
      {
        "attribute": "the_vault:ability_cooldown_percent",
        "group": "ModEnhancement",
        "identifier": "the_vault:enhancement_cooldown_eternal",
        "tags": [],
        "tiers": [
          {
            "minLevel": 0,
            "maxLevel": -1,
            "weight": 0,
            "value": {
              "amount": -0.2,
              "abilityKey": "Summon Eternal"
            }
          },
          {
            "minLevel": 0,
            "maxLevel": -1,
            "weight": 0,
            "value": {
              "amount": -0.45,
              "abilityKey": "Summon Eternal"
            }
          }
        ]
      },
      {
        "attribute": "the_vault:ability_cooldown_percent",
        "group": "ModEnhancement",
        "identifier": "the_vault:enhancement_cooldown_execute",
        "tags": [],
        "tiers": [
          {
            "minLevel": 0,
            "maxLevel": -1,
            "weight": 10,
            "value": {
              "amount": -0.3,
              "abilityKey": "Execute"
            }
          },
          {
            "minLevel": 0,
            "maxLevel": -1,
            "weight": 4,
            "value": {
              "amount": -0.5,
              "abilityKey": "Execute"
            }
          }
        ]
      },
      {
        "attribute": "the_vault:ability_cooldown_percent",
        "group": "ModEnhancement",
        "identifier": "the_vault:enhancement_cooldown_farmer",
        "tags": [],
        "tiers": [
          {
            "minLevel": 0,
            "maxLevel": -1,
            "weight": 10,
            "value": {
              "amount": -0.6,
              "abilityKey": "Farmer"
            }
          },
          {
            "minLevel": 0,
            "maxLevel": -1,
            "weight": 4,
            "value": {
              "amount": -1.0,
              "abilityKey": "Farmer"
            }
          }
        ]
      },
      {
        "attribute": "the_vault:ability_cooldown_percent",
        "group": "ModEnhancement",
        "identifier": "the_vault:enhancement_cooldown_ghost_walk",
        "tags": [],
        "tiers": [
          {
            "minLevel": 0,
            "maxLevel": -1,
            "weight": 10,
            "value": {
              "amount": -0.25,
              "abilityKey": "Ghost Walk"
            }
          },
          {
            "minLevel": 0,
            "maxLevel": -1,
            "weight": 4,
            "value": {
              "amount": -0.5,
              "abilityKey": "Ghost Walk"
            }
          }
        ]
      },
      {
        "attribute": "the_vault:ability_cooldown_flat",
        "group": "ModEnhancement",
        "identifier": "the_vault:enhancement_cooldown_heal",
        "tags": [],
        "tiers": [
          {
            "minLevel": 0,
            "maxLevel": -1,
            "weight": 10,
            "value": {
              "amount": -50.0,
              "abilityKey": "Heal"
            }
          },
          {
            "minLevel": 0,
            "maxLevel": -1,
            "weight": 4,
            "value": {
              "amount": -120.0,
              "abilityKey": "Heal"
            }
          }
        ]
      },
      {
        "attribute": "the_vault:ability_cooldown_percent",
        "group": "ModEnhancement",
        "identifier": "the_vault:enhancement_cooldown_hunter",
        "tags": [],
        "tiers": [
          {
            "minLevel": 0,
            "maxLevel": -1,
            "weight": 10,
            "value": {
              "amount": -0.3,
              "abilityKey": "Hunter"
            }
          },
          {
            "minLevel": 0,
            "maxLevel": -1,
            "weight": 4,
            "value": {
              "amount": -0.5,
              "abilityKey": "Hunter"
            }
          }
        ]
      },
      {
        "attribute": "the_vault:ability_cooldown_flat",
        "group": "ModEnhancement",
        "identifier": "the_vault:enhancement_cooldown_manashield",
        "tags": [],
        "tiers": [
          {
            "minLevel": 0,
            "maxLevel": -1,
            "weight": 10,
            "value": {
              "amount": -180.0,
              "abilityKey": "Mana Shield"
            }
          },
          {
            "minLevel": 0,
            "maxLevel": -1,
            "weight": 4,
            "value": {
              "amount": -340.0,
              "abilityKey": "Mana Shield"
            }
          }
        ]
      },
      {
        "attribute": "the_vault:ability_cooldown_flat",
        "group": "ModEnhancement",
        "identifier": "the_vault:enhancement_cooldown_mega_jump",
        "tags": [],
        "tiers": [
          {
            "minLevel": 0,
            "maxLevel": -1,
            "weight": 10,
            "value": {
              "amount": -80.0,
              "abilityKey": "Mega Jump"
            }
          },
          {
            "minLevel": 0,
            "maxLevel": -1,
            "weight": 4,
            "value": {
              "amount": -140.0,
              "abilityKey": "Mega Jump"
            }
          }
        ]
      },
      {
        "attribute": "the_vault:ability_cooldown_flat",
        "group": "ModEnhancement",
        "identifier": "the_vault:enhancement_cooldown_nova",
        "tags": [],
        "tiers": [
          {
            "minLevel": 0,
            "maxLevel": -1,
            "weight": 10,
            "value": {
              "amount": -60.0,
              "abilityKey": "Nova"
            }
          },
          {
            "minLevel": 0,
            "maxLevel": -1,
            "weight": 4,
            "value": {
              "amount": -120.0,
              "abilityKey": "Nova"
            }
          }
        ]
      },
      {
        "attribute": "the_vault:ability_cooldown_percent",
        "group": "ModEnhancement",
        "identifier": "the_vault:enhancement_cooldown_rampage",
        "tags": [],
        "tiers": [
          {
            "minLevel": 0,
            "maxLevel": -1,
            "weight": 10,
            "value": {
              "amount": -0.3,
              "abilityKey": "Rampage"
            }
          },
          {
            "minLevel": 0,
            "maxLevel": -1,
            "weight": 4,
            "value": {
              "amount": -0.7,
              "abilityKey": "Rampage"
            }
          }
        ]
      },
      {
        "attribute": "the_vault:ability_cooldown_percent",
        "group": "ModEnhancement",
        "identifier": "the_vault:enhancement_cooldown_tank",
        "tags": [],
        "tiers": [
          {
            "minLevel": 0,
            "maxLevel": -1,
            "weight": 10,
            "value": {
              "amount": -0.3,
              "abilityKey": "Tank"
            }
          },
          {
            "minLevel": 0,
            "maxLevel": -1,
            "weight": 4,
            "value": {
              "amount": -0.7,
              "abilityKey": "Tank"
            }
          }
        ]
      },
      {
        "attribute": "the_vault:ability_cooldown_percent",
        "group": "ModEnhancement",
        "identifier": "the_vault:enhancement_cooldown_taunt",
        "tags": [],
        "tiers": [
          {
            "minLevel": 0,
            "maxLevel": -1,
            "weight": 10,
            "value": {
              "amount": -0.25,
              "abilityKey": "Taunt"
            }
          },
          {
            "minLevel": 0,
            "maxLevel": -1,
            "weight": 4,
            "value": {
              "amount": -0.4,
              "abilityKey": "Taunt"
            }
          }
        ]
      }
    ],
    "CRAFTED_PREFIX": [
      {
        "attribute": "the_vault:armor",
        "group": "ModArmor",
        "identifier": "the_vault:crafted_armor",
        "tags": [
          "focusArmor"
        ],
        "tiers": [
          {
            "minLevel": 0,
            "maxLevel": -1,
            "weight": 100,
            "value": {
              "min": 1,
              "max": 2,
              "step": 1
            }
          },
          {
            "minLevel": 16,
            "maxLevel": -1,
            "weight": 80,
            "value": {
              "min": 3,
              "max": 4,
              "step": 1
            }
          },
          {
            "minLevel": 38,
            "maxLevel": -1,
            "weight": 60,
            "value": {
              "min": 5,
              "max": 6,
              "step": 1
            }
          },
          {
            "minLevel": 62,
            "maxLevel": -1,
            "weight": 60,
            "value": {
              "min": 7,
              "max": 8,
              "step": 1
            }
          },
          {
            "minLevel": 88,
            "maxLevel": -1,
            "weight": 60,
            "value": {
              "min": 9,
              "max": 10,
              "step": 1
            }
          }
        ]
      },
      {
        "attribute": "the_vault:health",
        "group": "ModHealthMana",
        "identifier": "the_vault:crafted_health",
        "tags": [
          "focusHealth"
        ],
        "tiers": [
          {
            "minLevel": 0,
            "maxLevel": -1,
            "weight": 100,
            "value": {
              "min": 2,
              "max": 3,
              "step": 1
            }
          },
          {
            "minLevel": 16,
            "maxLevel": -1,
            "weight": 85,
            "value": {
              "min": 4,
              "max": 5,
              "step": 1
            }
          },
          {
            "minLevel": 29,
            "maxLevel": -1,
            "weight": 60,
            "value": {
              "min": 6,
              "max": 7,
              "step": 1
            }
          },
          {
            "minLevel": 47,
            "maxLevel": -1,
            "weight": 30,
            "value": {
              "min": 8,
              "max": 9,
              "step": 1
            }
          },
          {
            "minLevel": 69,
            "maxLevel": -1,
            "weight": 20,
            "value": {
              "min": 10,
              "max": 11,
              "step": 1
            }
          },
          {
            "minLevel": 88,
            "maxLevel": -1,
            "weight": 20,
            "value": {
              "min": 12,
              "max": 12,
              "step": 1
            }
          }
        ]
      },
      {
        "attribute": "the_vault:durability",
        "group": "ModDurability",
        "identifier": "the_vault:crafted_durability",
        "tags": [
          "focusDurability"
        ],
        "tiers": [
          {
            "minLevel": 11,
            "maxLevel": -1,
            "weight": 100,
            "value": {
              "min": 400,
              "max": 800,
              "step": 1
            }
          },
          {
            "minLevel": 28,
            "maxLevel": -1,
            "weight": 100,
            "value": {
              "min": 801,
              "max": 1600,
              "step": 1
            }
          },
          {
            "minLevel": 46,
            "maxLevel": -1,
            "weight": 100,
            "value": {
              "min": 1601,
              "max": 2400,
              "step": 1
            }
          },
          {
            "minLevel": 67,
            "maxLevel": -1,
            "weight": 100,
            "value": {
              "min": 2401,
              "max": 3200,
              "step": 1
            }
          },
          {
            "minLevel": 89,
            "maxLevel": -1,
            "weight": 100,
            "value": {
              "min": 3201,
              "max": 4000,
              "step": 1
            }
          }
        ]
      },
      {
        "attribute": "the_vault:mana_additive_percentile",
        "group": "ModHealthMana",
        "identifier": "the_vault:crafted_mana_additive_percentile",
        "tags": [
          "focusManaPercentile"
        ],
        "tiers": [
          {
            "minLevel": 41,
            "maxLevel": -1,
            "weight": 100,
            "value": {
              "min": 0.1,
              "max": 0.2,
              "step": 0.01
            }
          },
          {
            "minLevel": 64,
            "maxLevel": -1,
            "weight": 100,
            "value": {
              "min": 0.21,
              "max": 0.3,
              "step": 0.01
            }
          },
          {
            "minLevel": 80,
            "maxLevel": -1,
            "weight": 100,
            "value": {
              "min": 0.31,
              "max": 0.4,
              "step": 0.01
            }
          },
          {
            "minLevel": 96,
            "maxLevel": -1,
            "weight": 100,
            "value": {
              "min": 0.41,
              "max": 0.5,
              "step": 0.01
            }
          }
        ]
      },
      {
        "attribute": "the_vault:resistance",
        "group": "ModResistance",
        "identifier": "the_vault:crafted_resistance",
        "tags": [
          "focusResistance"
        ],
        "tiers": [
          {
            "minLevel": 17,
            "maxLevel": -1,
            "weight": 100,
            "value": {
              "min": 0.04,
              "max": 0.06,
              "step": 0.01
            }
          },
          {
            "minLevel": 36,
            "maxLevel": -1,
            "weight": 80,
            "value": {
              "min": 0.07,
              "max": 0.09,
              "step": 0.01
            }
          },
          {
            "minLevel": 57,
            "maxLevel": -1,
            "weight": 60,
            "value": {
              "min": 0.1,
              "max": 0.12,
              "step": 0.01
            }
          },
          {
            "minLevel": 82,
            "maxLevel": -1,
            "weight": 60,
            "value": {
              "min": 0.13,
              "max": 0.16,
              "step": 0.01
            }
          }
        ]
      },
      {
        "attribute": "the_vault:knockback_resistance",
        "group": "ModKnockbackResistance",
        "identifier": "the_vault:crafted_knockback_resistance",
        "tags": [
          "focusKnockbackRes"
        ],
        "tiers": [
          {
            "minLevel": 0,
            "maxLevel": -1,
            "weight": 100,
            "value": {
              "min": 0.05,
              "max": 0.1,
              "step": 0.01
            }
          },
          {
            "minLevel": 15,
            "maxLevel": -1,
            "weight": 100,
            "value": {
              "min": 0.11,
              "max": 0.14,
              "step": 0.01
            }
          },
          {
            "minLevel": 32,
            "maxLevel": -1,
            "weight": 100,
            "value": {
              "min": 0.15,
              "max": 0.19,
              "step": 0.01
            }
          },
          {
            "minLevel": 57,
            "maxLevel": -1,
            "weight": 100,
            "value": {
              "min": 0.2,
              "max": 0.24,
              "step": 0.01
            }
          },
          {
            "minLevel": 89,
            "maxLevel": -1,
            "weight": 100,
            "value": {
              "min": 0.25,
              "max": 0.3,
              "step": 0.01
            }
          }
        ]
      },
      {
        "attribute": "the_vault:damage_increase",
        "group": "ModResistance",
        "identifier": "the_vault:crafted_damage_increase",
        "tags": [
          "focusDamage"
        ],
        "tiers": [
          {
            "minLevel": 6,
            "maxLevel": -1,
            "weight": 100,
            "value": {
              "min": 0.05,
              "max": 0.09,
              "step": 0.01
            }
          },
          {
            "minLevel": 21,
            "maxLevel": -1,
            "weight": 100,
            "value": {
              "min": 0.1,
              "max": 0.14,
              "step": 0.01
            }
          },
          {
            "minLevel": 44,
            "maxLevel": -1,
            "weight": 100,
            "value": {
              "min": 0.15,
              "max": 0.21,
              "step": 0.01
            }
          },
          {
            "minLevel": 73,
            "maxLevel": -1,
            "weight": 100,
            "value": {
              "min": 0.22,
              "max": 0.28,
              "step": 0.01
            }
          },
          {
            "minLevel": 90,
            "maxLevel": -1,
            "weight": 100,
            "value": {
              "min": 0.29,
              "max": 0.35,
              "step": 0.01
            }
          }
        ]
      },
      {
        "attribute": "the_vault:ability_power_percent",
        "group": "ModResistance",
        "identifier": "the_vault:crafted_ap_increase",
        "tags": [
          "focusAbilityDamage"
        ],
        "tiers": [
          {
            "minLevel": 20,
            "maxLevel": -1,
            "weight": 600,
            "value": {
              "min": 0.04,
              "max": 0.07,
              "step": 0.01
            }
          },
          {
            "minLevel": 42,
            "maxLevel": -1,
            "weight": 600,
            "value": {
              "min": 0.08,
              "max": 0.11,
              "step": 0.01
            }
          },
          {
            "minLevel": 68,
            "maxLevel": -1,
            "weight": 600,
            "value": {
              "min": 0.12,
              "max": 0.15,
              "step": 0.01
            }
          },
          {
            "minLevel": 87,
            "maxLevel": -1,
            "weight": 600,
            "value": {
              "min": 0.16,
              "max": 0.2,
              "step": 0.01
            }
          }
        ]
      }
    ],
    "CRAFTED_SUFFIX": [
      {
        "attribute": "the_vault:cooldown_reduction",
        "group": "ModCooldownReduction",
        "identifier": "the_vault:crafted_cooldown_reduction",
        "tags": [
          "focusCooldown"
        ],
        "tiers": [
          {
            "minLevel": 20,
            "maxLevel": -1,
            "weight": 100,
            "value": {
              "min": 0.03,
              "max": 0.05,
              "step": 0.01
            }
          },
          {
            "minLevel": 39,
            "maxLevel": -1,
            "weight": 100,
            "value": {
              "min": 0.06,
              "max": 0.08,
              "step": 0.01
            }
          },
          {
            "minLevel": 59,
            "maxLevel": -1,
            "weight": 100,
            "value": {
              "min": 0.09,
              "max": 0.11,
              "step": 0.01
            }
          },
          {
            "minLevel": 70,
            "maxLevel": -1,
            "weight": 100,
            "value": {
              "min": 0.12,
              "max": 0.14,
              "step": 0.01
            }
          },
          {
            "minLevel": 85,
            "maxLevel": -1,
            "weight": 100,
            "value": {
              "min": 0.15,
              "max": 0.17,
              "step": 0.01
            }
          },
          {
            "minLevel": 92,
            "maxLevel": -1,
            "weight": 100,
            "value": {
              "min": 0.18,
              "max": 0.2,
              "step": 0.01
            }
          }
        ]
      },
      {
        "attribute": "the_vault:healing_effectiveness",
        "group": "ModHealthEff",
        "identifier": "the_vault:crafted_healing_efficiency",
        "tags": [
          "focusHealingEff"
        ],
        "tiers": [
          {
            "minLevel": 12,
            "maxLevel": -1,
            "weight": 100,
            "value": {
              "min": 0.05,
              "max": 0.1,
              "step": 0.01
            }
          },
          {
            "minLevel": 25,
            "maxLevel": -1,
            "weight": 100,
            "value": {
              "min": 0.11,
              "max": 0.18,
              "step": 0.01
            }
          },
          {
            "minLevel": 46,
            "maxLevel": -1,
            "weight": 100,
            "value": {
              "min": 0.19,
              "max": 0.26,
              "step": 0.01
            }
          },
          {
            "minLevel": 66,
            "maxLevel": -1,
            "weight": 100,
            "value": {
              "min": 0.27,
              "max": 0.32,
              "step": 0.01
            }
          },
          {
            "minLevel": 82,
            "maxLevel": -1,
            "weight": 100,
            "value": {
              "min": 0.33,
              "max": 0.37,
              "step": 0.01
            }
          },
          {
            "minLevel": 98,
            "maxLevel": -1,
            "weight": 100,
            "value": {
              "min": 0.38,
              "max": 0.42,
              "step": 0.01
            }
          }
        ]
      },
      {
        "attribute": "the_vault:item_quantity",
        "group": "ModItemQuantity",
        "identifier": "the_vault:crafted_item_quantity",
        "tags": [
          "focusItemQuantity"
        ],
        "tiers": [
          {
            "minLevel": 0,
            "maxLevel": -1,
            "weight": 100,
            "value": {
              "min": 0.03,
              "max": 0.05,
              "step": 0.01
            }
          },
          {
            "minLevel": 22,
            "maxLevel": -1,
            "weight": 100,
            "value": {
              "min": 0.06,
              "max": 0.08,
              "step": 0.01
            }
          },
          {
            "minLevel": 45,
            "maxLevel": -1,
            "weight": 100,
            "value": {
              "min": 0.09,
              "max": 0.11,
              "step": 0.01
            }
          },
          {
            "minLevel": 72,
            "maxLevel": -1,
            "weight": 100,
            "value": {
              "min": 0.12,
              "max": 0.13,
              "step": 0.01
            }
          },
          {
            "minLevel": 93,
            "maxLevel": -1,
            "weight": 100,
            "value": {
              "min": 0.14,
              "max": 0.15,
              "step": 0.01
            }
          }
        ]
      },
      {
        "attribute": "the_vault:item_rarity",
        "group": "ModItemRarity",
        "identifier": "the_vault:crafted_item_rarity",
        "tags": [
          "focusItemRarity"
        ],
        "tiers": [
          {
            "minLevel": 0,
            "maxLevel": -1,
            "weight": 100,
            "value": {
              "min": 0.05,
              "max": 0.08,
              "step": 0.01
            }
          },
          {
            "minLevel": 25,
            "maxLevel": -1,
            "weight": 100,
            "value": {
              "min": 0.09,
              "max": 0.13,
              "step": 0.01
            }
          },
          {
            "minLevel": 51,
            "maxLevel": -1,
            "weight": 100,
            "value": {
              "min": 0.14,
              "max": 0.19,
              "step": 0.01
            }
          },
          {
            "minLevel": 78,
            "maxLevel": -1,
            "weight": 100,
            "value": {
              "min": 0.20,
              "max": 0.25,
              "step": 0.01
            }
          },
          {
            "minLevel": 95,
            "maxLevel": -1,
            "weight": 100,
            "value": {
              "min": 0.26,
              "max": 0.3,
              "step": 0.01
            }
          }
        ]
      },
      {
        "attribute": "the_vault:trap_disarming",
        "group": "ModTrapDisarming",
        "identifier": "the_vault:crafted_trap_disarming",
        "tags": [
          "focusTrapDisarming"
        ],
        "tiers": [
          {
            "minLevel": 10,
            "maxLevel": -1,
            "weight": 100,
            "value": {
              "min": 0.05,
              "max": 0.08,
              "step": 0.01
            }
          },
          {
            "minLevel": 21,
            "maxLevel": -1,
            "weight": 100,
            "value": {
              "min": 0.09,
              "max": 0.12,
              "step": 0.01
            }
          },
          {
            "minLevel": 35,
            "maxLevel": -1,
            "weight": 100,
            "value": {
              "min": 0.13,
              "max": 0.16,
              "step": 0.01
            }
          },
          {
            "minLevel": 50,
            "maxLevel": -1,
            "weight": 100,
            "value": {
              "min": 0.17,
              "max": 0.2,
              "step": 0.01
            }
          }
        ]
      },
      {
        "attribute": "the_vault:mana_regen",
        "group": "ModManaRegen",
        "identifier": "the_vault:crafted_mana_regen",
        "tags": [
          "focusManaRegen"
        ],
        "tiers": [
          {
            "minLevel": 0,
            "maxLevel": -1,
            "weight": 100,
            "value": {
              "min": 0.1,
              "max": 0.2,
              "step": 0.01
            }
          },
          {
            "minLevel": 23,
            "maxLevel": -1,
            "weight": 90,
            "value": {
              "min": 0.21,
              "max": 0.3,
              "step": 0.01
            }
          },
          {
            "minLevel": 34,
            "maxLevel": -1,
            "weight": 80,
            "value": {
              "min": 0.31,
              "max": 0.4,
              "step": 0.01
            }
          },
          {
            "minLevel": 46,
            "maxLevel": -1,
            "weight": 70,
            "value": {
              "min": 0.41,
              "max": 0.5,
              "step": 0.01
            }
          },
          {
            "minLevel": 55,
            "maxLevel": -1,
            "weight": 60,
            "value": {
              "min": 0.51,
              "max": 0.6,
              "step": 0.01
            }
          },
          {
            "minLevel": 67,
            "maxLevel": -1,
            "weight": 60,
            "value": {
              "min": 0.61,
              "max": 0.7,
              "step": 0.01
            }
          },
          {
            "minLevel": 81,
            "maxLevel": -1,
            "weight": 60,
            "value": {
              "min": 0.71,
              "max": 0.8,
              "step": 0.01
            }
          },
          {
            "minLevel": 92,
            "maxLevel": -1,
            "weight": 60,
            "value": {
              "min": 0.81,
              "max": 1.0,
              "step": 0.01
            }
          }
        ]
      },
      {
        "attribute": "the_vault:soul_chance",
        "group": "ModSoulChance",
        "identifier": "the_vault:crafted_soul_chance",
        "tags": [
          "focusSoulChance"
        ],
        "tiers": [
          {
            "minLevel": 22,
            "maxLevel": -1,
            "weight": 100,
            "value": {
              "min": 0.1,
              "max": 0.2,
              "step": 0.01
            }
          },
          {
            "minLevel": 44,
            "maxLevel": -1,
            "weight": 100,
            "value": {
              "min": 0.21,
              "max": 0.3,
              "step": 0.01
            }
          },
          {
            "minLevel": 66,
            "maxLevel": -1,
            "weight": 100,
            "value": {
              "min": 0.31,
              "max": 0.4,
              "step": 0.01
            }
          },
          {
            "minLevel": 87,
            "maxLevel": -1,
            "weight": 100,
            "value": {
              "min": 0.41,
              "max": 0.5,
              "step": 0.01
            }
          }
        ]
      },
      {
        "attribute": "the_vault:area_of_effect",
        "group": "ModEffectRadius",
        "identifier": "the_vault:crafted_area_of_effect",
        "tags": [
          "focusEffectRadius"
        ],
        "tiers": [
          {
            "minLevel": 0,
            "maxLevel": 62,
            "weight": 100,
            "value": {
              "min": 0.03,
              "max": 0.07,
              "step": 0.01
            }
          },
          {
            "minLevel": 40,
            "maxLevel": -1,
            "weight": 100,
            "value": {
              "min": 0.08,
              "max": 0.11,
              "step": 0.01
            }
          },
          {
            "minLevel": 63,
            "maxLevel": -1,
            "weight": 100,
            "value": {
              "min": 0.12,
              "max": 0.16,
              "step": 0.01
            }
          },
          {
            "minLevel": 89,
            "maxLevel": -1,
            "weight": 100,
            "value": {
              "min": 0.17,
              "max": 0.2,
              "step": 0.01
            }
          }
        ]
      }
    ]
  }
}