{
  "modifierGroup": {
    "IMPLICIT": [
      {
        "attribute": "the_vault:durability",
        "group": "BaseDurability",
        "identifier": "the_vault:base_durability",
        "tiers": [
          {
            "minLevel": 0,
            "maxLevel": 50,
            "weight": 10,
            "value": {
              "min": 800,
              "max": 1600,
              "step": 1
            }
          },
          {
            "minLevel": 21,
            "maxLevel": -1,
            "weight": 10,
            "value": {
              "min": 1601,
              "max": 2400,
              "step": 1
            }
          },
          {
            "minLevel": 42,
            "maxLevel": -1,
            "weight": 10,
            "value": {
              "min": 2401,
              "max": 3200,
              "step": 1
            }
          },
          {
            "minLevel": 63,
            "maxLevel": -1,
            "weight": 10,
            "value": {
              "min": 3201,
              "max": 4000,
              "step": 1
            }
          },
          {
            "minLevel": 88,
            "maxLevel": -1,
            "weight": 10,
            "value": {
              "min": 4001,
              "max": 5000,
              "step": 1
            }
          }
        ]
      },
      {
        "attribute": "the_vault:effect_immunity",
        "group": "modImmunity",
        "identifier": "the_vault:mod_immunity_weakness",
        "tiers": [
          {
            "minLevel": 0,
            "maxLevel": -1,
            "weight": 10,
            "value": {
              "registryKey": "minecraft:weakness"
            }
          }
        ]
      },
      {
        "attribute": "the_vault:effect_immunity",
        "group": "modImmunity",
        "identifier": "the_vault:mod_immunity_wither",
        "tiers": [
          {
            "minLevel": 0,
            "maxLevel": -1,
            "weight": 10,
            "value": {
              "registryKey": "minecraft:wither"
            }
          }
        ]
      },
      {
        "attribute": "the_vault:effect_immunity",
        "group": "modImmunity",
        "identifier": "the_vault:mod_immunity_hunger",
        "tiers": [
          {
            "minLevel": 0,
            "maxLevel": -1,
            "weight": 10,
            "value": {
              "registryKey": "minecraft:hunger"
            }
          }
        ]
      },
      {
        "attribute": "the_vault:effect_immunity",
        "group": "modImmunity",
        "identifier": "the_vault:mod_immunity_slowness",
        "tiers": [
          {
            "minLevel": 0,
            "maxLevel": -1,
            "weight": 10,
            "value": {
              "registryKey": "minecraft:slowness"
            }
          }
        ]
      },
      {
        "attribute": "the_vault:effect_immunity",
        "group": "modImmunity",
        "identifier": "the_vault:mod_immunity_fatigue",
        "tiers": [
          {
            "minLevel": 65,
            "maxLevel": -1,
            "weight": 10,
            "value": {
              "registryKey": "minecraft:mining_fatigue"
            }
          }
        ]
      },
      {
        "attribute": "the_vault:effect_immunity",
        "group": "modImmunity",
        "identifier": "the_vault:mod_immunity_poison",
        "tiers": [
          {
            "minLevel": 65,
            "maxLevel": -1,
            "weight": 10,
            "value": {
              "registryKey": "minecraft:poison"
            }
          }
        ]
      },
      {
        "attribute": "the_vault:effect_immunity",
        "group": "modImmunity",
        "identifier": "the_vault:mod_immunity_time",
        "tiers": [
          {
            "minLevel": 80,
            "maxLevel": -1,
            "weight": 10,
            "value": {
              "registryKey": "the_vault:time_acceleration"
            }
          }
        ]
      },
      {
        "attribute": "the_vault:effect",
        "group": "modImmunity",
        "identifier": "the_vault:potion_effect_plush_nv",
        "tags": [],
        "tiers": [
          {
            "minLevel": 0,
            "maxLevel": -1,
            "weight": 10,
            "value": {
              "effectKey": "minecraft:night_vision",
              "amplifier": 1
            }
          }
        ]
      },
      {
        "attribute": "the_vault:effect",
        "group": "modImmunity",
        "identifier": "the_vault:potion_effect_plush_sf",
        "tags": [],
        "tiers": [
          {
            "minLevel": 0,
            "maxLevel": -1,
            "weight": 10,
            "value": {
              "effectKey": "minecraft:slow_falling",
              "amplifier": 1
            }
          }
        ]
      },
      {
        "attribute": "the_vault:effect",
        "group": "modImmunity",
        "identifier": "the_vault:potion_effect_plush_cl",
        "tags": [],
        "tiers": [
          {
            "minLevel": 0,
            "maxLevel": -1,
            "weight": 10,
            "value": {
              "effectKey": "alexsmobs:clinging",
              "amplifier": 1
            }
          }
        ]
      },
      {
        "attribute": "the_vault:effect",
        "group": "modImmunity",
        "identifier": "the_vault:potion_effect_plush_jb",
        "tags": [],
        "tiers": [
          {
            "minLevel": 0,
            "maxLevel": -1,
            "weight": 10,
            "value": {
              "effectKey": "minecraft:jump_boost",
              "amplifier": 2
            }
          },
          {
            "minLevel": 65,
            "maxLevel": -1,
            "weight": 10,
            "value": {
              "effectKey": "minecraft:jump_boost",
              "amplifier": 3
            }
          },
          {
            "minLevel": 80,
            "maxLevel": -1,
            "weight": 10,
            "value": {
              "effectKey": "minecraft:jump_boost",
              "amplifier": 4
            }
          }
        ]
      },
      {
        "attribute": "the_vault:effect",
        "group": "modImmunity",
        "identifier": "the_vault:potion_effect_plush_explosion",
        "tags": [],
        "tiers": [
          {
            "minLevel": 0,
            "maxLevel": -1,
            "weight": 10,
            "value": {
              "effectKey": "cofh_core:explosion_resistance",
              "amplifier": 4
            }
          },
          {
            "minLevel": 40,
            "maxLevel": -1,
            "weight": 10,
            "value": {
              "effectKey": "cofh_core:explosion_resistance",
              "amplifier": 8
            }
          },
          {
            "minLevel": 65,
            "maxLevel": -1,
            "weight": 10,
            "value": {
              "effectKey": "cofh_core:explosion_resistance",
              "amplifier": 10
            }
          }
        ]
      },
      {
        "attribute": "the_vault:effect",
        "group": "modImmunity",
        "identifier": "the_vault:potion_effect_plush_breathing",
        "tags": [],
        "tiers": [
          {
            "minLevel": 0,
            "maxLevel": -1,
            "weight": 10,
            "value": {
              "effectKey": "minecraft:water_breathing",
              "amplifier": 1
            }
          }
        ]
      },
      {
        "attribute": "the_vault:effect",
        "group": "modImmunity",
        "identifier": "the_vault:potion_effect_plush_saturation",
        "tags": [],
        "tiers": [
          {
            "minLevel": 0,
            "maxLevel": -1,
            "weight": 10,
            "value": {
              "effectKey": "minecraft:saturation",
              "amplifier": 1
            }
          },
          {
            "minLevel": 0,
            "maxLevel": -1,
            "weight": 10,
            "value": {
              "effectKey": "minecraft:saturation",
              "amplifier": 2
            }
          }
        ]
      },
      {
        "attribute": "the_vault:fire_immunity",
        "group": "modImmunity",
        "identifier": "the_vault:fireimmunity",
        "tags": [],
        "tiers": [
          {
            "minLevel": 0,
            "maxLevel": -1,
            "weight": 10,
            "value": {
              "flag": true
            }
          }
        ]
      },
      {
        "attribute": "the_vault:soulbound",
        "group": "BaseSoulbound",
        "identifier": "the_vault:base_soulbound",
        "tags": [],
        "tiers": [
          {
            "minLevel": 0,
            "maxLevel": -1,
            "weight": 20,
            "value": {
              "flag": true
            }
          }
        ]
      },
      {
        "attribute": "the_vault:soulbound",
        "group": "BaseSoulbound",
        "identifier": "the_vault:base_no_soulbound",
        "tags": [],
        "tiers": [
          {
            "minLevel": 0,
            "maxLevel": -1,
            "weight": 80,
            "value": {
              "flag": false
            }
          }
        ]
      }
    ],
    "PREFIX": [
      {
        "attribute": "the_vault:critical_hit_mitigation",
        "group": "BaseBonusPool",
        "identifier": "the_vault:base_critical_hit_mitigation",
        "tiers": [
          {
            "minLevel": 20,
            "maxLevel": 64,
            "weight": 100,
            "value": {
              "min": 0.05,
              "max": 0.15,
              "step": 0.01
            }
          },
          {
            "minLevel": 40,
            "maxLevel": 78,
            "weight": 100,
            "value": {
              "min": 0.16,
              "max": 0.24,
              "step": 0.01
            }
          },
          {
            "minLevel": 65,
            "maxLevel": -1,
            "weight": 100,
            "value": {
              "min": 0.25,
              "max": 0.3,
              "step": 0.01
            }
          },
          {
            "minLevel": 79,
            "maxLevel": -1,
            "weight": 100,
            "value": {
              "min": 0.31,
              "max": 0.4,
              "step": 0.01
            }
          }
        ]
      },
      {
        "attribute": "the_vault:ability_power",
        "group": "BaseBonusPool",
        "identifier": "the_vault:base_ap",
        "tiers": [
          {
            "minLevel": 0,
            "maxLevel": 33,
            "weight": 10,
            "value": {
              "min": 2.0,
              "max": 6.0,
              "step": 0.5
            }
          },
          {
            "minLevel": 12,
            "maxLevel": 46,
            "weight": 10,
            "value": {
              "min": 7.0,
              "max": 12.0,
              "step": 0.5
            }
          },
          {
            "minLevel": 20,
            "maxLevel": 61,
            "weight": 10,
            "value": {
              "min": 13.0,
              "max": 16.0,
              "step": 0.5
            }
          },
          {
            "minLevel": 34,
            "maxLevel": 79,
            "weight": 10,
            "value": {
              "min": 17.0,
              "max": 20.0,
              "step": 0.5
            }
          },
          {
            "minLevel": 47,
            "maxLevel": -1,
            "weight": 10,
            "value": {
              "min": 21.0,
              "max": 24.0,
              "step": 0.5
            }
          },
          {
            "minLevel": 62,
            "maxLevel": -1,
            "weight": 10,
            "value": {
              "min": 25.0,
              "max": 28.0,
              "step": 0.5
            }
          },
          {
            "minLevel": 71,
            "maxLevel": -1,
            "weight": 10,
            "value": {
              "min": 29.0,
              "max": 33.0,
              "step": 0.5
            }
          },
          {
            "minLevel": 80,
            "maxLevel": -1,
            "weight": 10,
            "value": {
              "min": 34.0,
              "max": 38.0,
              "step": 0.5
            }
          },
          {
            "minLevel": 86,
            "maxLevel": -1,
            "weight": 10,
            "value": {
              "min": 39.0,
              "max": 44.0,
              "step": 0.5
            }
          },
          {
            "minLevel": 96,
            "maxLevel": -1,
            "weight": 10,
            "value": {
              "min": 45.0,
              "max": 50.0,
              "step": 0.5
            }
          }
        ]
      },
      {
        "attribute": "the_vault:damage_increase",
        "group": "ModResistance",
        "identifier": "the_vault:mod_damage_increase",
        "tags": [
          "focusDamage"
        ],
        "tiers": [
          {
            "minLevel": 6,
            "maxLevel": 72,
            "weight": 600,
            "value": {
              "min": 0.05,
              "max": 0.09,
              "step": 0.01
            }
          },
          {
            "minLevel": 21,
            "maxLevel": 89,
            "weight": 600,
            "value": {
              "min": 0.1,
              "max": 0.14,
              "step": 0.01
            }
          },
          {
            "minLevel": 44,
            "maxLevel": -1,
            "weight": 600,
            "value": {
              "min": 0.15,
              "max": 0.21,
              "step": 0.01
            }
          },
          {
            "minLevel": 73,
            "maxLevel": -1,
            "weight": 600,
            "value": {
              "min": 0.22,
              "max": 0.28,
              "step": 0.01
            }
          },
          {
            "minLevel": 90,
            "maxLevel": -1,
            "weight": 600,
            "value": {
              "min": 0.29,
              "max": 0.35,
              "step": 0.01
            }
          },
          {
            "minLevel": 101,
            "maxLevel": -1,
            "weight": 100,
            "value": {
              "min": 0.36,
              "max": 0.5,
              "step": 0.01
            }
          },
          {
            "minLevel": 102,
            "maxLevel": -1,
            "weight": 100,
            "value": {
              "min": 0.51,
              "max": 0.75,
              "step": 0.01
            }
          }
        ]
      },
      {
        "attribute": "the_vault:movement_speed",
        "group": "BaseBonusPool",
        "identifier": "the_vault:base_movement",
        "tiers": [
          {
            "minLevel": 20,
            "maxLevel": 64,
            "weight": 100,
            "value": {
              "min": 0.02,
              "max": 0.06,
              "step": 0.01
            }
          },
          {
            "minLevel": 40,
            "maxLevel": 84,
            "weight": 100,
            "value": {
              "min": 0.07,
              "max": 0.1,
              "step": 0.01
            }
          },
          {
            "minLevel": 65,
            "maxLevel": -1,
            "weight": 100,
            "value": {
              "min": 0.11,
              "max": 0.14,
              "step": 0.01
            }
          },
          {
            "minLevel": 85,
            "maxLevel": -1,
            "weight": 100,
            "value": {
              "min": 0.15,
              "max": 0.2,
              "step": 0.01
            }
          }
        ]
      },
      {
        "attribute": "the_vault:on_hit_chain",
        "group": "ModOnHitType",
        "identifier": "the_vault:mod_on_hit_chain",
        "tags": [
          "focusChaining"
        ],
        "tiers": [
          {
            "minLevel": 5,
            "maxLevel": -1,
            "weight": 5,
            "value": {
              "min": 1,
              "max": 1,
              "step": 1
            }
          },
          {
            "minLevel": 40,
            "maxLevel": -1,
            "weight": 5,
            "value": {
              "min": 2,
              "max": 2,
              "step": 1
            }
          },
          {
            "minLevel": 98,
            "maxLevel": -1,
            "weight": 5,
            "value": {
              "min": 3,
              "max": 3,
              "step": 1
            }
          },
          {
            "minLevel": 101,
            "maxLevel": -1,
            "weight": 5,
            "value": {
              "min": 4,
              "max": 4,
              "step": 1
            }
          },
          {
            "minLevel": 102,
            "maxLevel": -1,
            "weight": 5,
            "value": {
              "min": 5,
              "max": 5,
              "step": 1
            }
          }
        ]
      },
      {
        "attribute": "the_vault:damage_champion",
        "group": "modDamageChampion",
        "identifier": "the_vault:mod_damage_champion",
        "tags": [
          "focusDamageChampion"
        ],
        "tiers": [
          {
            "minLevel": 0,
            "maxLevel": 79,
            "weight": 7,
            "value": {
              "min": 0.05,
              "max": 0.1,
              "step": 0.01
            }
          },
          {
            "minLevel": 36,
            "maxLevel": -1,
            "weight": 7,
            "value": {
              "min": 0.11,
              "max": 0.2,
              "step": 0.01
            }
          },
          {
            "minLevel": 62,
            "maxLevel": -1,
            "weight": 7,
            "value": {
              "min": 0.21,
              "max": 0.3,
              "step": 0.01
            }
          },
          {
            "minLevel": 80,
            "maxLevel": -1,
            "weight": 7,
            "value": {
              "min": 0.31,
              "max": 0.35,
              "step": 0.01
            }
          },
          {
            "minLevel": 101,
            "maxLevel": -1,
            "weight": 7,
            "value": {
              "min": 0.36,
              "max": 0.42,
              "step": 0.01
            }
          },
          {
            "minLevel": 102,
            "maxLevel": -1,
            "weight": 7,
            "value": {
              "min": 0.43,
              "max": 0.55,
              "step": 0.01
            }
          }
        ]
      },
      {
        "attribute": "the_vault:damage_dungeon",
        "group": "modDamageDungeon",
        "identifier": "the_vault:mod_damage_dungeon",
        "tags": [
          "focusDamageDungeon"
        ],
        "tiers": [
          {
            "minLevel": 0,
            "maxLevel": 79,
            "weight": 7,
            "value": {
              "min": 0.05,
              "max": 0.1,
              "step": 0.01
            }
          },
          {
            "minLevel": 36,
            "maxLevel": -1,
            "weight": 7,
            "value": {
              "min": 0.11,
              "max": 0.2,
              "step": 0.01
            }
          },
          {
            "minLevel": 62,
            "maxLevel": -1,
            "weight": 7,
            "value": {
              "min": 0.21,
              "max": 0.3,
              "step": 0.01
            }
          },
          {
            "minLevel": 80,
            "maxLevel": -1,
            "weight": 7,
            "value": {
              "min": 0.31,
              "max": 0.35,
              "step": 0.01
            }
          },
          {
            "minLevel": 101,
            "maxLevel": -1,
            "weight": 7,
            "value": {
              "min": 0.36,
              "max": 0.42,
              "step": 0.01
            }
          },
          {
            "minLevel": 102,
            "maxLevel": -1,
            "weight": 7,
            "value": {
              "min": 0.43,
              "max": 0.55,
              "step": 0.01
            }
          }
        ]
      },
      {
        "attribute": "the_vault:damage_assassin",
        "group": "modDamageDungeon",
        "identifier": "the_vault:mod_damage_assassin",
        "tags": [
          "focusDamageAssassin"
        ],
        "tiers": [
          {
            "minLevel": 0,
            "maxLevel": 79,
            "weight": 7,
            "value": {
              "min": 0.05,
              "max": 0.1,
              "step": 0.01
            }
          },
          {
            "minLevel": 36,
            "maxLevel": -1,
            "weight": 7,
            "value": {
              "min": 0.11,
              "max": 0.2,
              "step": 0.01
            }
          },
          {
            "minLevel": 62,
            "maxLevel": -1,
            "weight": 7,
            "value": {
              "min": 0.21,
              "max": 0.3,
              "step": 0.01
            }
          },
          {
            "minLevel": 80,
            "maxLevel": -1,
            "weight": 7,
            "value": {
              "min": 0.31,
              "max": 0.35,
              "step": 0.01
            }
          },
          {
            "minLevel": 101,
            "maxLevel": -1,
            "weight": 7,
            "value": {
              "min": 0.36,
              "max": 0.42,
              "step": 0.01
            }
          },
          {
            "minLevel": 102,
            "maxLevel": -1,
            "weight": 7,
            "value": {
              "min": 0.43,
              "max": 0.55,
              "step": 0.01
            }
          }
        ]
      },
      {
        "attribute": "the_vault:damage_horde",
        "group": "modDamageHorde",
        "identifier": "the_vault:mod_damage_horde",
        "tags": [
          "focusDamageHorde"
        ],
        "tiers": [
          {
            "minLevel": 0,
            "maxLevel": 79,
            "weight": 7,
            "value": {
              "min": 0.05,
              "max": 0.1,
              "step": 0.01
            }
          },
          {
            "minLevel": 36,
            "maxLevel": -1,
            "weight": 7,
            "value": {
              "min": 0.11,
              "max": 0.2,
              "step": 0.01
            }
          },
          {
            "minLevel": 62,
            "maxLevel": -1,
            "weight": 7,
            "value": {
              "min": 0.21,
              "max": 0.3,
              "step": 0.01
            }
          },
          {
            "minLevel": 80,
            "maxLevel": -1,
            "weight": 7,
            "value": {
              "min": 0.31,
              "max": 0.35,
              "step": 0.01
            }
          },
          {
            "minLevel": 101,
            "maxLevel": -1,
            "weight": 7,
            "value": {
              "min": 0.36,
              "max": 0.42,
              "step": 0.01
            }
          },
          {
            "minLevel": 102,
            "maxLevel": -1,
            "weight": 7,
            "value": {
              "min": 0.43,
              "max": 0.55,
              "step": 0.01
            }
          }
        ]
      },
      {
        "attribute": "the_vault:damage_tank",
        "group": "modDamageTank",
        "identifier": "the_vault:mod_damage_tank",
        "tags": [
          "focusDamageTank"
        ],
        "tiers": [
          {
            "minLevel": 0,
            "maxLevel": 79,
            "weight": 7,
            "value": {
              "min": 0.05,
              "max": 0.1,
              "step": 0.01
            }
          },
          {
            "minLevel": 36,
            "maxLevel": -1,
            "weight": 7,
            "value": {
              "min": 0.11,
              "max": 0.2,
              "step": 0.01
            }
          },
          {
            "minLevel": 62,
            "maxLevel": -1,
            "weight": 7,
            "value": {
              "min": 0.21,
              "max": 0.3,
              "step": 0.01
            }
          },
          {
            "minLevel": 80,
            "maxLevel": -1,
            "weight": 7,
            "value": {
              "min": 0.31,
              "max": 0.35,
              "step": 0.01
            }
          },
          {
            "minLevel": 101,
            "maxLevel": -1,
            "weight": 7,
            "value": {
              "min": 0.36,
              "max": 0.42,
              "step": 0.01
            }
          },
          {
            "minLevel": 102,
            "maxLevel": -1,
            "weight": 7,
            "value": {
              "min": 0.43,
              "max": 0.55,
              "step": 0.01
            }
          }
        ]
      },
      {
        "attribute": "the_vault:damage_dweller",
        "group": "modDamageDweller",
        "identifier": "the_vault:mod_damage_dweller",
        "tags": [
          "focusDamageDweller"
        ],
        "tiers": [
          {
            "minLevel": 0,
            "maxLevel": 79,
            "weight": 7,
            "value": {
              "min": 0.05,
              "max": 0.1,
              "step": 0.01
            }
          },
          {
            "minLevel": 36,
            "maxLevel": -1,
            "weight": 7,
            "value": {
              "min": 0.11,
              "max": 0.2,
              "step": 0.01
            }
          },
          {
            "minLevel": 62,
            "maxLevel": -1,
            "weight": 7,
            "value": {
              "min": 0.21,
              "max": 0.3,
              "step": 0.01
            }
          },
          {
            "minLevel": 80,
            "maxLevel": -1,
            "weight": 7,
            "value": {
              "min": 0.31,
              "max": 0.35,
              "step": 0.01
            }
          },
          {
            "minLevel": 101,
            "maxLevel": -1,
            "weight": 7,
            "value": {
              "min": 0.36,
              "max": 0.42,
              "step": 0.01
            }
          },
          {
            "minLevel": 102,
            "maxLevel": -1,
            "weight": 7,
            "value": {
              "min": 0.43,
              "max": 0.55,
              "step": 0.01
            }
          }
        ]
      },
      {
        "attribute": "the_vault:soul_chance",
        "group": "ModSoulChance",
        "identifier": "the_vault:mod_soul_chance",
        "tags": [
          "focusSoulChance"
        ],
        "tiers": [
          {
            "minLevel": 0,
            "maxLevel": 70,
            "weight": 10,
            "value": {
              "min": 0.1,
              "max": 0.2,
              "step": 0.01
            }
          },
          {
            "minLevel": 28,
            "maxLevel": -1,
            "weight": 10,
            "value": {
              "min": 0.21,
              "max": 0.3,
              "step": 0.01
            }
          },
          {
            "minLevel": 45,
            "maxLevel": -1,
            "weight": 10,
            "value": {
              "min": 0.31,
              "max": 0.4,
              "step": 0.01
            }
          },
          {
            "minLevel": 75,
            "maxLevel": -1,
            "weight": 10,
            "value": {
              "min": 0.41,
              "max": 0.5,
              "step": 0.01
            }
          },
          {
            "minLevel": 101,
            "maxLevel": -1,
            "weight": 10,
            "value": {
              "min": 0.51,
              "max": 0.7,
              "step": 0.01
            }
          },
          {
            "minLevel": 102,
            "maxLevel": -1,
            "weight": 10,
            "value": {
              "min": 0.71,
              "max": 1.0,
              "step": 0.01
            }
          }
        ]
      },
      {
        "attribute": "the_vault:resistance",
        "group": "ModRes",
        "identifier": "the_vault:mod_resistance",
        "tags": [
          "focusResistance"
        ],
        "tiers": [
          {
            "minLevel": 17,
            "maxLevel": -1,
            "weight": 10,
            "value": {
              "min": 0.04,
              "max": 0.06,
              "step": 0.01
            }
          },
          {
            "minLevel": 36,
            "maxLevel": -1,
            "weight": 10,
            "value": {
              "min": 0.07,
              "max": 0.09,
              "step": 0.01
            }
          },
          {
            "minLevel": 57,
            "maxLevel": -1,
            "weight": 10,
            "value": {
              "min": 0.1,
              "max": 0.12,
              "step": 0.01
            }
          },
          {
            "minLevel": 82,
            "maxLevel": -1,
            "weight": 10,
            "value": {
              "min": 0.13,
              "max": 0.16,
              "step": 0.01
            }
          },
          {
            "minLevel": 101,
            "maxLevel": -1,
            "weight": 10,
            "value": {
              "min": 0.17,
              "max": 0.18,
              "step": 0.01
            }
          },
          {
            "minLevel": 102,
            "maxLevel": -1,
            "weight": 10,
            "value": {
              "min": 0.19,
              "max": 0.20,
              "step": 0.01
            }
          }
        ]
      }
    ],
    "SUFFIX": [
      {
        "attribute": "the_vault:effect_cloud_when_hit",
        "group": "ModOnHit",
        "identifier": "the_vault:mod_healing_cloud",
        "tags": [
          "focusHealingCloud"
        ],
        "tiers": [
          {
            "minLevel": 0,
            "maxLevel": -1,
            "weight": 4,
            "value": {
              "tooltipDisplayName": "Healing",
              "potion": "minecraft:empty",
              "additionalEffects": [
                {
                  "effect": "minecraft:instant_health",
                  "duration": 20,
                  "amplifier": 0,
                  "showParticles": true,
                  "showIcon": true
                }
              ],
              "duration": 80,
              "radius": 4.0,
              "color": 16150747,
              "affectsOwner": true,
              "triggerChance": 0.02
            }
          },
          {
            "minLevel": 32,
            "maxLevel": -1,
            "weight": 4,
            "value": {
              "tooltipDisplayName": "Healing II",
              "potion": "minecraft:empty",
              "additionalEffects": [
                {
                  "effect": "minecraft:instant_health",
                  "duration": 20,
                  "amplifier": 0,
                  "showParticles": true,
                  "showIcon": true
                }
              ],
              "duration": 120,
              "radius": 4.0,
              "color": 16150747,
              "affectsOwner": true,
              "triggerChance": 0.02
            }
          },
          {
            "minLevel": 64,
            "maxLevel": -1,
            "weight": 4,
            "value": {
              "tooltipDisplayName": "Healing III",
              "potion": "minecraft:empty",
              "additionalEffects": [
                {
                  "effect": "minecraft:instant_health",
                  "duration": 20,
                  "amplifier": 0,
                  "showParticles": true,
                  "showIcon": true
                }
              ],
              "duration": 160,
              "radius": 5.0,
              "color": 16150747,
              "affectsOwner": true,
              "triggerChance": 0.02
            }
          },
          {
            "minLevel": 101,
            "maxLevel": -1,
            "weight": 4,
            "value": {
              "tooltipDisplayName": "Healing IV",
              "potion": "minecraft:empty",
              "additionalEffects": [
                {
                  "effect": "minecraft:instant_health",
                  "duration": 20,
                  "amplifier": 0,
                  "showParticles": true,
                  "showIcon": true
                }
              ],
              "duration": 200,
              "radius": 5.0,
              "color": 16150747,
              "affectsOwner": true,
              "triggerChance": 0.02
            }
          },
          {
            "minLevel": 102,
            "maxLevel": -1,
            "weight": 4,
            "value": {
              "tooltipDisplayName": "Healing V",
              "potion": "minecraft:empty",
              "additionalEffects": [
                {
                  "effect": "minecraft:instant_health",
                  "duration": 20,
                  "amplifier": 0,
                  "showParticles": true,
                  "showIcon": true
                }
              ],
              "duration": 240,
              "radius": 5.0,
              "color": 16150747,
              "affectsOwner": true,
              "triggerChance": 0.02
            }
          }
        ]
      },
      {
        "attribute": "the_vault:effect_cloud_when_hit",
        "group": "ModOnHit",
        "identifier": "the_vault:mod_wither_cloud",
        "tiers": [
          {
            "minLevel": 0,
            "maxLevel": -1,
            "weight": 0,
            "value": {
              "tooltipDisplayName": "Wither",
              "potion": "minecraft:empty",
              "additionalEffects": [
                {
                  "effect": "minecraft:wither",
                  "duration": 140,
                  "amplifier": 1,
                  "showParticles": true,
                  "showIcon": true
                }
              ],
              "duration": 60,
              "radius": 4.0,
              "color": 3812162,
              "affectsOwner": false,
              "triggerChance": 0.05
            }
          },
          {
            "minLevel": 6,
            "maxLevel": -1,
            "weight": 0,
            "value": {
              "tooltipDisplayName": "Wither+",
              "potion": "minecraft:empty",
              "additionalEffects": [
                {
                  "effect": "minecraft:wither",
                  "duration": 80,
                  "amplifier": 4,
                  "showParticles": true,
                  "showIcon": true
                }
              ],
              "duration": 5,
              "radius": 24.0,
              "color": 3812162,
              "affectsOwner": false,
              "triggerChance": 0.05
            }
          },
          {
            "minLevel": 32,
            "maxLevel": -1,
            "weight": 0,
            "value": {
              "tooltipDisplayName": "Wither II",
              "potion": "minecraft:empty",
              "additionalEffects": [
                {
                  "effect": "minecraft:wither",
                  "duration": 140,
                  "amplifier": 2,
                  "showParticles": true,
                  "showIcon": true
                }
              ],
              "duration": 60,
              "radius": 4.0,
              "color": 3812162,
              "affectsOwner": false,
              "triggerChance": 0.05
            }
          },
          {
            "minLevel": 38,
            "maxLevel": -1,
            "weight": 0,
            "value": {
              "tooltipDisplayName": "Wither II+",
              "potion": "minecraft:empty",
              "additionalEffects": [
                {
                  "effect": "minecraft:wither",
                  "duration": 80,
                  "amplifier": 8,
                  "showParticles": true,
                  "showIcon": true
                }
              ],
              "duration": 5,
              "radius": 24.0,
              "color": 3812162,
              "affectsOwner": false,
              "triggerChance": 0.05
            }
          },
          {
            "minLevel": 64,
            "maxLevel": -1,
            "weight": 0,
            "value": {
              "tooltipDisplayName": "Wither III",
              "potion": "minecraft:empty",
              "additionalEffects": [
                {
                  "effect": "minecraft:wither",
                  "duration": 140,
                  "amplifier": 3,
                  "showParticles": true,
                  "showIcon": true
                }
              ],
              "duration": 60,
              "radius": 4.0,
              "color": 3812162,
              "affectsOwner": false,
              "triggerChance": 0.05
            }
          },
          {
            "minLevel": 72,
            "maxLevel": -1,
            "weight": 0,
            "value": {
              "tooltipDisplayName": "Wither III+",
              "potion": "minecraft:empty",
              "additionalEffects": [
                {
                  "effect": "minecraft:wither",
                  "duration": 80,
                  "amplifier": 12,
                  "showParticles": true,
                  "showIcon": true
                }
              ],
              "duration": 5,
              "radius": 24.0,
              "color": 3812162,
              "affectsOwner": false,
              "triggerChance": 0.05
            }
          },
          {
            "minLevel": 101,
            "maxLevel": -1,
            "weight": 0,
            "value": {
              "tooltipDisplayName": "Wither IV",
              "potion": "minecraft:empty",
              "additionalEffects": [
                {
                  "effect": "minecraft:wither",
                  "duration": 140,
                  "amplifier": 4,
                  "showParticles": true,
                  "showIcon": true
                }
              ],
              "duration": 60,
              "radius": 4.0,
              "color": 3812162,
              "affectsOwner": false,
              "triggerChance": 0.05
            }
          },
          {
            "minLevel": 102,
            "maxLevel": -1,
            "weight": 0,
            "value": {
              "tooltipDisplayName": "Wither IV+",
              "potion": "minecraft:empty",
              "additionalEffects": [
                {
                  "effect": "minecraft:wither",
                  "duration": 80,
                  "amplifier": 16,
                  "showParticles": true,
                  "showIcon": true
                }
              ],
              "duration": 5,
              "radius": 24.0,
              "color": 3812162,
              "affectsOwner": false,
              "triggerChance": 0.05
            }
          }
        ]
      },
      {
        "attribute": "the_vault:effect_cloud_when_hit",
        "group": "ModOnHit",
        "identifier": "the_vault:mod_slowness_cloud",
        "tags": [
          "focusSlownessCloud"
        ],
        "tiers": [
          {
            "minLevel": 0,
            "maxLevel": -1,
            "weight": 10,
            "value": {
              "tooltipDisplayName": "Slowness",
              "potion": "minecraft:empty",
              "additionalEffects": [
                {
                  "effect": "minecraft:slowness",
                  "duration": 140,
                  "amplifier": 0,
                  "showParticles": true,
                  "showIcon": true
                }
              ],
              "duration": 120,
              "radius": 4.0,
              "color": 7400423,
              "affectsOwner": false,
              "triggerChance": 0.05
            }
          },
          {
            "minLevel": 32,
            "maxLevel": -1,
            "weight": 10,
            "value": {
              "tooltipDisplayName": "Slowness II",
              "potion": "minecraft:empty",
              "additionalEffects": [
                {
                  "effect": "minecraft:slowness",
                  "duration": 140,
                  "amplifier": 0,
                  "showParticles": true,
                  "showIcon": true
                }
              ],
              "duration": 160,
              "radius": 4.0,
              "color": 7400423,
              "affectsOwner": false,
              "triggerChance": 0.05
            }
          },
          {
            "minLevel": 64,
            "maxLevel": -1,
            "weight": 10,
            "value": {
              "tooltipDisplayName": "Slowness III",
              "potion": "minecraft:empty",
              "additionalEffects": [
                {
                  "effect": "minecraft:slowness",
                  "duration": 140,
                  "amplifier": 0,
                  "showParticles": true,
                  "showIcon": true
                }
              ],
              "duration": 200,
              "radius": 4.0,
              "color": 7400423,
              "affectsOwner": false,
              "triggerChance": 0.05
            }
          },
          {
            "minLevel": 101,
            "maxLevel": -1,
            "weight": 10,
            "value": {
              "tooltipDisplayName": "Slowness IV",
              "potion": "minecraft:empty",
              "additionalEffects": [
                {
                  "effect": "minecraft:slowness",
                  "duration": 140,
                  "amplifier": 1,
                  "showParticles": true,
                  "showIcon": true
                }
              ],
              "duration": 240,
              "radius": 4.0,
              "color": 7400423,
              "affectsOwner": false,
              "triggerChance": 0.05
            }
          },
          {
            "minLevel": 102,
            "maxLevel": -1,
            "weight": 10,
            "value": {
              "tooltipDisplayName": "Slowness V",
              "potion": "minecraft:empty",
              "additionalEffects": [
                {
                  "effect": "minecraft:slowness",
                  "duration": 140,
                  "amplifier": 1,
                  "showParticles": true,
                  "showIcon": true
                }
              ],
              "duration": 300,
              "radius": 4.0,
              "color": 7400423,
              "affectsOwner": false,
              "triggerChance": 0.05
            }
          }
        ]
      },
      {
        "attribute": "the_vault:effect_cloud_when_hit",
        "group": "ModOnHit",
        "identifier": "the_vault:mod_chilling_cloud",
        "tags": [
          "focusChillingCloud"
        ],
        "tiers": [
          {
            "minLevel": 0,
            "maxLevel": -1,
            "weight": 10,
            "value": {
              "tooltipDisplayName": "Chilling",
              "potion": "minecraft:empty",
              "additionalEffects": [
                {
                  "effect": "the_vault:chilled",
                  "duration": 140,
                  "amplifier": 0,
                  "showParticles": true,
                  "showIcon": true
                }
              ],
              "duration": 120,
              "radius": 4.0,
              "color": 3138042,
              "affectsOwner": false,
              "triggerChance": 0.05
            }
          },
          {
            "minLevel": 32,
            "maxLevel": -1,
            "weight": 10,
            "value": {
              "tooltipDisplayName": "Chilling II",
              "potion": "minecraft:empty",
              "additionalEffects": [
                {
                  "effect": "the_vault:chilled",
                  "duration": 140,
                  "amplifier": 0,
                  "showParticles": true,
                  "showIcon": true
                }
              ],
              "duration": 160,
              "radius": 4.0,
              "color": 3138042,
              "affectsOwner": false,
              "triggerChance": 0.05
            }
          },
          {
            "minLevel": 64,
            "maxLevel": -1,
            "weight": 10,
            "value": {
              "tooltipDisplayName": "Chilling III",
              "potion": "minecraft:empty",
              "additionalEffects": [
                {
                  "effect": "the_vault:chilled",
                  "duration": 140,
                  "amplifier": 0,
                  "showParticles": true,
                  "showIcon": true
                }
              ],
              "duration": 200,
              "radius": 4.0,
              "color": 3138042,
              "affectsOwner": false,
              "triggerChance": 0.05
            }
          },
          {
            "minLevel": 101,
            "maxLevel": -1,
            "weight": 10,
            "value": {
              "tooltipDisplayName": "Chilling IV",
              "potion": "minecraft:empty",
              "additionalEffects": [
                {
                  "effect": "the_vault:chilled",
                  "duration": 140,
                  "amplifier": 1,
                  "showParticles": true,
                  "showIcon": true
                }
              ],
              "duration": 240,
              "radius": 4.0,
              "color": 3138042,
              "affectsOwner": false,
              "triggerChance": 0.05
            }
          },
          {
            "minLevel": 102,
            "maxLevel": -1,
            "weight": 10,
            "value": {
              "tooltipDisplayName": "Chilling V",
              "potion": "minecraft:empty",
              "additionalEffects": [
                {
                  "effect": "the_vault:chilled",
                  "duration": 140,
                  "amplifier": 1,
                  "showParticles": true,
                  "showIcon": true
                }
              ],
              "duration": 300,
              "radius": 4.0,
              "color": 3138042,
              "affectsOwner": false,
              "triggerChance": 0.05
            }
          }
        ]
      },
      {
        "attribute": "the_vault:effect_cloud_when_hit",
        "group": "ModOnHit",
        "identifier": "the_vault:mod_weakness_cloud",
        "tags": [
          "focusWeaknessCloud"
        ],
        "tiers": [
          {
            "minLevel": 0,
            "maxLevel": 20,
            "weight": 0,
            "value": {
              "tooltipDisplayName": "Weakness",
              "potion": "minecraft:empty",
              "additionalEffects": [
                {
                  "effect": "minecraft:weakness",
                  "duration": 140,
                  "amplifier": 1,
                  "showParticles": true,
                  "showIcon": true
                }
              ],
              "duration": 60,
              "radius": 4.0,
              "color": 10906908,
              "affectsOwner": false,
              "triggerChance": 0.05
            }
          },
          {
            "minLevel": 6,
            "maxLevel": 20,
            "weight": 0,
            "value": {
              "tooltipDisplayName": "Weakness+",
              "potion": "minecraft:empty",
              "additionalEffects": [
                {
                  "effect": "minecraft:weakness",
                  "duration": 80,
                  "amplifier": 3,
                  "showParticles": true,
                  "showIcon": true
                }
              ],
              "duration": 5,
              "radius": 24.0,
              "color": 10906908,
              "affectsOwner": false,
              "triggerChance": 0.05
            }
          },
          {
            "minLevel": 32,
            "maxLevel": -1,
            "weight": 0,
            "value": {
              "tooltipDisplayName": "Weakness II",
              "potion": "minecraft:empty",
              "additionalEffects": [
                {
                  "effect": "minecraft:weakness",
                  "duration": 140,
                  "amplifier": 2,
                  "showParticles": true,
                  "showIcon": true
                }
              ],
              "duration": 60,
              "radius": 4.0,
              "color": 10906908,
              "affectsOwner": false,
              "triggerChance": 0.05
            }
          },
          {
            "minLevel": 38,
            "maxLevel": -1,
            "weight": 0,
            "value": {
              "tooltipDisplayName": "Weakness II+",
              "potion": "minecraft:empty",
              "additionalEffects": [
                {
                  "effect": "minecraft:weakness",
                  "duration": 80,
                  "amplifier": 4,
                  "showParticles": true,
                  "showIcon": true
                }
              ],
              "duration": 5,
              "radius": 24.0,
              "color": 10906908,
              "affectsOwner": false,
              "triggerChance": 0.05
            }
          },
          {
            "minLevel": 64,
            "maxLevel": -1,
            "weight": 0,
            "value": {
              "tooltipDisplayName": "Weakness III",
              "potion": "minecraft:empty",
              "additionalEffects": [
                {
                  "effect": "minecraft:weakness",
                  "duration": 140,
                  "amplifier": 3,
                  "showParticles": true,
                  "showIcon": true
                }
              ],
              "duration": 60,
              "radius": 4.0,
              "color": 10906908,
              "affectsOwner": false,
              "triggerChance": 0.05
            }
          },
          {
            "minLevel": 72,
            "maxLevel": -1,
            "weight": 0,
            "value": {
              "tooltipDisplayName": "Weakness III+",
              "potion": "minecraft:empty",
              "additionalEffects": [
                {
                  "effect": "minecraft:weakness",
                  "duration": 80,
                  "amplifier": 5,
                  "showParticles": true,
                  "showIcon": true
                }
              ],
              "duration": 5,
              "radius": 24.0,
              "color": 10906908,
              "affectsOwner": false,
              "triggerChance": 0.05
            }
          },
          {
            "minLevel": 101,
            "maxLevel": -1,
            "weight": 0,
            "value": {
              "tooltipDisplayName": "Weakness IV",
              "potion": "minecraft:empty",
              "additionalEffects": [
                {
                  "effect": "minecraft:weakness",
                  "duration": 140,
                  "amplifier": 4,
                  "showParticles": true,
                  "showIcon": true
                }
              ],
              "duration": 60,
              "radius": 4.0,
              "color": 10906908,
              "affectsOwner": false,
              "triggerChance": 0.05
            }
          },
          {
            "minLevel": 102,
            "maxLevel": -1,
            "weight": 0,
            "value": {
              "tooltipDisplayName": "Weakness IV+",
              "potion": "minecraft:empty",
              "additionalEffects": [
                {
                  "effect": "minecraft:weakness",
                  "duration": 80,
                  "amplifier": 6,
                  "showParticles": true,
                  "showIcon": true
                }
              ],
              "duration": 5,
              "radius": 24.0,
              "color": 10906908,
              "affectsOwner": false,
              "triggerChance": 0.05
            }
          }
        ]
      },
      {
        "attribute": "the_vault:attack_speed_percent",
        "group": "ModAttackType",
        "identifier": "the_vault:mod_attack_speed_percent",
        "tags": [
          "focusAttackSpeedPercent",
          "noLegendary"
        ],
        "tiers": [
          {
            "minLevel": 0,
            "maxLevel": -1,
            "weight": 10,
            "value": {
              "min": 0.05,
              "max": 0.1,
              "step": 0.01
            }
          },
          {
            "minLevel": 36,
            "maxLevel": -1,
            "weight": 10,
            "value": {
              "min": 0.11,
              "max": 0.15,
              "step": 0.01
            }
          },
          {
            "minLevel": 65,
            "maxLevel": -1,
            "weight": 10,
            "value": {
              "min": 0.16,
              "max": 0.2,
              "step": 0.01
            }
          },
          {
            "minLevel": 96,
            "maxLevel": -1,
            "weight": 10,
            "value": {
              "min": 0.21,
              "max": 0.25,
              "step": 0.01
            }
          },
          {
            "minLevel": 101,
            "maxLevel": -1,
            "weight": 10,
            "value": {
              "min": 0.26,
              "max": 0.3,
              "step": 0.01
            }
          },
          {
            "minLevel": 102,
            "maxLevel": -1,
            "weight": 10,
            "value": {
              "min": 0.31,
              "max": 0.35,
              "step": 0.01
            }
          }
        ]
      },
      {
        "attribute": "the_vault:shocking_hit_chance",
        "group": "ModOnHitAddition",
        "identifier": "the_vault:mod_on_hit_shock",
        "tags": [
          "focusShocking"
        ],
        "tiers": [
          {
            "minLevel": 0,
            "maxLevel": -1,
            "weight": 10,
            "value": {
              "min": 0.04,
              "max": 0.08,
              "step": 0.01
            }
          },
          {
            "minLevel": 30,
            "maxLevel": -1,
            "weight": 10,
            "value": {
              "min": 0.09,
              "max": 0.12,
              "step": 0.01
            }
          },
          {
            "minLevel": 45,
            "maxLevel": -1,
            "weight": 10,
            "value": {
              "min": 0.13,
              "max": 0.16,
              "step": 0.01
            }
          },
          {
            "minLevel": 65,
            "maxLevel": -1,
            "weight": 10,
            "value": {
              "min": 0.17,
              "max": 0.2,
              "step": 0.01
            }
          },
          {
            "minLevel": 86,
            "maxLevel": -1,
            "weight": 10,
            "value": {
              "min": 0.21,
              "max": 0.24,
              "step": 0.01
            }
          },
          {
            "minLevel": 101,
            "maxLevel": -1,
            "weight": 10,
            "value": {
              "min": 0.25,
              "max": 0.35,
              "step": 0.01
            }
          },
          {
            "minLevel": 102,
            "maxLevel": -1,
            "weight": 10,
            "value": {
              "min": 0.36,
              "max": 0.5,
              "step": 0.01
            }
          }
        ]
      },
      {
        "attribute": "the_vault:on_hit_stun",
        "group": "ModOnHitAddition",
        "identifier": "the_vault:mod_on_hit_stun",
        "tags": [
          "focusStun"
        ],
        "tiers": [
          {
            "minLevel": 0,
            "maxLevel": -1,
            "weight": 10,
            "value": {
              "min": 0.04,
              "max": 0.08,
              "step": 0.01
            }
          },
          {
            "minLevel": 30,
            "maxLevel": -1,
            "weight": 10,
            "value": {
              "min": 0.09,
              "max": 0.12,
              "step": 0.01
            }
          },
          {
            "minLevel": 45,
            "maxLevel": -1,
            "weight": 10,
            "value": {
              "min": 0.13,
              "max": 0.16,
              "step": 0.01
            }
          },
          {
            "minLevel": 65,
            "maxLevel": -1,
            "weight": 10,
            "value": {
              "min": 0.17,
              "max": 0.2,
              "step": 0.01
            }
          },
          {
            "minLevel": 86,
            "maxLevel": -1,
            "weight": 10,
            "value": {
              "min": 0.21,
              "max": 0.24,
              "step": 0.01
            }
          },
          {
            "minLevel": 101,
            "maxLevel": -1,
            "weight": 10,
            "value": {
              "min": 0.25,
              "max": 0.35,
              "step": 0.01
            }
          },
          {
            "minLevel": 102,
            "maxLevel": -1,
            "weight": 10,
            "value": {
              "min": 0.36,
              "max": 0.5,
              "step": 0.01
            }
          }
        ]
      },
      {
        "attribute": "the_vault:mana_regen",
        "group": "ModManaRegen",
        "identifier": "the_vault:mod_mana_regen",
        "tags": [
          "focusManaRegen"
        ],
        "tiers": [
          {
            "minLevel": 0,
            "maxLevel": 54,
            "weight": 10,
            "value": {
              "min": 0.1,
              "max": 0.2,
              "step": 0.01
            }
          },
          {
            "minLevel": 23,
            "maxLevel": 66,
            "weight": 10,
            "value": {
              "min": 0.21,
              "max": 0.3,
              "step": 0.01
            }
          },
          {
            "minLevel": 34,
            "maxLevel": 80,
            "weight": 10,
            "value": {
              "min": 0.31,
              "max": 0.4,
              "step": 0.01
            }
          },
          {
            "minLevel": 46,
            "maxLevel": -1,
            "weight": 10,
            "value": {
              "min": 0.41,
              "max": 0.5,
              "step": 0.01
            }
          },
          {
            "minLevel": 55,
            "maxLevel": -1,
            "weight": 10,
            "value": {
              "min": 0.51,
              "max": 0.6,
              "step": 0.01
            }
          },
          {
            "minLevel": 67,
            "maxLevel": -1,
            "weight": 10,
            "value": {
              "min": 0.61,
              "max": 0.7,
              "step": 0.01
            }
          },
          {
            "minLevel": 81,
            "maxLevel": -1,
            "weight": 10,
            "value": {
              "min": 0.71,
              "max": 0.8,
              "step": 0.01
            }
          },
          {
            "minLevel": 92,
            "maxLevel": -1,
            "weight": 10,
            "value": {
              "min": 0.81,
              "max": 1.0,
              "step": 0.01
            }
          },
          {
            "minLevel": 101,
            "maxLevel": -1,
            "weight": 100,
            "value": {
              "min": 1.01,
              "max": 1.3,
              "step": 0.01
            }
          },
          {
            "minLevel": 102,
            "maxLevel": -1,
            "weight": 100,
            "value": {
              "min": 1.31,
              "max": 2.0,
              "step": 0.01
            }
          }
        ]
      },
      {
        "attribute": "the_vault:healing_effectiveness",
        "group": "ModHealth",
        "identifier": "the_vault:mod_healing_efficiency",
        "tags": [
          "focusHealingEff"
        ],
        "tiers": [
          {
            "minLevel": 0,
            "maxLevel": 65,
            "weight": 10,
            "value": {
              "min": 0.05,
              "max": 0.1,
              "step": 0.01
            }
          },
          {
            "minLevel": 25,
            "maxLevel": 81,
            "weight": 10,
            "value": {
              "min": 0.11,
              "max": 0.18,
              "step": 0.01
            }
          },
          {
            "minLevel": 46,
            "maxLevel": -1,
            "weight": 10,
            "value": {
              "min": 0.19,
              "max": 0.26,
              "step": 0.01
            }
          },
          {
            "minLevel": 66,
            "maxLevel": -1,
            "weight": 10,
            "value": {
              "min": 0.27,
              "max": 0.32,
              "step": 0.01
            }
          },
          {
            "minLevel": 82,
            "maxLevel": -1,
            "weight": 10,
            "value": {
              "min": 0.33,
              "max": 0.37,
              "step": 0.01
            }
          },
          {
            "minLevel": 98,
            "maxLevel": -1,
            "weight": 10,
            "value": {
              "min": 0.38,
              "max": 0.42,
              "step": 0.01
            }
          },
          {
            "minLevel": 101,
            "maxLevel": -1,
            "weight": 10,
            "value": {
              "min": 0.43,
              "max": 0.55,
              "step": 0.01
            }
          },
          {
            "minLevel": 102,
            "maxLevel": -1,
            "weight": 10,
            "value": {
              "min": 0.56,
              "max": 0.7,
              "step": 0.01
            }
          }
        ]
      },
      {
        "attribute": "the_vault:durability",
        "group": "ModDurability",
        "identifier": "the_vault:mod_durability",
        "tags": [
          "focusDurability",
          "noLegendary"
        ],
        "tiers": [
          {
            "minLevel": 11,
            "maxLevel": 66,
            "weight": 600,
            "value": {
              "min": 400,
              "max": 800,
              "step": 1
            }
          },
          {
            "minLevel": 28,
            "maxLevel": -1,
            "weight": 600,
            "value": {
              "min": 801,
              "max": 1600,
              "step": 1
            }
          },
          {
            "minLevel": 46,
            "maxLevel": -1,
            "weight": 600,
            "value": {
              "min": 1601,
              "max": 2400,
              "step": 1
            }
          },
          {
            "minLevel": 67,
            "maxLevel": -1,
            "weight": 600,
            "value": {
              "min": 2401,
              "max": 3200,
              "step": 1
            }
          },
          {
            "minLevel": 89,
            "maxLevel": -1,
            "weight": 600,
            "value": {
              "min": 3201,
              "max": 4000,
              "step": 1
            }
          },
          {
            "minLevel": 101,
            "maxLevel": -1,
            "weight": 100,
            "value": {
              "min": 4001,
              "max": 6000,
              "step": 1
            }
          },
          {
            "minLevel": 102,
            "maxLevel": -1,
            "weight": 100,
            "value": {
              "min": 6001,
              "max": 8000,
              "step": 1
            }
          }
        ]
      },
      {
        "attribute": "the_vault:lucky_hit_chance",
        "group": "ModOnHit",
        "identifier": "the_vault:mod_lucky_hit_chance",
        "tags": [
          "focusLuckyHitChance"
        ],
        "tiers": [
          {
            "minLevel": 25,
            "maxLevel": -1,
            "weight": 10,
            "value": {
              "min": 0.04,
              "max": 0.06,
              "step": 0.01
            }
          },
          {
            "minLevel": 50,
            "maxLevel": -1,
            "weight": 10,
            "value": {
              "min": 0.07,
              "max": 0.08,
              "step": 0.01
            }
          },
          {
            "minLevel": 75,
            "maxLevel": -1,
            "weight": 10,
            "value": {
              "min": 0.09,
              "max": 0.1,
              "step": 0.01
            }
          },
          {
            "minLevel": 101,
            "maxLevel": -1,
            "weight": 10,
            "value": {
              "min": 0.14,
              "max": 0.16,
              "step": 0.01
            }
          },
          {
            "minLevel": 102,
            "maxLevel": -1,
            "weight": 10,
            "value": {
              "min": 0.17,
              "max": 0.2,
              "step": 0.01
            }
          }
        ]
      }
    ],
    "CRAFTED_SUFFIX": [
      {
        "attribute": "the_vault:mana_regen",
        "group": "ModManaRegen",
        "identifier": "the_vault:crafted_mana_regen",
        "tags": [
          "focusManaRegen"
        ],
        "tiers": [
          {
            "minLevel": 0,
            "maxLevel": -1,
            "weight": 100,
            "value": {
              "min": 0.1,
              "max": 0.2,
              "step": 0.01
            }
          },
          {
            "minLevel": 23,
            "maxLevel": -1,
            "weight": 90,
            "value": {
              "min": 0.21,
              "max": 0.3,
              "step": 0.01
            }
          },
          {
            "minLevel": 34,
            "maxLevel": -1,
            "weight": 80,
            "value": {
              "min": 0.31,
              "max": 0.4,
              "step": 0.01
            }
          },
          {
            "minLevel": 46,
            "maxLevel": -1,
            "weight": 70,
            "value": {
              "min": 0.41,
              "max": 0.5,
              "step": 0.01
            }
          },
          {
            "minLevel": 55,
            "maxLevel": -1,
            "weight": 60,
            "value": {
              "min": 0.51,
              "max": 0.6,
              "step": 0.01
            }
          },
          {
            "minLevel": 67,
            "maxLevel": -1,
            "weight": 60,
            "value": {
              "min": 0.61,
              "max": 0.7,
              "step": 0.01
            }
          },
          {
            "minLevel": 81,
            "maxLevel": -1,
            "weight": 60,
            "value": {
              "min": 0.71,
              "max": 0.8,
              "step": 0.01
            }
          },
          {
            "minLevel": 92,
            "maxLevel": -1,
            "weight": 60,
            "value": {
              "min": 0.81,
              "max": 1.0,
              "step": 0.01
            }
          }
        ]
      },
      {
        "attribute": "the_vault:durability",
        "group": "ModDurability",
        "identifier": "the_vault:crafted_durability",
        "tags": [
          "focusDurability"
        ],
        "tiers": [
          {
            "minLevel": 11,
            "maxLevel": -1,
            "weight": 100,
            "value": {
              "min": 400,
              "max": 800,
              "step": 1
            }
          },
          {
            "minLevel": 28,
            "maxLevel": -1,
            "weight": 100,
            "value": {
              "min": 801,
              "max": 1600,
              "step": 1
            }
          },
          {
            "minLevel": 46,
            "maxLevel": -1,
            "weight": 100,
            "value": {
              "min": 1601,
              "max": 2400,
              "step": 1
            }
          },
          {
            "minLevel": 67,
            "maxLevel": -1,
            "weight": 100,
            "value": {
              "min": 2401,
              "max": 3200,
              "step": 1
            }
          },
          {
            "minLevel": 89,
            "maxLevel": -1,
            "weight": 100,
            "value": {
              "min": 3201,
              "max": 4000,
              "step": 1
            }
          }
        ]
      },
      {
        "attribute": "the_vault:lucky_hit_chance",
        "group": "ModOnHit",
        "identifier": "the_vault:crafted_lucky_hit_chance",
        "tags": [
          "focusLuckyHitChance"
        ],
        "tiers": [
          {
            "minLevel": 25,
            "maxLevel": -1,
            "weight": 10,
            "value": {
              "min": 0.04,
              "max": 0.06,
              "step": 0.01
            }
          },
          {
            "minLevel": 50,
            "maxLevel": -1,
            "weight": 10,
            "value": {
              "min": 0.07,
              "max": 0.08,
              "step": 0.01
            }
          },
          {
            "minLevel": 75,
            "maxLevel": -1,
            "weight": 10,
            "value": {
              "min": 0.09,
              "max": 0.1,
              "step": 0.01
            }
          }
        ]
      },
      {
        "attribute": "the_vault:trap_disarming",
        "group": "ModTrapDisarming",
        "identifier": "the_vault:crafted_trap_disarming",
        "tags": [
          "focusTrapDisarming"
        ],
        "tiers": [
          {
            "minLevel": 0,
            "maxLevel": -1,
            "weight": 10,
            "value": {
              "min": 0.04,
              "max": 0.06,
              "step": 0.01
            }
          },
          {
            "minLevel": 36,
            "maxLevel": -1,
            "weight": 10,
            "value": {
              "min": 0.07,
              "max": 0.09,
              "step": 0.01
            }
          },
          {
            "minLevel": 50,
            "maxLevel": -1,
            "weight": 10,
            "value": {
              "min": 0.1,
              "max": 0.12,
              "step": 0.01
            }
          },
          {
            "minLevel": 80,
            "maxLevel": -1,
            "weight": 10,
            "value": {
              "min": 0.13,
              "max": 0.15,
              "step": 0.01
            }
          }
        ]
      },
      {
        "attribute": "the_vault:soul_chance",
        "group": "ModSoulChance",
        "identifier": "the_vault:crafted_soul_chance",
        "tags": [
          "focusSoulChance"
        ],
        "tiers": [
          {
            "minLevel": 22,
            "maxLevel": -1,
            "weight": 100,
            "value": {
              "min": 0.1,
              "max": 0.2,
              "step": 0.01
            }
          },
          {
            "minLevel": 44,
            "maxLevel": -1,
            "weight": 100,
            "value": {
              "min": 0.21,
              "max": 0.3,
              "step": 0.01
            }
          },
          {
            "minLevel": 66,
            "maxLevel": -1,
            "weight": 100,
            "value": {
              "min": 0.31,
              "max": 0.4,
              "step": 0.01
            }
          },
          {
            "minLevel": 87,
            "maxLevel": -1,
            "weight": 100,
            "value": {
              "min": 0.41,
              "max": 0.5,
              "step": 0.01
            }
          }
        ]
      },
      {
        "attribute": "the_vault:healing_effectiveness",
        "group": "ModHealth",
        "identifier": "the_vault:crafted_healing_efficiency",
        "tags": [
          "focusHealingEff"
        ],
        "tiers": [
          {
            "minLevel": 25,
            "maxLevel": -1,
            "weight": 10,
            "value": {
              "min": 0.05,
              "max": 0.1,
              "step": 0.01
            }
          },
          {
            "minLevel": 46,
            "maxLevel": -1,
            "weight": 10,
            "value": {
              "min": 0.11,
              "max": 0.18,
              "step": 0.01
            }
          },
          {
            "minLevel": 66,
            "maxLevel": -1,
            "weight": 10,
            "value": {
              "min": 0.19,
              "max": 0.26,
              "step": 0.01
            }
          },
          {
            "minLevel": 82,
            "maxLevel": -1,
            "weight": 10,
            "value": {
              "min": 0.27,
              "max": 0.32,
              "step": 0.01
            }
          },
          {
            "minLevel": 98,
            "maxLevel": -1,
            "weight": 10,
            "value": {
              "min": 0.38,
              "max": 0.42,
              "step": 0.01
            }
          }
        ]
      }
    ]
  }
}