{
  "entries": [
    {
      "roll": {
        "type": "uniform",
        "min": 1,
        "max": 1
      },
      "pool": [
        {
          "weight": 1,
          "pool": [
            {
              "weight": 15,
              "item": {
                "id": "the_vault:eternal_soul",
                "count": {
                  "type": "uniform",
                  "min": 2,
                  "max": 5
                }
              }
            }
          ]
        }
      ]
    },
    {
      "roll": {
        "type": "uniform",
        "min": 1,
        "max": 1
      },
      "pool": [
        {
          "weight": 1,
          "pool": [
            {
              "weight": 1,
              "item": {
                "id": "the_vault:unidentified_artifact",
                "count": {
                  "type": "uniform",
                  "min": 1,
                  "max": 1
                }
              }
            }
          ]
        }
      ]
    },
    {
      "roll": {
        "type": "uniform",
        "min": 1,
        "max": 1
      },
      "pool": [
        {
          "weight": 1,
          "pool": [
            {
              "weight": 16,
              "item": {
                "id": "the_vault:sword",
                "nbt": {
                  "the_vault:gear_roll_type_pool": "gear_completion_crate_mono"
                },
                "count": {
                  "type": "uniform",
                  "min": 1,
                  "max": 1
                }
              }
            },
            {
              "weight": 16,
              "item": {
                "id": "the_vault:axe",
                "nbt": {
                  "the_vault:gear_roll_type_pool": "gear_completion_crate_mono"
                },
                "count": {
                  "type": "uniform",
                  "min": 1,
                  "max": 1
                }
              }
            },
            {
              "weight": 16,
              "item": {
                "id": "the_vault:helmet",
                "nbt": {
                  "the_vault:gear_roll_type_pool": "gear_completion_crate_mono"
                },
                "count": {
                  "type": "uniform",
                  "min": 1,
                  "max": 1
                }
              }
            },
            {
              "weight": 16,
              "item": {
                "id": "the_vault:chestplate",
                "nbt": {
                  "the_vault:gear_roll_type_pool": "gear_completion_crate_mono"
                },
                "count": {
                  "type": "uniform",
                  "min": 1,
                  "max": 1
                }
              }
            },
            {
              "weight": 16,
              "item": {
                "id": "the_vault:leggings",
                "nbt": {
                  "the_vault:gear_roll_type_pool": "gear_completion_crate_mono"
                },
                "count": {
                  "type": "uniform",
                  "min": 1,
                  "max": 1
                }
              }
            },
            {
              "weight": 16,
              "item": {
                "id": "the_vault:boots",
                "nbt": {
                  "the_vault:gear_roll_type_pool": "gear_completion_crate_mono"
                },
                "count": {
                  "type": "uniform",
                  "min": 1,
                  "max": 1
                }
              }
            },
            {
              "weight": 16,
              "item": {
                "id": "the_vault:shield",
                "nbt": {
                  "the_vault:gear_roll_type_pool": "gear_completion_crate_mono"
                },
                "count": {
                  "type": "uniform",
                  "min": 1,
                  "max": 1
                }
              }
            },
            {
              "weight": 16,
              "item": {
                "id": "the_vault:wand",
                "nbt": {
                  "the_vault:gear_roll_type_pool": "gear_completion_crate_mono"
                },
                "count": {
                  "type": "uniform",
                  "min": 1,
                  "max": 1
                }
              }
            },
            {
              "weight": 16,
              "item": {
                "id": "the_vault:focus",
                "nbt": {
                  "the_vault:gear_roll_type_pool": "gear_completion_crate_mono"
                },
                "count": {
                  "type": "uniform",
                  "min": 1,
                  "max": 1
                }
              }
            }
          ]
        }
      ]
    },
    {
      "roll": {
        "type": "uniform",
        "min": 2,
        "max": 2
      },
      "pool": [
        {
          "weight": 1,
          "pool": [
            {
              "weight": 16,
              "item": {
                "id": "the_vault:sword",
                "nbt": {
                  "the_vault:gear_roll_type_pool": "gear_completion_crate_kill"
                },
                "count": {
                  "type": "uniform",
                  "min": 1,
                  "max": 1
                }
              }
            },
            {
              "weight": 16,
              "item": {
                "id": "the_vault:axe",
                "nbt": {
                  "the_vault:gear_roll_type_pool": "gear_completion_crate_kill"
                },
                "count": {
                  "type": "uniform",
                  "min": 1,
                  "max": 1
                }
              }
            },
            {
              "weight": 16,
              "item": {
                "id": "the_vault:helmet",
                "nbt": {
                  "the_vault:gear_roll_type_pool": "gear_completion_crate_kill"
                },
                "count": {
                  "type": "uniform",
                  "min": 1,
                  "max": 1
                }
              }
            },
            {
              "weight": 16,
              "item": {
                "id": "the_vault:chestplate",
                "nbt": {
                  "the_vault:gear_roll_type_pool": "gear_completion_crate_kill"
                },
                "count": {
                  "type": "uniform",
                  "min": 1,
                  "max": 1
                }
              }
            },
            {
              "weight": 16,
              "item": {
                "id": "the_vault:leggings",
                "nbt": {
                  "the_vault:gear_roll_type_pool": "gear_completion_crate_kill"
                },
                "count": {
                  "type": "uniform",
                  "min": 1,
                  "max": 1
                }
              }
            },
            {
              "weight": 16,
              "item": {
                "id": "the_vault:boots",
                "nbt": {
                  "the_vault:gear_roll_type_pool": "gear_completion_crate_kill"
                },
                "count": {
                  "type": "uniform",
                  "min": 1,
                  "max": 1
                }
              }
            },
            {
              "weight": 16,
              "item": {
                "id": "the_vault:shield",
                "nbt": {
                  "the_vault:gear_roll_type_pool": "gear_completion_crate_kill"
                },
                "count": {
                  "type": "uniform",
                  "min": 1,
                  "max": 1
                }
              }
            },
            {
              "weight": 16,
              "item": {
                "id": "the_vault:wand",
                "nbt": {
                  "the_vault:gear_roll_type_pool": "gear_completion_crate_kill"
                },
                "count": {
                  "type": "uniform",
                  "min": 1,
                  "max": 1
                }
              }
            },
            {
              "weight": 16,
              "item": {
                "id": "the_vault:focus",
                "nbt": {
                  "the_vault:gear_roll_type_pool": "gear_completion_crate_kill"
                },
                "count": {
                  "type": "uniform",
                  "min": 1,
                  "max": 1
                }
              }
            }
          ]
        }
      ]
    },
    {
      "roll": {
        "type": "uniform",
        "min": 2,
        "max": 2
      },
      "pool": [
        {
          "weight": 1,
          "pool": [
            {
              "weight": 16,
              "item": {
                "id": "the_vault:sword",
                "nbt": {
                  "the_vault:gear_roll_type_pool": "gear_completion_crate_elix"
                },
                "count": {
                  "type": "uniform",
                  "min": 1,
                  "max": 1
                }
              }
            },
            {
              "weight": 16,
              "item": {
                "id": "the_vault:axe",
                "nbt": {
                  "the_vault:gear_roll_type_pool": "gear_completion_crate_elix"
                },
                "count": {
                  "type": "uniform",
                  "min": 1,
                  "max": 1
                }
              }
            },
            {
              "weight": 16,
              "item": {
                "id": "the_vault:helmet",
                "nbt": {
                  "the_vault:gear_roll_type_pool": "gear_completion_crate_elix"
                },
                "count": {
                  "type": "uniform",
                  "min": 1,
                  "max": 1
                }
              }
            },
            {
              "weight": 16,
              "item": {
                "id": "the_vault:chestplate",
                "nbt": {
                  "the_vault:gear_roll_type_pool": "gear_completion_crate_elix"
                },
                "count": {
                  "type": "uniform",
                  "min": 1,
                  "max": 1
                }
              }
            },
            {
              "weight": 16,
              "item": {
                "id": "the_vault:leggings",
                "nbt": {
                  "the_vault:gear_roll_type_pool": "gear_completion_crate_elix"
                },
                "count": {
                  "type": "uniform",
                  "min": 1,
                  "max": 1
                }
              }
            },
            {
              "weight": 16,
              "item": {
                "id": "the_vault:boots",
                "nbt": {
                  "the_vault:gear_roll_type_pool": "gear_completion_crate_elix"
                },
                "count": {
                  "type": "uniform",
                  "min": 1,
                  "max": 1
                }
              }
            },
            {
              "weight": 16,
              "item": {
                "id": "the_vault:shield",
                "nbt": {
                  "the_vault:gear_roll_type_pool": "gear_completion_crate_elix"
                },
                "count": {
                  "type": "uniform",
                  "min": 1,
                  "max": 1
                }
              }
            },
            {
              "weight": 16,
              "item": {
                "id": "the_vault:wand",
                "nbt": {
                  "the_vault:gear_roll_type_pool": "gear_completion_crate_elix"
                },
                "count": {
                  "type": "uniform",
                  "min": 1,
                  "max": 1
                }
              }
            },
            {
              "weight": 16,
              "item": {
                "id": "the_vault:focus",
                "nbt": {
                  "the_vault:gear_roll_type_pool": "gear_completion_crate_elix"
                },
                "count": {
                  "type": "uniform",
                  "min": 1,
                  "max": 1
                }
              }
            }
          ]
        }
      ]
    },
    {
      "roll": {
        "type": "uniform",
        "min": 1,
        "max": 1
      },
      "pool": [
        {
          "weight": 1,
          "pool": [
            {
              "weight": 16,
              "item": {
                "id": "the_vault:sword",
                "nbt": {
                  "the_vault:gear_roll_type_pool": "gear_completion_crate_scav"
                },
                "count": {
                  "type": "uniform",
                  "min": 1,
                  "max": 1
                }
              }
            },
            {
              "weight": 16,
              "item": {
                "id": "the_vault:axe",
                "nbt": {
                  "the_vault:gear_roll_type_pool": "gear_completion_crate_scav"
                },
                "count": {
                  "type": "uniform",
                  "min": 1,
                  "max": 1
                }
              }
            },
            {
              "weight": 16,
              "item": {
                "id": "the_vault:helmet",
                "nbt": {
                  "the_vault:gear_roll_type_pool": "gear_completion_crate_scav"
                },
                "count": {
                  "type": "uniform",
                  "min": 1,
                  "max": 1
                }
              }
            },
            {
              "weight": 16,
              "item": {
                "id": "the_vault:chestplate",
                "nbt": {
                  "the_vault:gear_roll_type_pool": "gear_completion_crate_scav"
                },
                "count": {
                  "type": "uniform",
                  "min": 1,
                  "max": 1
                }
              }
            },
            {
              "weight": 16,
              "item": {
                "id": "the_vault:leggings",
                "nbt": {
                  "the_vault:gear_roll_type_pool": "gear_completion_crate_scav"
                },
                "count": {
                  "type": "uniform",
                  "min": 1,
                  "max": 1
                }
              }
            },
            {
              "weight": 16,
              "item": {
                "id": "the_vault:boots",
                "nbt": {
                  "the_vault:gear_roll_type_pool": "gear_completion_crate_scav"
                },
                "count": {
                  "type": "uniform",
                  "min": 1,
                  "max": 1
                }
              }
            },
            {
              "weight": 16,
              "item": {
                "id": "the_vault:shield",
                "nbt": {
                  "the_vault:gear_roll_type_pool": "gear_completion_crate_scav"
                },
                "count": {
                  "type": "uniform",
                  "min": 1,
                  "max": 1
                }
              }
            },
            {
              "weight": 16,
              "item": {
                "id": "the_vault:wand",
                "nbt": {
                  "the_vault:gear_roll_type_pool": "gear_completion_crate_scav"
                },
                "count": {
                  "type": "uniform",
                  "min": 1,
                  "max": 1
                }
              }
            },
            {
              "weight": 16,
              "item": {
                "id": "the_vault:focus",
                "nbt": {
                  "the_vault:gear_roll_type_pool": "gear_completion_crate_scav"
                },
                "count": {
                  "type": "uniform",
                  "min": 1,
                  "max": 1
                }
              }
            }
          ]
        }
      ]
    },
    {
      "roll": {
        "type": "uniform",
        "min": 1,
        "max": 2
      },
      "pool": [
        {
          "weight": 1,
          "pool": [
            {
              "weight": 16,
              "item": {
                "id": "the_vault:sword",
                "nbt": {
                  "the_vault:gear_roll_type_pool": "gear_completion_crate_paradox"
                },
                "count": {
                  "type": "uniform",
                  "min": 1,
                  "max": 1
                }
              }
            },
            {
              "weight": 16,
              "item": {
                "id": "the_vault:axe",
                "nbt": {
                  "the_vault:gear_roll_type_pool": "gear_completion_crate_paradox"
                },
                "count": {
                  "type": "uniform",
                  "min": 1,
                  "max": 1
                }
              }
            },
            {
              "weight": 16,
              "item": {
                "id": "the_vault:helmet",
                "nbt": {
                  "the_vault:gear_roll_type_pool": "gear_completion_crate_paradox"
                },
                "count": {
                  "type": "uniform",
                  "min": 1,
                  "max": 1
                }
              }
            },
            {
              "weight": 16,
              "item": {
                "id": "the_vault:chestplate",
                "nbt": {
                  "the_vault:gear_roll_type_pool": "gear_completion_crate_paradox"
                },
                "count": {
                  "type": "uniform",
                  "min": 1,
                  "max": 1
                }
              }
            },
            {
              "weight": 16,
              "item": {
                "id": "the_vault:leggings",
                "nbt": {
                  "the_vault:gear_roll_type_pool": "gear_completion_crate_paradox"
                },
                "count": {
                  "type": "uniform",
                  "min": 1,
                  "max": 1
                }
              }
            },
            {
              "weight": 16,
              "item": {
                "id": "the_vault:boots",
                "nbt": {
                  "the_vault:gear_roll_type_pool": "gear_completion_crate_paradox"
                },
                "count": {
                  "type": "uniform",
                  "min": 1,
                  "max": 1
                }
              }
            },
            {
              "weight": 16,
              "item": {
                "id": "the_vault:shield",
                "nbt": {
                  "the_vault:gear_roll_type_pool": "gear_completion_crate_paradox"
                },
                "count": {
                  "type": "uniform",
                  "min": 1,
                  "max": 1
                }
              }
            },
            {
              "weight": 16,
              "item": {
                "id": "the_vault:wand",
                "nbt": {
                  "the_vault:gear_roll_type_pool": "gear_completion_crate_paradox"
                },
                "count": {
                  "type": "uniform",
                  "min": 1,
                  "max": 1
                }
              }
            },
            {
              "weight": 16,
              "item": {
                "id": "the_vault:focus",
                "nbt": {
                  "the_vault:gear_roll_type_pool": "gear_completion_crate_paradox"
                },
                "count": {
                  "type": "uniform",
                  "min": 1,
                  "max": 1
                }
              }
            }
          ]
        }
      ]
    },
    {
      "roll": {
        "type": "uniform",
        "min": 3,
        "max": 3
      },
      "pool": [
        {
          "weight": 1,
          "pool": [
            {
              "weight": 32,
              "item": {
                "id": "the_vault:jewel",
                "nbt": {
                  "the_vault:gear_roll_type_pool": "jewel_completion_crate"
                },
                "count": {
                  "type": "uniform",
                  "min": 1,
                  "max": 1
                }
              }
            }
          ]
        }
      ]
    },
    {
      "roll": {
        "type": "uniform",
        "min": 3,
        "max": 3
      },
      "pool": [
        {
          "weight": 1,
          "pool": [
            {
              "weight": 32,
              "item": {
                "id": "the_vault:jewel",
                "nbt": {
                  "the_vault:gear_roll_type_pool": "jewel_completion_crate_two"
                },
                "count": {
                  "type": "uniform",
                  "min": 1,
                  "max": 1
                }
              }
            }
          ]
        }
      ]
    },
    {
      "roll": {
        "type": "uniform",
        "min": 1,
        "max": 1
      },
      "pool": [
        {
          "weight": 1,
          "pool": [
            {
              "weight": 1,
              "item": {
                "id": "the_vault:vault_platinum",
                "count": {
                  "type": "uniform",
                  "min": 2,
                  "max": 4
                }
              }
            }
          ]
        }
      ]
    },
    {
      "roll": {
        "type": "uniform",
        "min": 1,
        "max": 1
      },
      "pool": [
        {
          "weight": 1,
          "pool": [
            {
              "weight": 15,
              "item": {
                "id": "the_vault:unidentified_relic_fragment",
                "count": {
                  "type": "uniform",
                  "min": 1,
                  "max": 1
                }
              }
            },
            {
              "weight": 15,
              "item": {
                "id": "the_vault:bitter_lemon",
                "count": {
                  "type": "uniform",
                  "min": 1,
                  "max": 1
                }
              }
            },
            {
              "weight": 2,
              "item": {
                "id": "the_vault:sour_orange",
                "count": {
                  "type": "uniform",
                  "min": 1,
                  "max": 1
                }
              }
            },
            {
              "weight": 15,
              "item": {
                "id": "the_vault:mystery_egg",
                "count": {
                  "type": "uniform",
                  "min": 1,
                  "max": 1
                }
              }
            },
            {
              "weight": 1,
              "item": {
                "id": "the_vault:trinket",
                "count": {
                  "type": "uniform",
                  "min": 1,
                  "max": 1
                }
              }
            },
            {
              "weight": 1,
              "item": {
                "id": "the_vault:unidentified_treasure_key",
                "count": {
                  "type": "uniform",
                  "min": 1,
                  "max": 1
                }
              }
            },
            {
              "weight": 8,
              "item": {
                "id": "the_vault:mod_box",
                "count": {
                  "type": "uniform",
                  "min": 1,
                  "max": 1
                }
              }
            },
            {
              "weight": 8,
              "item": {
                "id": "the_vault:faceted_focus",
                "count": {
                  "type": "uniform",
                  "min": 1,
                  "max": 1
                }
              }
            }
          ]
        }
      ]
    },
    {
      "roll": {
        "type": "uniform",
        "min": 6,
        "max": 6
      },
      "pool": [
        {
          "weight": 1,
          "pool": [
            {
              "weight": 1,
              "item": {
                "id": "the_vault:sweet_kiwi",
                "count": {
                  "type": "uniform",
                  "min": 1,
                  "max": 1
                }
              }
            },
            {
              "weight": 1,
              "item": {
                "id": "the_vault:regret_orb",
                "count": {
                  "type": "uniform",
                  "min": 1,
                  "max": 1
                }
              }
            },
            {
              "weight": 1,
              "item": {
                "id": "the_vault:crystal_seal_empty",
                "count": {
                  "type": "uniform",
                  "min": 1,
                  "max": 1
                }
              }
            },
            {
              "weight": 1,
              "item": {
                "id": "the_vault:eternal_soul",
                "count": {
                  "type": "uniform",
                  "min": 1,
                  "max": 1
                }
              }
            },
            {
              "weight": 1,
              "item": {
                "id": "the_vault:bounty_pearl",
                "count": {
                  "type": "uniform",
                  "min": 1,
                  "max": 1
                }
              }
            }
          ]
        }
      ]
    }
  ]
}