{
  "POOL": [
    {
      "value": {
        "id": "the_vault:phoenix_feather",
        "nbt": "{}",
        "amountMin": 1,
        "amountMax": 2
      },
      "weight": 192
    },
    {
      "value": {
        "id": "the_vault:eye_of_avarice",
        "nbt": "{}",
        "amountMin": 1,
        "amountMax": 2
      },
      "weight": 192
    },
    {
      "value": {
        "id": "the_vault:mystical_powder",
        "nbt": "{}",
        "amountMin": 4,
        "amountMax": 12
      },
      "weight": 192
    },
    {
      "value": {
        "id": "the_vault:cheese_burger_feast",
        "nbt": "{}",
        "amountMin": 8,
        "amountMax": 16
      },
      "weight": 192
    },
    {
      "value": {
        "id": "the_vault:spicy_hearty_burger",
        "nbt": "{}",
        "amountMin": 1,
        "amountMax": 3
      },
      "weight": 180
    },
    {
      "value": {
        "id": "the_vault:extraordinary_black_opal",
        "nbt": "{}",
        "amountMin": 1,
        "amountMax": 2
      },
      "weight": 180
    },
    {
      "value": {
        "id": "the_vault:extraordinary_echo_gem",
        "nbt": "{}",
        "amountMin": 1,
        "amountMax": 1
      },
      "weight": 32
    },
    {
      "value": {
        "id": "the_vault:gem_pog",
        "nbt": "{}",
        "amountMin": 1,
        "amountMax": 3
      },
      "weight": 100
    },
    {
      "value": {
        "id": "the_vault:echo_pog",
        "nbt": "{}",
        "amountMin": 1,
        "amountMax": 1
      },
      "weight": 20
    },
    {
      "value": {
        "id": "the_vault:key_mould",
        "nbt": "{}",
        "amountMin": 1,
        "amountMax": 2
      },
      "weight": 100
    },
    {
      "value": {
        "id": "the_vault:key_piece",
        "nbt": "{}",
        "amountMin": 3,
        "amountMax": 10
      },
      "weight": 128
    },
    {
      "value": {
        "id": "the_vault:unidentified_treasure_key",
        "nbt": "{}",
        "amountMin": 1,
        "amountMax": 1
      },
      "weight": 64
    },
    {
      "value": {
        "id": "the_vault:sour_orange",
        "nbt": "{}",
        "amountMin": 1,
        "amountMax": 3
      },
      "weight": 160
    },
    {
      "value": {
        "id": "the_vault:mystic_pear",
        "nbt": "{}",
        "amountMin": 1,
        "amountMax": 1
      },
      "weight": 16
    },
    {
      "value": {
        "id": "the_vault:mystery_egg",
        "nbt": "{}",
        "amountMin": 4,
        "amountMax": 10
      },
      "weight": 192
    },
    {
      "value": {
        "id": "the_vault:knowledge_star",
        "nbt": "{}",
        "amountMin": 1,
        "amountMax": 3
      },
      "weight": 192
    },
    {
      "value": {
        "id": "the_vault:vault_catalyst",
        "nbt": "{}",
        "amountMin": 2,
        "amountMax": 6
      },
      "weight": 192
    },
    {
      "value": {
        "id": "the_vault:repair_core",
        "nbt": "{}",
        "amountMin": 1,
        "amountMax": 2
      },
      "weight": 128
    },
    {
      "value": {
        "id": "the_vault:trinket",
        "nbt": "{}",
        "amountMin": 1,
        "amountMax": 2
      },
      "weight": 128
    },
    {
      "value": {
        "id": "the_vault:black_chromatic_steel_ingot",
        "nbt": "{}",
        "amountMin": 2,
        "amountMax": 6
      },
      "weight": 128
    },
    {
      "value": {
        "id": "the_vault:vault_plating",
        "nbt": "{}",
        "amountMin": 192,
        "amountMax": 256
      },
      "weight": 164
    },
    {
      "value": {
        "id": "the_vault:carbon",
        "nbt": "{}",
        "amountMin": 64,
        "amountMax": 128
      },
      "weight": 164
    },
    {
      "value": {
        "id": "the_vault:vault_palladium",
        "nbt": "{}",
        "amountMin": 1,
        "amountMax": 2
      },
      "weight": 128
    },
    {
      "value": {
        "id": "the_vault:angel_block",
        "nbt": "{}",
        "amountMin": 1,
        "amountMax": 1
      },
      "weight": 80
    },
    {
      "value": {
        "id": "the_vault:gem_box",
        "nbt": "{}",
        "amountMin": 10,
        "amountMax": 16
      },
      "weight": 192
    },
    {
      "value": {
        "id": "the_vault:supply_box",
        "nbt": "{}",
        "amountMin": 10,
        "amountMax": 16
      },
      "weight": 192
    },
    {
      "value": {
        "id": "the_vault:wold_star_chunk",
        "nbt": "{}",
        "amountMin": 1,
        "amountMax": 1
      },
      "weight": 4
    },
    {
      "value": {
        "id": "the_vault:augment_box",
        "nbt": "{}",
        "amountMin": 4,
        "amountMax": 6
      },
      "weight": 64
    },
    {
      "value": {
        "id": "woldsvaults:inscription_box",
        "nbt": "{}",
        "amountMin": 2,
        "amountMax": 2
      },
      "weight": 64
    },
    {
      "value": {
        "id": "the_vault:altar_recatalyzer",
        "nbt": "{}",
        "amountMin": 4,
        "amountMax": 4
      },
      "weight": 128
    },
    {
      "value": {
        "id": "woldsvaults:general_decor_scroll",
        "nbt": "{}",
        "amountMin": 1,
        "amountMax": 1
      },
      "weight": 64
    },
    {
      "value": {
        "id": "the_vault:inscription",
        "nbt": "{data: {entries: [{color: 7012096,count: 1,pool: \"the_vault:vault/rooms/omega/blacksmith\"}, {color: 7012096,count: 1,pool: \"the_vault:vault/rooms/omega/mush_room\"}, {color: 7012096,count: 1,pool: \"the_vault:vault/rooms/omega/mine\"}, {color: 7012096,count: 1,pool: \"the_vault:vault/rooms/omega/vendor\"}, {color: 7012096,count: 1,pool: \"the_vault:vault/rooms/omega/painting\"}, {color: 7012096,count: 1,pool: \"the_vault:vault/rooms/omega/cove\"}, {color: 7012096,count: 1,pool: \"the_vault:vault/rooms/omega/library\"}],model: 11, size: 40}}",
        "amountMin": 1,
        "amountMax": 1
      },
      "weight": 4
    },
    {
      "value": {
        "id": "the_vault:inscription",
        "nbt": "{data: {entries: [{color: 15769088,count: 1,pool: \"the_vault:vault/rooms/challenge/x-mark\"}, {color: 15769088,count: 1,pool: \"the_vault:vault/rooms/challenge/dragon\"}, {color: 15769088,count: 1,pool: \"the_vault:vault/rooms/challenge/factory\"}, {color: 15769088,count: 1,pool: \"the_vault:vault/rooms/challenge/wildwest\"}, {color: 15769088,count: 1,pool: \"the_vault:vault/rooms/challenge/village\"}, {color: 15769088,count: 1,pool: \"the_vault:vault/rooms/challenge/crystal_caves\"}],model: 11, size: 25}}",
        "amountMin": 1,
        "amountMax": 1
      },
      "weight": 8
    }
  ]
}