{
  "table": [
    {
      "level": 0,
      "item": {
        "item": "the_vault:helmet"
      },
      "model": "the_vault:gear/armor/cake/helmet",
      "modifierIdentifiers": [
        "the_vault:armor",
        "the_vault:armor"
      ],
      "modifierTags": [],
      "weight": 1
    },
    {
      "level": 25,
      "item": {
        "item": "the_vault:helmet"
      },
      "model": "the_vault:gear/armor/jester/helmet",
      "modifierIdentifiers": [
        "the_vault:base_durability",
        "the_vault:jester_lucky_hit"
      ],
      "modifierTags": [],
      "weight": 1
    },
    {
      "level": 0,
      "item": {
        "item": "the_vault:chestplate"
      },
      "model": "the_vault:gear/armor/cake/chestplate",
      "modifierIdentifiers": [
        "the_vault:base_durability",
        "the_vault:armor",
        "the_vault:tower_knockback_resistance"
      ],
      "modifierTags": [],
      "weight": 1
    }
  ]
}