{
  "maxLevel": 100,
  "levelMetas": [
    {
      "level": 0,
      "tnl": 1000
    },
    {
      "level": 1,
      "tnl": 2000
    },
    {
      "level": 2,
      "tnl": 3000
    },
    {
      "level": 3,
      "tnl": 4000
    },
    {
      "level": 4,
      "tnl": 5000
    },
    {
      "level": 5,
      "tnl": 6000
    },
    {
      "level": 6,
      "tnl": 7000
    },
    {
      "level": 7,
      "tnl": 9000
    },
    {
      "level": 8,
      "tnl": 11000
    },
    {
      "level": 9,
      "tnl": 12500
    },
    {
      "level": 10,
      "tnl": 14000
    },
    {
      "level": 11,
      "tnl": 14400
    },
    {
      "level": 12,
      "tnl": 14800
    },
    {
      "level": 13,
      "tnl": 15200
    },
    {
      "level": 14,
      "tnl": 15600
    },
    {
      "level": 15,
      "tnl": 16000
    },
    {
      "level": 16,
      "tnl": 16400
    },
    {
      "level": 17,
      "tnl": 16800
    },
    {
      "level": 18,
      "tnl": 17200
    },
    {
      "level": 19,
      "tnl": 17600
    },
    {
      "level": 20,
      "tnl": 18000
    },
    {
      "level": 21,
      "tnl": 18400
    },
    {
      "level": 22,
      "tnl": 18800
    },
    {
      "level": 23,
      "tnl": 19200
    },
    {
      "level": 24,
      "tnl": 19600
    },
    {
      "level": 25,
      "tnl": 20000
    },
    {
      "level": 26,
      "tnl": 20400
    },
    {
      "level": 27,
      "tnl": 20800
    },
    {
      "level": 28,
      "tnl": 21200
    },
    {
      "level": 29,
      "tnl": 21600
    },
    {
      "level": 30,
      "tnl": 22000
    },
    {
      "level": 31,
      "tnl": 22400
    },
    {
      "level": 32,
      "tnl": 22800
    },
    {
      "level": 33,
      "tnl": 23200
    },
    {
      "level": 34,
      "tnl": 23600
    },
    {
      "level": 35,
      "tnl": 24000
    },
    {
      "level": 36,
      "tnl": 24400
    },
    {
      "level": 37,
      "tnl": 24800
    },
    {
      "level": 38,
      "tnl": 25200
    },
    {
      "level": 39,
      "tnl": 25600
    },
    {
      "level": 40,
      "tnl": 26000
    },
    {
      "level": 41,
      "tnl": 27200
    },
    {
      "level": 42,
      "tnl": 28400
    },
    {
      "level": 43,
      "tnl": 29600
    },
    {
      "level": 44,
      "tnl": 30800
    },
    {
      "level": 45,
      "tnl": 32000
    },
    {
      "level": 46,
      "tnl": 33200
    },
    {
      "level": 47,
      "tnl": 34400
    },
    {
      "level": 48,
      "tnl": 35600
    },
    {
      "level": 49,
      "tnl": 36800
    },
    {
      "level": 50,
      "tnl": 98700
    },
    {
      "level": 51,
      "tnl": 98700
    },
    {
      "level": 52,
      "tnl": 98700
    },
    {
      "level": 53,
      "tnl": 98700
    },
    {
      "level": 54,
      "tnl": 98700
    },
    {
      "level": 55,
      "tnl": 98700
    },
    {
      "level": 56,
      "tnl": 98700
    },
    {
      "level": 57,
      "tnl": 98700
    },
    {
      "level": 58,
      "tnl": 98700
    },
    {
      "level": 59,
      "tnl": 98700
    },
    {
      "level": 60,
      "tnl": 98700
    },
    {
      "level": 61,
      "tnl": 98700
    },
    {
      "level": 62,
      "tnl": 98700
    },
    {
      "level": 63,
      "tnl": 98700
    },
    {
      "level": 64,
      "tnl": 98700
    },
    {
      "level": 65,
      "tnl": 246750
    },
    {
      "level": 66,
      "tnl": 246750
    },
    {
      "level": 67,
      "tnl": 246750
    },
    {
      "level": 68,
      "tnl": 246750
    },
    {
      "level": 69,
      "tnl": 246750
    },
    {
      "level": 70,
      "tnl": 246750
    },
    {
      "level": 71,
      "tnl": 246750
    },
    {
      "level": 72,
      "tnl": 246750
    },
    {
      "level": 73,
      "tnl": 246750
    },
    {
      "level": 74,
      "tnl": 246750
    },
    {
      "level": 75,
      "tnl": 246750
    },
    {
      "level": 76,
      "tnl": 246750
    },
    {
      "level": 77,
      "tnl": 246750
    },
    {
      "level": 78,
      "tnl": 246750
    },
    {
      "level": 79,
      "tnl": 246750
    },
    {
      "level": 80,
      "tnl": 493500
    },
    {
      "level": 81,
      "tnl": 493500
    },
    {
      "level": 82,
      "tnl": 493500
    },
    {
      "level": 83,
      "tnl": 493500
    },
    {
      "level": 84,
      "tnl": 493500
    },
    {
      "level": 85,
      "tnl": 493500
    },
    {
      "level": 86,
      "tnl": 493500
    },
    {
      "level": 87,
      "tnl": 493500
    },
    {
      "level": 88,
      "tnl": 493500
    },
    {
      "level": 89,
      "tnl": 493500
    },
    {
      "level": 90,
      "tnl": 1110375
    },
    {
      "level": 91,
      "tnl": 1110375
    },
    {
      "level": 92,
      "tnl": 1110375
    },
    {
      "level": 93,
      "tnl": 1110375
    },
    {
      "level": 94,
      "tnl": 1110375
    },
    {
      "level": 95,
      "tnl": 1110375
    },
    {
      "level": 96,
      "tnl": 1110375
    },
    {
      "level": 97,
      "tnl": 1110375
    },
    {
      "level": 98,
      "tnl": 1110375
    },
    {
      "level": 99,
      "tnl": 1110375
    },
    {
      "level": 100,
      "tnl": 22189000
    }
  ]
}