{
    "type": "minecraft:block",
    "pools": [
        {
            "rolls": 1,
            "entries": [
                {
                    "type": "minecraft:alternatives",
                    "children": [
                        {
                            "type": "minecraft:item",
                            "name": "the_vault:gem_benitoite",
                            "functions": [
                                {
                                    "function": "minecraft:apply_bonus",
                                    "enchantment": "minecraft:fortune",
                                    "formula": "minecraft:ore_drops"
                                }
                            ],
                            "conditions": [
                                {
                                    "condition": "minecraft:random_chance",
                                    "chance": 0.9
                                }
                            ]
                        },
                        {
                            "type": "minecraft:item",
                            "name": "the_vault:smashed_vault_gem",
                            "conditions": [
                                {
                                    "condition": "minecraft:random_chance",
                                    "chance": 1
                                }
                            ]
                        }
                    ]
                }
            ]
        }
    ]
}