{
    "tile_processors": [
        {
            "type": "reference",
            "id": "the_vault:generic/paradox"
        },
        {
            "type": "reference",
            "id": "the_vault:generic/treasure_door_placeholder"
        },
        {
            "type": "weighted_target",
            "target": "minecraft:stone",
            "output": {
                "the_vault:wendarr_brick_chiseled": 1,
                "the_vault:wendarr_dark_smooth_brick": 2,
                "the_vault:wendarr_gem_block": 1
            }
        },
        {
            "type": "weighted_target",
            "target": "minecraft:cobblestone",
            "output": {
                "minecraft:smooth_red_sandstone": 1,
                "quark:red_sandstone_bricks": 1
            }
        },
        {
            "type": "weighted_target",
            "target": "minecraft:gray_concrete",
            "output": {
                "the_vault:wendarr_light_smooth_brick": 1,
                "auxiliaryblocks:orange_gelatin": 2,
                "auxiliaryblocks:orange_crystal": 2
            }
        },
        {
            "type": "weighted_target",
            "target": "minecraft:grass_block",
            "output": {
                "minecraft:yellow_concrete_powder": 1
            }
        },
        {
            "type": "weighted_target",
            "target": "minecraft:dirt",
            "output": {
                "minecraft:sand": 1
            }
        },
        {
            "type": "weighted_target",
            "target": "minecraft:coarse_dirt",
            "output": {
                "minecraft:sandstone": 1,
                "architects_palette:gilded_sandstone": 1,
                "architects_palette:chiseled_gilded_sandstone": 1,
                "architects_palette:gilded_sandstone_pillar": 1
            }
        },
        {
            "type": "weighted_target",
            "target": "minecraft:stone_slab",
            "output": {
                "minecraft:sandstone_slab": 1
            }
        },
        {
            "type": "weighted_target",
            "target": "minecraft:cobblestone_slab",
            "output": {
                "quark:yellow_shingles_slab": 1
            }
        },
        {
            "type": "weighted_target",
            "target": "minecraft:spruce_slab",
            "output": {
                "minecraft:sandstone_slab": 1,
                "architects_palette:gilded_sandstone_slab": 1
            }
        },
        {
            "type": "weighted_target",
            "target": "minecraft:purple_wool",
            "output": {
                "quark:yellow_corundum": 1,
				"the_vault:wendarr_jewel_block": 1,
				"the_vault:wendarr_jewel_glass": 1
            }
        },
        {
            "type": "weighted_target",
            "target": "minecraft:water",
            "output": {
                "decorative_blocks:thatch": 1
            }
        },
        {
            "type": "weighted_target",
            "target": "minecraft:birch_log",
            "output": {
                "minecraft:air": 1
            }
        },
        {
            "type": "weighted_target",
            "target": "minecraft:birch_fence",
            "output": {
                "minecraft:air": 1
            }
        },
        {
            "type": "weighted_target",
            "target": "minecraft:warped_fence",
            "output": {
                "minecraft:air": 1
            }
        },
        {
            "type": "weighted_target",
            "target": "minecraft:warped_wart_block",
            "output": {
                "minecraft:air": 1
            }
        },
        {
            "type": "weighted_target",
            "target": "minecraft:shroomlight",
            "output": {
                "minecraft:air": 1
            }
        },
        {
            "type": "weighted_target",
            "target": "architects_palette:twisted_fence",
            "output": {
                "minecraft:acacia_fence": 1
            }
        },
        {
            "type": "weighted_target",
            "target": "minecraft:cave_vines_plant",
            "output": {
                "minecraft:air": 1
            }
        },
        {
            "type": "weighted_target",
            "target": "minecraft:cave_vines",
            "output": {
                "minecraft:air": 1
            }
        },
        {
            "type": "weighted_target",
            "target": "minecraft:spore_blossom",
            "output": {
                "minecraft:air": 1
            }
        },
        {
            "type": "weighted_target",
            "target": "minecraft:brown_wool",
            "output": {
                "minecraft:air": 1
            }
        },
        {
            "type": "weighted_target",
            "target": "minecraft:pink_wool",
            "output": {
                "minecraft:air": 1
            }
        },
        {
            "type": "weighted_target",
            "target": "minecraft:grass",
            "output": {
                "minecraft:air": 1
            }
        },
        {
            "type": "weighted_target",
            "target": "minecraft:tall_grass[half=lower]",
            "output": {
                "supplementaries:hourglass": 1,
                "supplementaries:hourglass{SandType:1,Progress:1.0f,Items:[{Slot:0b,id:\"minecraft:sand\",Count:1b}]}": 1,
                "supplementaries:hourglass{SandType:1,Progress:1.0f,Items:[{Slot:0b,id:\"minecraft:yellow_concrete_powder\",Count:1b}]}": 1,
                "supplementaries:hourglass{SandType:1,Progress:1.0f,Items:[{Slot:0b,id:\"minecraft:orange_concrete_powder\",Count:1b}]}": 1
            }
        },
        {
            "type": "weighted_target",
            "target": "minecraft:tall_grass[half=upper]",
            "output": {
                "minecraft:air": 1
            }
        },
        {
            "type": "weighted_target",
            "target": "minecraft:twisting_vines_plant",
            "output": {
                "architects_palette:blank_acacia_totem": 1,
                "architects_palette:grinning_acacia_totem[facing=south]": 1,
                "architects_palette:grinning_acacia_totem[facing=north]": 1,
                "architects_palette:grinning_acacia_totem[facing=east]": 1,
                "architects_palette:grinning_acacia_totem[facing=west]": 1,
                "architects_palette:placid_acacia_totem[facing=south]": 1,
                "architects_palette:placid_acacia_totem[facing=north]": 1,
                "architects_palette:placid_acacia_totem[facing=east]": 1,
                "architects_palette:placid_acacia_totem[facing=west]": 1,
                "architects_palette:shocked_acacia_totem[facing=south]": 1,
                "architects_palette:shocked_acacia_totem[facing=north]": 1,
                "architects_palette:shocked_acacia_totem[facing=east]": 1,
                "architects_palette:shocked_acacia_totem[facing=west]": 1
            }
        },
        {
            "type": "weighted_target",
            "target": "minecraft:twisting_vines",
            "output": {
                "architects_palette:grinning_acacia_totem[facing=south]": 1,
                "architects_palette:grinning_acacia_totem[facing=north]": 1,
                "architects_palette:grinning_acacia_totem[facing=east]": 1,
                "architects_palette:grinning_acacia_totem[facing=west]": 1,
                "architects_palette:placid_acacia_totem[facing=south]": 1,
                "architects_palette:placid_acacia_totem[facing=north]": 1,
                "architects_palette:placid_acacia_totem[facing=east]": 1,
                "architects_palette:placid_acacia_totem[facing=west]": 1,
                "architects_palette:shocked_acacia_totem[facing=south]": 1,
                "architects_palette:shocked_acacia_totem[facing=north]": 1,
                "architects_palette:shocked_acacia_totem[facing=east]": 1,
                "architects_palette:shocked_acacia_totem[facing=west]": 1
            }
        },
        {
            "type": "weighted_target",
            "target": "minecraft:fern",
            "output": {
                "minecraft:dead_bush": 1,
                "minecraft:air": 1
            }
        },
        {
            "type": "weighted_target",
            "target": "minecraft:lime_wool",
            "output": {
                "minecraft:air": 1
            }
        },
        {
            "type": "weighted_target",
            "target": "minecraft:cyan_wool",
            "output": {
                "minecraft:air": 1
            }
        },
        {
            "type": "weighted_target",
            "target": "minecraft:oak_log",
            "output": {
                "everycomp:db/twigs/bamboo_beam": 1
            }
        },
        {
            "type": "weighted_target",
            "target": "minecraft:oak_wood",
            "output": {
                "twigs:stripped_bundled_bamboo": 1
            }
        },
        {
            "type": "weighted_target",
            "target": "minecraft:oak_leaves",
            "output": {
                "ecologics:walnut_leaves": 1
            }
        },
        {
            "type": "weighted_target",
            "target": "minecraft:oak_planks",
            "output": {
                "twigs:stripped_bamboo_planks": 1
            }
        },
        {
            "type": "weighted_target",
            "target": "minecraft:oak_fence",
            "output": {
                "twigs:stripped_bamboo_fence": 1
            }
        },
        {
            "type": "weighted_target",
            "target": "minecraft:oak_slab",
            "output": {
                "twigs:stripped_bamboo_slab": 1
            }
        },
        {
            "type": "weighted_target",
            "target": "minecraft:oak_trapdoor",
            "output": {
                "mcwtrpdoors:bamboo_classic_trapdoor": 1,
                "mcwtrpdoors:bamboo_barn_trapdoor": 1,
                "mcwtrpdoors:bamboo_swamp_trapdoor": 1
            }
        },
        {
            "type": "weighted_target",
            "target": "minecraft:oak_stairs",
            "output": {
                "twigs:stripped_bamboo_stairs": 1
            }
        },
        {
            "type": "weighted_target",
            "target": "minecraft:oak_fence_gate",
            "output": {
                "twigs:stripped_bamboo_fence_gate": 1
            }
        },
        {
            "type": "weighted_target",
            "target": "minecraft:oak_door",
            "output": {
                "everycomp:mcd/twigs/bamboo_mystic_door": 1
            }
        },
        {
            "type": "weighted_target",
            "target": "minecraft:stone_bricks",
            "output": {
                "quark:calcite_bricks": 3,
                "quark:diorite_bricks": 1
            }
        },
        {
            "type": "weighted_target",
            "target": "minecraft:stone_brick_stairs",
            "output": {
                "quark:calcite_bricks_stairs": 3,
                "quark:diorite_bricks_stairs": 1
            }
        },
        {
            "type": "weighted_target",
            "target": "create:andesite_pillar",
            "output": {
                "create:calcite_pillar": 1
            }
        },
        {
            "type": "weighted_target",
            "target": "minecraft:chiseled_stone_bricks",
            "output": {
                "architects_palette:chiseled_calcite": 1
            }
        },
        {
            "type": "weighted_target",
            "target": "minecraft:stone_brick_slab",
            "output": {
                "quark:calcite_bricks_slab": 3,
                "quark:diorite_bricks_slab": 1
            }
        },
        {
            "type": "weighted_target",
            "target": "quark:stone_brick_vertical_slab",
            "output": {
                "quark:calcite_bricks_vertical_slab": 3,
                "quark:diorite_bricks_vertical_slab": 1
            }
        },
        {
            "type": "weighted_target",
            "target": "quark:stone_vertical_slab",
            "output": {
                "quark:calcite_vertical_slab": 1,
                "quark:polished_calcite_vertical_slab": 1
            }
        },
        {
            "type": "weighted_target",
            "target": "minecraft:stone_brick_wall",
            "output": {
                "quark:calcite_bricks_wall": 1,
                "quark:diorite_bricks_wall": 1
            }
        },
        {
            "type": "weighted_target",
            "target": "minecraft:cobblestone_wall",
            "output": {
                "quark:calcite_wall": 1
            }
        },
        {
            "type": "weighted_target",
            "target": "minecraft:cobblestone_stairs",
            "output": {
                "quark:calcite_stairs": 1,
                "quark:polished_calcite_stairs": 1
            }
        },
        {
            "type": "weighted_target",
            "target": "minecraft:mossy_stone_bricks",
            "output": {
                "botania:mossy_livingrock_bricks": 1
            }
        },
        {
            "type": "weighted_target",
            "target": "minecraft:mossy_cobblestone",
            "output": {
                "minecraft:sandstone": 1
            }
        },
        {
            "type": "weighted_target",
            "target": "minecraft:green_concrete",
            "output": {
                "minecraft:sand": 1
            }
        },
        {
            "type": "weighted_target",
            "target": "minecraft:magma_block",
            "output": {
                "minecraft:magma_block": 1
            }
        },
        {
            "type": "weighted_target",
            "target": "minecraft:lava",
            "output": {
                "minecraft:lava": 1
            }
        },
        {
            "type": "weighted_target",
            "target": "minecraft:moss_carpet",
            "output": {
                "minecraft:air": 1
            }
        },
        {
            "type": "weighted_target",
            "target": "decorative_blocks:brazier",
            "output": {
                "decorative_blocks:soul_brazier": 1
            }
        },
        {
            "type": "weighted_target",
            "target": "minecraft:campfire",
            "output": {
                "minecraft:soul_campfire": 1
            }
        },
        {
            "type": "weighted_target",
            "target": "minecraft:lantern",
            "output": {
                "minecraft:soul_lantern": 1
            }
        },
        {
            "type": "weighted_target",
            "target": "supplementaries:wall_lantern{Lantern:{Name:\"minecraft:lantern\"}}",
            "output": {
                "supplementaries:wall_lantern{Lantern:{Name:\"minecraft:soul_lantern\",Properties:{waterlogged:\"false\", hanging:\"false\"}}}": 1
            }
        },
        {
            "type": "weighted_target",
            "target": "minecraft:soul_lantern",
            "output": {
                "minecraft:soul_lantern": 1
            }
        },
        {
            "type": "weighted_target",
            "target": "minecraft:glass",
            "output": {
                "minecraft:light[level=15]": 1
            }
        },
        {
            "type": "weighted_target",
            "target": "minecraft:cyan_stained_glass",
            "output": {
                "auxiliaryblocks:yellow_frameless_glass": 1
            }
        },
        {
            "type": "weighted_target",
            "target": "minecraft:light_blue_stained_glass",
            "output": {
                "auxiliaryblocks:orange_frameless_glass": 1
            }
        },
        {
            "type": "weighted_target",
            "target": "minecraft:bookshelf",
            "output": {
                "everycomp:q/twigs/bamboo_bookshelf": 1
            }
        },
        {
            "type": "weighted_target",
            "target": "ecologics:azalea_log",
            "output": {
                "create:ochrum_pillar": 1
            }
        },
        {
            "type": "weighted_target",
            "target": "ecologics:azalea_fence",
            "output": {
                "cfm:stripped_jungle_upgraded_fence": 1
            }
        },
        {
            "type": "weighted_target",
            "target": "create:cut_crimsite_wall",
            "output": {
                "create:cut_ochrum_wall": 1
            }
        },
        {
            "type": "weighted_target",
            "target": "quark:azalea_log",
            "output": {
                "architects_palette:blank_acacia_totem": 1
            }
        },
        {
            "type": "weighted_target",
            "target": "quark:azalea_planks",
            "output": {
                "minecraft:cut_red_sandstone": 1
            }
        },
        {
            "type": "weighted_target",
            "target": "quark:azalea_planks_stairs",
            "output": {
                "minecraft:red_sandstone_stairs": 4
            }
        },
        {
            "type": "weighted_target",
            "target": "create:cut_veridium_wall",
            "output": {
                "minecraft:red_sandstone_wall": 1
            }
        },
        {
            "type": "weighted_target",
            "target": "minecraft:sand",
            "output": {
                "minecraft:yellow_concrete_powder": 1
            }
        },
        {
            "type": "weighted_target",
            "target": "minecraft:potted_oak_sapling",
            "output": {
                "minecraft:potted_dead_bush": 1
            }
        },
        {
            "type": "weighted_target",
            "target": "quark:oak_hedge",
            "output": {
                "minecraft:air": 1
            }
        },
        {
            "type": "weighted_target",
            "target": "decorative_blocks:oak_support",
            "output": {
                "everycomp:db/twigs/bamboo_support": 1
            }
        },
        {
            "type": "weighted_target",
            "target": "minecraft:end_stone_bricks",
            "output": {
                "the_vault:wendarr_brick_chiseled": 3,
                "the_vault:wendarr_brick": 1
            }
        },
        {
            "type": "weighted_target",
            "target": "minecraft:end_stone_brick_stairs",
            "output": {
                "the_vault:wendarr_brick_chiseled": 3,
                "the_vault:wendarr_brick": 1
            }
        },
        {
            "type": "weighted_target",
            "target": "minecraft:end_stone_brick_slab",
            "output": {
                "the_vault:wendarr_brick_chiseled": 3,
                "the_vault:wendarr_brick": 1
            }
        },
        {
            "type": "weighted_target",
            "target": "minecraft:end_stone",
            "output": {
                "the_vault:wendarr_light_smooth_brick": 1
            }
        },
        {
            "type": "weighted_target",
            "target": "the_vault:god_altar",
            "output": {
              "minecraft:air": 1
            }
        },
        {
            "type": "reference",
            "id": "the_vault:generic/room_base"
        },
        {
            "type": "reference",
            "id": "the_vault:generic/spawners/desert_mobs"
        },
        {
            "type": "reference",
            "id": "the_vault:generic/common_elite_spawners"
        },
        {
            "type": "reference",
            "id": "the_vault:gate_lock/base"
        }
    ],
    "entity_processors": [],
    "decorators": []
}