[
  {
    "weight": 1,
    "value": {
      "template": "the_vault:empty",
      "palettes": []
    }
  },
  {
    "weight": 1,
    "pool": [
      {
        "weight": 1,
        "value": {
          "template": "the_vault:vault/decor/mine/minecart1",
          "palettes": [ "the_vault:mine/ore_placeholder_micro" ]
        }
      },
      {
        "weight": 1,
        "value": {
          "template": "the_vault:vault/decor/mine/minecart2",
          "palettes": [ "the_vault:mine/ore_placeholder_micro" ]
        }
      }
    ]
  }
]