{
    "parent": "izzy_vault:the_vault",
    "display": {
      "icon": {
        "item": "the_vault:soul_flame"
      },
      "title": {"text": "Ascention to Legend"},
      "description": {"text": "Create a Soul Flame"}
    },
    "criteria": {
      "craft_item": {
        "trigger": "minecraft:inventory_changed",
        "conditions": {
          "items": [
            {
              "items": [
                "the_vault:soul_flame"
              ]
            }
          ]
        }
      }
    }
  }