{
    "parent": "izzy_vault:soul/soul_plaque_5",
    "display": {
      "icon": {
        "item": "the_vault:soul_plaque",
        "nbt": "{CustomModelData:6}"
      },
      "title": {"text": "Soul Plaque - Level 6"},
      "description":{"text": "Recieve a Soul Plaque level 6 or above (24 completions or more)"},
      "announce_to_chat": false
    },
    "criteria": {
      "6": {
        "trigger": "minecraft:inventory_changed",
        "conditions": {
          "items": [
            {
              "items": [
                "the_vault:soul_plaque"
              ],
              "nbt": "{CustomModelData:6}"
            }
          ]
        }
      },
      "7": {
        "trigger": "minecraft:inventory_changed",
        "conditions": {
          "items": [
            {
              "items": [
                "the_vault:soul_plaque"
              ],
              "nbt": "{CustomModelData:7}"
            }
          ]
        }
      },
      "8": {
        "trigger": "minecraft:inventory_changed",
        "conditions": {
          "items": [
            {
              "items": [
                "the_vault:soul_plaque"
              ],
              "nbt": "{CustomModelData:8}"
            }
          ]
        }
      }
    },
    "requirements": [
        ["6","7","8"]
    ]
  }