{
  "display": {
    "icon": {
      "item": "woldsvaults:arcane_essence"
    },
    "title": {
      "text": "Granules of Power"
    },
    "description": {
      "text": "Obtain Arcane Essence from a Level 100 Completion Crate."
    },
    "frame": "task",
    "show_toast": true,
    "announce_to_chat": true,
    "hidden": false
  },
  "criteria": {
    "diamond": {
      "trigger": "minecraft:inventory_changed",
      "conditions": {
        "items": [
          {
            "items": [
              "woldsvaults:arcane_essence"
            ]
          }
        ]
      }
    }
  },
  "requirements": [
    [
      "diamond"
    ]
  ]
}