{
	"credit": "Made with Blockbench",
	"texture_size": [64, 64],
	"textures": {
		"0": "the_vault:block/dungeon_doors/piglin",
		"particle": "the_vault:block/dungeon_doors/piglin"
	},
	"elements": [
		{
			"from": [0, 0, 13],
			"to": [16, 16, 16],
			"faces": {
				"north": {"uv": [0, 0, 4, 4], "texture": "#0"},
				"east": {"uv": [4, 0, 4.75, 4], "texture": "#0"},
				"south": {"uv": [4.75, 0, 8.75, 4], "texture": "#0"},
				"west": {"uv": [4, 0, 4.75, 4], "texture": "#0"},
				"up": {"uv": [0, 8, 4, 8.75], "texture": "#0"},
				"down": {"uv": [0, 8, 4, 8.75], "texture": "#0"}
			}
		},
		{
			"from": [3, 4, 11],
			"to": [13, 12, 13],
			"faces": {
				"north": {"uv": [6.25, 8.75, 8.75, 10.75], "texture": "#0"},
				"east": {"uv": [4.5, 10.75, 5, 12.75], "texture": "#0"},
				"south": {"uv": [6.25, 8.75, 8.75, 10.75], "texture": "#0"},
				"west": {"uv": [5.25, 10.75, 5.75, 12.75], "texture": "#0"},
				"up": {"uv": [6, 10.75, 8.5, 11.25], "texture": "#0"},
				"down": {"uv": [6, 11.5, 8.5, 12], "texture": "#0"}
			}
		},
		{
			"from": [2, 5, 12],
			"to": [3, 10, 13],
			"faces": {
				"north": {"uv": [8.75, 9.25, 9, 10.5], "texture": "#0"},
				"east": {"uv": [4.5, 10.75, 4.75, 12], "texture": "#0"},
				"south": {"uv": [8.75, 9.25, 9, 10.5], "texture": "#0"},
				"west": {"uv": [5.25, 10.75, 5.5, 12], "texture": "#0"},
				"up": {"uv": [6, 10.75, 6.25, 11], "texture": "#0"},
				"down": {"uv": [6, 11.5, 6.25, 11.75], "texture": "#0"}
			}
		},
		{
			"from": [13, 5, 12],
			"to": [14, 10, 13],
			"faces": {
				"north": {"uv": [6, 9.25, 6.25, 10.5], "texture": "#0"},
				"east": {"uv": [4.5, 10.75, 4.75, 12], "texture": "#0"},
				"south": {"uv": [6, 9.25, 6.25, 10.5], "texture": "#0"},
				"west": {"uv": [5.25, 10.75, 5.5, 12], "texture": "#0"},
				"up": {"uv": [6, 10.75, 6.25, 11], "texture": "#0"},
				"down": {"uv": [6, 11.5, 6.25, 11.75], "texture": "#0"}
			}
		},
		{
			"from": [6, 4, 10],
			"to": [10, 8, 11],
			"faces": {
				"north": {"uv": [7, 9.75, 8, 10.75], "texture": "#0"},
				"east": {"uv": [4.5, 10.75, 4.75, 11.75], "texture": "#0"},
				"south": {"uv": [7, 9.75, 8, 10.75], "texture": "#0"},
				"west": {"uv": [5.25, 10.75, 5.5, 11.75], "texture": "#0"},
				"up": {"uv": [6, 10.75, 7, 11], "texture": "#0"},
				"down": {"uv": [6, 11.5, 7, 11.75], "texture": "#0"}
			}
		},
		{
			"from": [10, 4, 10],
			"to": [11, 6, 11],
			"faces": {
				"north": {"uv": [6.75, 10.25, 7, 10.75], "texture": "#0"},
				"east": {"uv": [4.5, 10.75, 4.75, 11.25], "texture": "#0"},
				"south": {"uv": [6.75, 10.25, 7, 10.75], "texture": "#0"},
				"west": {"uv": [5.25, 10.75, 5.5, 11.25], "texture": "#0"},
				"up": {"uv": [6, 10.75, 6.25, 11], "texture": "#0"},
				"down": {"uv": [6, 11.5, 6.25, 11.75], "texture": "#0"}
			}
		},
		{
			"from": [5, 4, 10],
			"to": [6, 6, 11],
			"faces": {
				"north": {"uv": [6.75, 10.25, 7, 10.75], "texture": "#0"},
				"east": {"uv": [4.5, 10.75, 4.75, 11.25], "texture": "#0"},
				"south": {"uv": [6.75, 10.25, 7, 10.75], "texture": "#0"},
				"west": {"uv": [5.25, 10.75, 5.5, 11.25], "texture": "#0"},
				"up": {"uv": [6, 10.75, 6.25, 11], "texture": "#0"},
				"down": {"uv": [6, 11.5, 6.25, 11.75], "texture": "#0"}
			}
		},
		{
			"from": [6.5, -4, 12],
			"to": [9.5, 20, 13],
			"rotation": {"angle": -45, "axis": "z", "origin": [8, 8, 12.5]},
			"faces": {
				"north": {"uv": [8.75, 0, 9.5, 6], "texture": "#0"},
				"east": {"uv": [9.5, 0, 9.75, 6], "texture": "#0"},
				"south": {"uv": [8.75, 0, 9.5, 6], "texture": "#0"},
				"west": {"uv": [9.5, 0, 9.75, 6], "texture": "#0"},
				"up": {"uv": [8.75, 6, 9.5, 6.25], "texture": "#0"},
				"down": {"uv": [8.75, 6, 9.5, 6.25], "texture": "#0"}
			}
		},
		{
			"from": [6.5, -4, 12.25],
			"to": [9.5, 20, 13.25],
			"rotation": {"angle": 45, "axis": "z", "origin": [8, 8, 12.5]},
			"faces": {
				"north": {"uv": [8.75, 0, 9.5, 6], "texture": "#0"},
				"east": {"uv": [9.5, 0, 9.75, 6], "texture": "#0"},
				"south": {"uv": [8.75, 0, 9.5, 6], "texture": "#0"},
				"west": {"uv": [9.5, 0, 9.75, 6], "texture": "#0"},
				"up": {"uv": [8.75, 6, 9.5, 6.25], "texture": "#0"},
				"down": {"uv": [8.75, 6, 9.5, 6.25], "texture": "#0"}
			}
		}
	],
	"display": {
		"thirdperson_righthand": {
			"rotation": [75, 45, 0],
			"translation": [0, 2.5, 0],
			"scale": [0.375, 0.375, 0.375]
		},
		"thirdperson_lefthand": {
			"rotation": [75, 45, 0],
			"translation": [0, 2.5, 0],
			"scale": [0.375, 0.375, 0.375]
		},
		"firstperson_righthand": {
			"rotation": [0, 135, 0],
			"scale": [0.4, 0.4, 0.4]
		},
		"firstperson_lefthand": {
			"rotation": [0, 135, 0],
			"scale": [0.4, 0.4, 0.4]
		},
		"ground": {
			"translation": [0, 3, -1],
			"scale": [0.25, 0.25, 0.25]
		},
		"gui": {
			"rotation": [0, 180, 0],
			"translation": [0.25, -0.25, 0],
			"scale": [0.625, 0.625, 0.625]
		},
		"fixed": {
			"translation": [0, 0, -2.5],
			"scale": [0.5, 0.5, 0.5]
		}
	}
}