{"ring_2":{"x":0,"y":120,"enabled":false,"halign":"LEFT","valign":"TOP"},"blue_trinket":{"x":168,"y":57,"enabled":true,"halign":"RIGHT","valign":"BOTTOM"},"trinket":{"x":201,"y":57,"enabled":false,"halign":"RIGHT","valign":"BOTTOM"},"wallet":{"x":0,"y":80,"enabled":false,"halign":"LEFT","valign":"TOP"},"ring":{"x":0,"y":100,"enabled":false,"halign":"LEFT","valign":"TOP"},"belt":{"x":168,"y":19,"enabled":true,"halign":"RIGHT","valign":"BOTTOM"},"back":{"x":0,"y":140,"enabled":false,"halign":"LEFT","valign":"TOP"},"necklace":{"x":0,"y":160,"enabled":false,"halign":"LEFT","valign":"TOP"},"shard_pouch":{"x":0,"y":180,"enabled":false,"halign":"LEFT","valign":"TOP"},"vault_compass":{"x":-104,"y":19,"enabled":true,"halign":"MIDDLE","valign":"BOTTOM"},"body":{"x":0,"y":180,"enabled":false,"halign":"LEFT","valign":"TOP"},"wireless_terminal":{"x":0,"y":220,"enabled":false,"halign":"LEFT","valign":"TOP"},"head":{"x":187,"y":57,"enabled":true,"halign":"RIGHT","valign":"BOTTOM"},"charm":{"x":187,"y":38,"enabled":true,"halign":"RIGHT","valign":"BOTTOM"},"red_trinket":{"x":168,"y":38,"enabled":true,"halign":"RIGHT","valign":"BOTTOM"},"flight_ring":{"x":0,"y":240,"enabled":false,"halign":"LEFT","valign":"TOP"},"an_focus":{"x":0,"y":180,"enabled":false,"halign":"LEFT","valign":"TOP"},"hands":{"x":0,"y":80,"enabled":false,"halign":"LEFT","valign":"TOP"},"charm_2":{"x":0,"y":60,"enabled":false,"halign":"LEFT","valign":"TOP"}}