{
  "display": {
    "icon": {
      "item": "the_vault:pog_prism"
    },
    "title": {
      "text": "The Colors of the Rainbow"
    },
    "description": {
      "text": "Craft or obtain a Pog Prism by combining all of the Vault's shiny gems."
    },
    "frame": "task",
    "show_toast": true,
    "announce_to_chat": true,
    "hidden": false
  },
  "criteria": {
    "diamond": {
      "trigger": "minecraft:inventory_changed",
      "conditions": {
        "items": [
          {
            "items": [
              "the_vault:pog_prism"
            ]
          }
        ]
      }
    }
  },
  "requirements": [
    [
      "diamond"
    ]
  ]
}