{
  "groupStyles": {
    "Omega": {
      "group": "Omega",
      "headerColor": -8598175,
      "headerTextColor": -1,
      "x": 180,
      "y": 375,
      "boxWidth": 170,
      "boxHeight": 135,
      "icon": "the_vault:gui/research_groups/omega"
    },
    "Addons": {
      "group": "Addons",
      "headerColor": -3224324,
      "headerTextColor": -1,
      "x": 550,
      "y": -25,
      "boxWidth": 170,
      "boxHeight": 175,
      "icon": "the_vault:gui/research_groups/addons"
    },
    "Logistics": {
      "group": "Logistics",
      "headerColor": -22258712,
      "headerTextColor": -1,
      "x": -10,
      "y": -25,
      "boxWidth": 170,
      "boxHeight": 105,
      "icon": "the_vault:gui/research_groups/logistics"
    },
    "Storage": {
      "group": "Storage",
      "headerColor": -10758712,
      "headerTextColor": -1,
      "x": -200,
      "y": -25,
      "boxWidth": 170,
      "boxHeight": 105,
      "icon": "the_vault:gui/research_groups/storage"
    },
    "Handling": {
      "group": "Handling",
      "headerColor": -16776961,
      "headerTextColor": -1,
      "x": -10,
      "y": 95,
      "boxWidth": 170,
      "boxHeight": 140,
      "icon": "the_vault:gui/research_groups/handling"
    },
    "BigToys": {
      "group": "BigToys",
      "headerColor": -44776961,
      "headerTextColor": -1,
      "x": -10,
      "y": 245,
      "boxWidth": 170,
      "boxHeight": 105,
      "icon": "the_vault:gui/research_groups/big_toys"
    },
    "Power": {
      "group": "Power",
      "headerColor": -1498590,
      "headerTextColor": -1,
      "x": 370,
      "y": -25,
      "boxWidth": 170,
      "boxHeight": 105,
      "icon": "the_vault:gui/research_groups/power"
    },
    "QoL": {
      "group": "QoL",
      "headerColor": -2196693,
      "headerTextColor": -1,
      "x": 370,
      "y": 95,
      "boxWidth": 170,
      "boxHeight": 140,
      "icon": "the_vault:gui/research_groups/base"
    },
    "Production": {
      "group": "Production",
      "headerColor": -11298849,
      "headerTextColor": -1,
      "x": 180,
      "y": 215,
      "boxWidth": 170,
      "boxHeight": 145,
      "icon": "the_vault:gui/research_groups/farming"
    },
    "BigMods": {
      "group": "BigMods",
      "headerColor": -11228136,
      "headerTextColor": -1,
      "x": 180,
      "y": 95,
      "boxWidth": 170,
      "boxHeight": 105,
      "icon": "the_vault:gui/research_groups/processing"
    },
    "Looting": {
      "group": "Looting",
      "headerColor": -14336,
      "headerTextColor": -1,
      "x": 180,
      "y": -65,
      "boxWidth": 170,
      "boxHeight": 145,
      "icon": "the_vault:gui/research_groups/looting"
    },
    "Alchemy": {
      "group": "Alchemy",
      "headerColor": -14336,
      "headerTextColor": -1,
      "x": 370,
      "y": 245,
      "boxWidth": 170,
      "boxHeight": 105,
      "icon": "the_vault:gui/research_groups/bottle"
    }
  }
}