[
  {
    "weight": 1,
    "value": {
      "template": "the_vault:empty",
      "palettes": []
    }
  },
  {
    "weight": 3,
    "pool": [
      {
        "weight": 55,
        "pool": [
          {
            "weight": 1,
            "value": {
              "template": "the_vault:vault/decor/highlighter/lakes2/structure4/wooden1",
              "palettes": [ "the_vault:generic/structure_rarities/common_highlighter" ]
            }
          },
          {
            "weight": 1,
            "value": {
              "template": "the_vault:vault/decor/highlighter/lakes2/structure4/wooden2",
              "palettes": [ "the_vault:generic/structure_rarities/common_highlighter" ]
            }
          },
          {
            "weight": 1,
            "value": {
              "template": "the_vault:vault/decor/highlighter/lakes2/structure4/wooden3",
              "palettes": [ "the_vault:generic/structure_rarities/common_highlighter" ]
            }
          },
          {
            "weight": 1,
            "value": {
              "template": "the_vault:vault/decor/highlighter/lakes2/structure4/wooden4",
              "palettes": [ "the_vault:generic/structure_rarities/common_highlighter" ]
            }
          }
        ]
      },
      {
        "weight": 35,
        "pool": [
          {
            "weight": 1,
            "pool": [
              {
                "weight": 1,
                "value": {
                  "template": "the_vault:vault/decor/highlighter/lakes2/structure4/wooden1",
                  "palettes": [ "the_vault:generic/structure_rarities/rare_highlighter" ]
                }
              },
              {
                "weight": 1,
                "value": {
                  "template": "the_vault:vault/decor/highlighter/lakes2/structure4/wooden2",
                  "palettes": [ "the_vault:generic/structure_rarities/rare_highlighter" ]
                }
              },
              {
                "weight": 1,
                "value": {
                  "template": "the_vault:vault/decor/highlighter/lakes2/structure4/wooden3",
                  "palettes": [ "the_vault:generic/structure_rarities/rare_highlighter" ]
                }
              },
              {
                "weight": 1,
                "value": {
                  "template": "the_vault:vault/decor/highlighter/lakes2/structure4/wooden4",
                  "palettes": [ "the_vault:generic/structure_rarities/rare_highlighter" ]
                }
              }
            ]
          },
          {
            "weight": 1,
            "value": {
              "template": "the_vault:vault/decor/highlighter/lakes2/structure4/ornate1",
              "palettes": [ "the_vault:generic/structure_rarities/rare_highlighter" ]
            }
          },
          {
            "weight": 1,
            "value": {
              "template": "the_vault:vault/decor/highlighter/lakes2/structure4/living1",
              "palettes": [ "the_vault:generic/structure_rarities/rare_highlighter" ]
            }
          },
          {
            "weight": 1,
            "value": {
              "template": "the_vault:vault/decor/highlighter/lakes2/structure4/gilded1",
              "palettes": [ "the_vault:generic/structure_rarities/rare_highlighter" ]
            }
          },
          {
            "weight": 1,
            "value": {
              "template": "the_vault:vault/decor/highlighter/lakes2/structure4/coin1",
              "palettes": [ "the_vault:generic/structure_rarities/rare_highlighter" ]
            }
          }
        ]
      },
      {
        "weight": 10,
        "pool": [
          {
            "weight": 1,
            "value": {
              "template": "the_vault:vault/decor/highlighter/lakes2/structure4/ornate1",
              "palettes": [ "the_vault:generic/structure_rarities/epic_highlighter" ]
            }
          },
          {
            "weight": 1,
            "value": {
              "template": "the_vault:vault/decor/highlighter/lakes2/structure4/living1",
              "palettes": [ "the_vault:generic/structure_rarities/epic_highlighter" ]
            }
          },
          {
            "weight": 1,
            "value": {
              "template": "the_vault:vault/decor/highlighter/lakes2/structure4/gilded1",
              "palettes": [ "the_vault:generic/structure_rarities/epic_highlighter" ]
            }
          },
          {
            "weight": 1,
            "value": {
              "template": "the_vault:vault/decor/highlighter/lakes2/structure4/coin1",
              "palettes": [ "the_vault:generic/structure_rarities/epic_highlighter" ]
            }
          }
        ]
      }
    ]
  }
]