{
    "tile_processors": [
        {
            "type": "leveled",
            "levels": [
                {
                    "level": 0,
                    "type": "weighted_target",
                    "target": "ispawner:spawner{group:standard}",
                    "output": {
                        "ispawner:spawner{ Inventory: { Stacks: [ {id: \"minecraft:polar_bear_spawn_egg\", Count: 10}, {id: \"minecraft:stray_spawn_egg\", Count: 10}, {id: \"the_vault:vault_fighter_0_egg\", Count: 10}, {id: \"the_vault:t0_winterwalker_egg\", Count: 4} ] } }": 1
                    }
                },
                {
                    "level": 20,
                    "type": "weighted_target",
                    "target": "ispawner:spawner{group:standard}",
                    "output": {
                        "ispawner:spawner{ Inventory: { Stacks: [ {id: \"minecraft:polar_bear_spawn_egg\", Count: 10}, {id: \"minecraft:stray_spawn_egg\", Count: 9}, {id: \"the_vault:vault_fighter_0_egg\", Count: 9}, {id: \"the_vault:t1_stray_egg\", Count: 1}, {id: \"the_vault:vault_fighter_1_egg\", Count: 1}, {id: \"the_vault:t0_winterwalker_egg\", Count: 3}, {id: \"the_vault:t1_winterwalker_egg\", Count: 1} ] } }": 1
                    }
                },
                {
                    "level": 25,
                    "type": "weighted_target",
                    "target": "ispawner:spawner{group:standard}",
                    "output": {
                        "ispawner:spawner{ Inventory: { Stacks: [ {id: \"minecraft:polar_bear_spawn_egg\", Count: 10}, {id: \"minecraft:stray_spawn_egg\", Count: 8}, {id: \"the_vault:vault_fighter_0_egg\", Count: 7}, {id: \"the_vault:t1_stray_egg\", Count: 2}, {id: \"the_vault:vault_fighter_1_egg\", Count: 3}, {id: \"the_vault:t0_winterwalker_egg\", Count: 2}, {id: \"the_vault:t1_winterwalker_egg\", Count: 2} ] } }": 1
                    }
                },
                {
                    "level": 30,
                    "type": "weighted_target",
                    "target": "ispawner:spawner{group:standard}",
                    "output": {
                        "ispawner:spawner{ Inventory: { Stacks: [ {id: \"minecraft:polar_bear_spawn_egg\", Count: 10}, {id: \"minecraft:stray_spawn_egg\", Count: 5}, {id: \"the_vault:vault_fighter_0_egg\", Count: 5}, {id: \"the_vault:t1_stray_egg\", Count: 5}, {id: \"the_vault:vault_fighter_1_egg\", Count: 5}, {id: \"the_vault:vault_fighter_3_egg\", Count: 1}, {id: \"the_vault:t0_winterwalker_egg\", Count: 2}, {id: \"the_vault:t1_winterwalker_egg\", Count: 2} ] } }": 1
                    }
                },
                {
                    "level": 40,
                    "type": "weighted_target",
                    "target": "ispawner:spawner{group:standard}",
                    "output": {
                        "ispawner:spawner{ Inventory: { Stacks: [ {id: \"minecraft:polar_bear_spawn_egg\", Count: 10}, {id: \"minecraft:stray_spawn_egg\", Count: 1}, {id: \"the_vault:vault_fighter_0_egg\", Count: 1}, {id: \"the_vault:t1_stray_egg\", Count: 9}, {id: \"the_vault:vault_fighter_1_egg\", Count: 8}, {id: \"the_vault:vault_fighter_3_egg\", Count: 1}, {id: \"the_vault:t0_winterwalker_egg\", Count: 1}, {id: \"the_vault:t1_winterwalker_egg\", Count: 3} ] } }": 1
                    }
                },
                {
                    "level": 50,
                    "type": "weighted_target",
                    "target": "ispawner:spawner{group:standard}",
                    "output": {
                        "ispawner:spawner{ Inventory: { Stacks: [ {id: \"the_vault:winter_wolf_egg\", Count: 10}, {id: \"minecraft:polar_bear_spawn_egg\", Count: 10}, {id: \"the_vault:t1_stray_egg\", Count: 9}, {id: \"the_vault:vault_fighter_1_egg\", Count: 9}, {id: \"the_vault:t2_stray_egg\", Count: 1}, {id: \"the_vault:vault_fighter_2_egg\", Count: 1}, {id: \"the_vault:vault_fighter_3_egg\", Count: 1}, {id: \"the_vault:t1_winterwalker_egg\", Count: 3}, {id: \"the_vault:t2_winterwalker_egg\", Count: 1} ] } }": 1
                    }
                },
                {
                    "level": 55,
                    "type": "weighted_target",
                    "target": "ispawner:spawner{group:standard}",
                    "output": {
                        "ispawner:spawner{ Inventory: { Stacks: [ {id: \"the_vault:winter_wolf_egg\", Count: 10}, {id: \"minecraft:polar_bear_spawn_egg\", Count: 10}, {id: \"the_vault:t1_stray_egg\", Count: 7}, {id: \"the_vault:vault_fighter_1_egg\", Count: 7}, {id: \"the_vault:t2_stray_egg\", Count: 3}, {id: \"the_vault:vault_fighter_2_egg\", Count: 3}, {id: \"the_vault:vault_fighter_3_egg\", Count: 1}, {id: \"the_vault:t1_winterwalker_egg\", Count: 2}, {id: \"the_vault:t2_winterwalker_egg\", Count: 2} ] } }": 1
                    }
                },
                {
                    "level": 60,
                    "type": "weighted_target",
                    "target": "ispawner:spawner{group:standard}",
                    "output": {
                        "ispawner:spawner{ Inventory: { Stacks: [ {id: \"the_vault:winter_wolf_egg\", Count: 10}, {id: \"alexsmobs:spawn_egg_tusklin\", Count: 10}, {id: \"the_vault:t1_stray_egg\", Count: 5}, {id: \"the_vault:vault_fighter_1_egg\", Count: 5}, {id: \"the_vault:t2_stray_egg\", Count: 5}, {id: \"the_vault:vault_fighter_2_egg\", Count: 5}, {id: \"the_vault:vault_fighter_3_egg\", Count: 1}, {id: \"the_vault:t1_winterwalker_egg\", Count: 2}, {id: \"the_vault:t2_winterwalker_egg\", Count: 6} ] } }": 1
                    }
                },
                {
                    "level": 65,
                    "type": "weighted_target",
                    "target": "ispawner:spawner{group:standard}",
                    "output": {
                        "ispawner:spawner{ Inventory: { Stacks: [ {id: \"the_vault:winter_wolf_egg\", Count: 10}, {id: \"alexsmobs:spawn_egg_tusklin\", Count: 10}, {id: \"the_vault:t1_stray_egg\", Count: 3}, {id: \"the_vault:vault_fighter_1_egg\", Count: 3}, {id: \"the_vault:t2_stray_egg\", Count: 7}, {id: \"the_vault:t3_stray_egg\", Count: 1}, {id: \"the_vault:vault_fighter_2_egg\", Count: 9}, {id: \"the_vault:vault_fighter_4_egg\", Count: 1}, {id: \"rottencreatures:glacial_hunter_spawn_egg\", Count: 1}, {id: \"the_vault:vault_fighter_3_egg\", Count: 1}, {id: \"the_vault:t2_winterwalker_egg\", Count: 6}, {id: \"the_vault:t3_winterwalker_egg\", Count: 2} ] } }": 1
                    }
                },
                {
                    "level": 70,
                    "type": "weighted_target",
                    "target": "ispawner:spawner{group:standard}",
                    "output": {
                        "ispawner:spawner{ Inventory: { Stacks: [ {id: \"the_vault:winter_wolf_egg\", Count: 10}, {id: \"alexsmobs:spawn_egg_tusklin\", Count: 10}, {id: \"the_vault:t2_stray_egg\", Count: 9}, {id: \"the_vault:t3_stray_egg\", Count: 1}, {id: \"the_vault:vault_fighter_2_egg\", Count: 7}, {id: \"the_vault:vault_fighter_4_egg\", Count: 3}, {id: \"the_vault:t3_piglin_egg\", Count: 1}, {id: \"rottencreatures:glacial_hunter_spawn_egg\", Count: 1}, {id: \"the_vault:vault_fighter_3_egg\", Count: 1}, {id: \"the_vault:t2_winterwalker_egg\", Count: 4}, {id: \"the_vault:t3_winterwalker_egg\", Count: 4} ] } }": 1
                    }
                },
                {
                    "level": 80,
                    "type": "weighted_target",
                    "target": "ispawner:spawner{group:standard}",
                    "output": {
                        "ispawner:spawner{ Inventory: { Stacks: [ {id: \"the_vault:winter_wolf_egg\", Count: 10}, {id: \"alexsmobs:spawn_egg_tusklin\", Count: 10}, {id: \"the_vault:t2_stray_egg\", Count: 8}, {id: \"the_vault:t3_stray_egg\", Count: 1}, {id: \"the_vault:vault_fighter_2_egg\", Count: 5}, {id: \"the_vault:vault_fighter_4_egg\", Count: 5}, {id: \"the_vault:t3_piglin_egg\", Count: 1}, {id: \"rottencreatures:glacial_hunter_spawn_egg\", Count: 2}, {id: \"the_vault:vault_fighter_3_egg\", Count: 2}, {id: \"the_vault:t3_winterwalker_egg\", Count: 6}, {id: \"the_vault:t4_winterwalker_egg\", Count: 2} ] } }": 1
                    }
                },
                {
                    "level": 90,
                    "type": "weighted_target",
                    "target": "ispawner:spawner{group:standard}",
                    "output": {
                        "ispawner:spawner{ Inventory: { Stacks: [ {id: \"the_vault:winter_wolf_egg\", Count: 10}, {id: \"alexsmobs:spawn_egg_tusklin\", Count: 10}, {id: \"the_vault:t2_stray_egg\", Count: 8}, {id: \"the_vault:t3_stray_egg\", Count: 1}, {id: \"the_vault:vault_fighter_2_egg\", Count: 4}, {id: \"the_vault:vault_fighter_4_egg\", Count: 6}, {id: \"the_vault:t3_piglin_egg\", Count: 2}, {id: \"rottencreatures:glacial_hunter_spawn_egg\", Count: 2}, {id: \"the_vault:vault_fighter_3_egg\", Count: 2}, {id: \"the_vault:t3_winterwalker_egg\", Count: 4}, {id: \"the_vault:t4_winterwalker_egg\", Count: 4}, {id: \"the_vault:t5_winterwalker_egg\", Count: 1} ] } }": 1
                    }
                },
                {
                    "level": 100,
                    "type": "weighted_target",
                    "target": "ispawner:spawner{group:standard}",
                    "output": {
                        "ispawner:spawner{ Inventory: { Stacks: [ {id: \"the_vault:winter_wolf_egg\", Count: 10}, {id: \"alexsmobs:spawn_egg_tusklin\", Count: 10}, {id: \"the_vault:t2_stray_egg\", Count: 8}, {id: \"the_vault:t3_stray_egg\", Count: 1}, {id: \"the_vault:vault_fighter_4_egg\", Count: 10}, {id: \"the_vault:t3_piglin_egg\", Count: 2}, {id: \"rottencreatures:glacial_hunter_spawn_egg\", Count: 2}, {id: \"the_vault:vault_fighter_3_egg\", Count: 2}, {id: \"the_vault:t3_winterwalker_egg\", Count: 4}, {id: \"the_vault:t4_winterwalker_egg\", Count: 4}, {id: \"the_vault:t5_winterwalker_egg\", Count: 2} ] } }": 1
                    }
                }
            ]
        },
        {
            "type": "leveled",
            "levels": [
                {
                    "level": 0,
                    "type": "spawner",
                    "target": "ispawner:spawner{group:tank}",
                    "output": [
                        {
                          "elements": {
                            "the_vault:shiver": 4
                          },
                          "weight": 1
                        }
                      ]
                },
                {
                    "level": 65,
                    "type": "spawner",
                    "target": "ispawner:spawner{group:tank}",
                    "output": [
                        {
                          "elements": {
                            "the_vault:shiver": 11,
                            "rottencreatures:glacial_hunter": 1,
                            "the_vault:t3_piglin": 1
                          },
                          "weight": 1
                        }
                      ]
                }
            ]
        },
        {
            "type": "leveled",
            "levels": [
                {
                    "level": 0,
                    "type": "spawner",
                    "target": "ispawner:spawner{group:assassin}",
                    "output": [
                        {
                          "elements": {
                            "minecraft:polar_bear": 2,
                            "minecraft:stray": 6
                          },
                          "weight": 1
                        }
                      ]
                },
                {
                    "level": 20,
                    "type": "spawner",
                    "target": "ispawner:spawner{group:assassin}",
                    "output": [
                        {
                          "elements": {
                            "minecraft:polar_bear": 3,
                            "minecraft:stray": 10,
                            "the_vault:t1_stray": 4
                          },
                          "weight": 1
                        }
                     ]
                },
                {
                    "level": 30,
                    "type": "spawner",
                    "target": "ispawner:spawner{group:assassin}",
                    "output": [
                        {
                          "elements": {
                            "minecraft:stray": 6,
                            "minecraft:polar_bear": 3,
                            "the_vault:t1_stray": 6
                          },
                          "weight": 1
                        }
                     ]
                },
                {
                    "level": 40,
                    "type": "spawner",
                    "target": "ispawner:spawner{group:assassin}",
                    "output": [
                        {
                          "elements": {
                            "minecraft:stray": 1,
                            "minecraft:polar_bear": 2,
                            "the_vault:t1_stray": 8
                          },
                          "weight": 1
                        }
                     ]
                },
                {
                    "level": 50,
                    "type": "spawner",
                    "target": "ispawner:spawner{group:assassin}",
                    "output": [
                        {
                          "elements": {
                            "the_vault:t1_stray": 9,
                            "alexsmobs:tusklin": 2,
                            "the_vault:t2_stray": 4
                          },
                          "weight": 1
                        }
                     ]
                },
                {
                    "level": 60,
                    "type": "spawner",
                    "target": "ispawner:spawner{group:assassin}",
                    "output": [
                        {
                          "elements": {
                            "the_vault:t1_stray": 6,
                            "alexsmobs:tusklin": 3,
                            "the_vault:t2_stray": 6
                          },
                          "weight": 1
                        }
                     ]
                },
                {
                    "level": 65,
                    "type": "spawner",
                    "target": "ispawner:spawner{group:assassin}",
                    "output": [
                        {
                          "elements": {
                            "the_vault:t3_stray": 1,
                            "the_vault:t2_stray": 10,
                            "alexsmobs:tusklin": 3
                          },
                          "weight": 1
                        }
                     ]
                },
                {
                    "level": 70,
                    "type": "spawner",
                    "target": "ispawner:spawner{group:assassin}",
                    "output": [
                        {
                          "elements": {
                            "the_vault:t3_stray": 1,
                            "the_vault:t2_stray": 9,
                            "alexsmobs:tusklin": 3
                          },
                          "weight": 1
                        }
                     ]
                },
                {
                    "level": 80,
                    "type": "spawner",
                    "target": "ispawner:spawner{group:assassin}",
                    "output": [
                        {
                          "elements": {
                            "the_vault:t3_stray": 1,
                            "the_vault:t2_stray": 8,
                            "alexsmobs:tusklin": 2
                          },
                          "weight": 1
                        }
                     ]
                },
                {
                    "level": 90,
                    "type": "spawner",
                    "target": "ispawner:spawner{group:assassin}",
                    "output": [
                        {
                          "elements": {
                            "the_vault:t3_stray": 2,
                            "the_vault:t2_stray": 7,
                            "alexsmobs:tusklin": 2
                          },
                          "weight": 1
                        }
                     ]
                },
                {
                    "level": 100,
                    "type": "spawner",
                    "target": "ispawner:spawner{group:assassin}",
                    "output": [
                        {
                          "elements": {
                            "the_vault:t3_stray": 3,
                            "the_vault:t2_stray": 6,
                            "alexsmobs:tusklin": 2
                          },
                          "weight": 1
                        }
                     ]
                }
            ]
        },
        {
            "type": "leveled",
            "levels": [
              {
                  "level": 0,
                  "type": "spawner",
                  "target": "ispawner:spawner{group:horde}",
                  "output": [
                      {
                        "elements": {
                          "the_vault:winterwalker_t0": 12
                        },
                        "weight": 1
                      }
                    ]
              },
              {
                  "level": 20,
                  "type": "spawner",
                  "target": "ispawner:spawner{group:horde}",
                  "output": [
                      {
                        "elements": {
                          "the_vault:winterwalker_t0": 12
                        },
                        "weight": 1
                      }
                    ]
              },
              {
                  "level": 25,
                  "type": "spawner",
                  "target": "ispawner:spawner{group:horde}",
                  "output": [
                      {
                        "elements": {
                          "the_vault:winterwalker_t0": 12
                        },
                        "weight": 1
                      }
                    ]
              },
              {
                  "level": 30,
                  "type": "spawner",
                  "target": "ispawner:spawner{group:horde}",
                  "output": [
                      {
                        "elements": {
                          "the_vault:winterwalker_t0": 12
                        },
                        "weight": 1
                      }
                    ]
              },
              {
                  "level": 40,
                  "type": "spawner",
                  "target": "ispawner:spawner{group:horde}",
                  "output": [
                      {
                        "elements": {
                          "the_vault:winterwalker_t0": 12
                        },
                        "weight": 1
                      }
                    ]
              },
              {
                  "level": 50,
                  "type": "spawner",
                  "target": "ispawner:spawner{group:horde}",
                  "output": [
                      {
                        "elements": {
                          "the_vault:winterwalker_t0": 38,
                          "the_vault:winterwalker_t1": 4
                        },
                        "weight": 1
                      }
                    ]
              },
              {
                  "level": 55,
                  "type": "spawner",
                  "target": "ispawner:spawner{group:horde}",
                  "output": [
                      {
                        "elements": {
                          "the_vault:winterwalker_t0": 30,
                          "the_vault:winterwalker_t1": 15
                        },
                        "weight": 1
                      }
                    ]
              },
              {
                  "level": 60,
                  "type": "spawner",
                  "target": "ispawner:spawner{group:horde}",
                  "output": [
                      {
                        "elements": {
                          "the_vault:winterwalker_t0": 12,
                          "the_vault:winterwalker_t1": 34
                        },
                        "weight": 1
                      }
                    ]
              },
              {
                  "level": 65,
                  "type": "spawner",
                  "target": "ispawner:spawner{group:horde}",
                  "output": [
                      {
                        "elements": {
                          "the_vault:winterwalker_t2": 4,
                          "the_vault:winterwalker_t1": 38
                        },
                        "weight": 1
                      }
                    ]
              },
              {
                  "level": 70,
                  "type": "spawner",
                  "target": "ispawner:spawner{group:horde}",
                  "output": [
                      {
                        "elements": {
                          "the_vault:winterwalker_t2": 15,
                          "the_vault:winterwalker_t1": 30
                        },
                        "weight": 1
                      }
                    ]
              },
              {
                  "level": 80,
                  "type": "spawner",
                  "target": "ispawner:spawner{group:horde}",
                  "output": [
                      {
                        "elements": {
                          "the_vault:winterwalker_t1": 20,
                          "the_vault:winterwalker_t2": 20,
                          "the_vault:winterwalker_t3": 10
                        },
                        "weight": 1
                      }
                    ]
              },
              {
                  "level": 90,
                  "type": "spawner",
                  "target": "ispawner:spawner{group:horde}",
                  "output": [
                      {
                        "elements": {
                          "the_vault:winterwalker_t4": 5,
                          "the_vault:winterwalker_t2": 20,
                          "the_vault:winterwalker_t3": 20
                        },
                        "weight": 1
                      }
                    ]
              }
            ]
        },
        {
            "type": "reference",
            "id": "the_vault:generic/spawners/group_settings"
        }
    ]
}