{
  "tile_processors": [
    {
      "type": "leveled",
      "levels": [
        {
            "level": 0,
            "type": "weighted_target",
            "target": "ispawner:spawner",
            "output": {
                "ispawner:spawner{ Inventory: { Stacks: [ {id: \"minecraft:vindicator_spawn_egg\", Count: 60}, {id: \"the_vault:vault_spider_egg\", Count: 22}, {id: \"the_vault:vault_fighter_0_egg\", Count: 16}, {id: \"minecraft:slime_spawn_egg\", Count: 6 }, {id: \"minecraft:creeper_spawn_egg\", Count: 2}, {id: \"minecraft:silverfish_spawn_egg\", Count: 15} ] } }": 1
            }
        },
        {
            "level": 15,
            "type": "weighted_target",
            "target": "ispawner:spawner",
            "output": {
                "ispawner:spawner{ Inventory: { Stacks: [ {id: \"minecraft:vindicator_spawn_egg\", Count: 57}, {id: \"the_vault:vault_spider_egg\", Count: 20}, {id: \"the_vault:vault_fighter_0_egg\", Count: 16}, {id: \"minecraft:slime_spawn_egg\", Count: 7 }, {id: \"minecraft:creeper_spawn_egg\", Count: 3}, {id: \"minecraft:pillager_spawn_egg\", Count: 3}, {id: \"minecraft:silverfish_spawn_egg\", Count: 15} ] } }": 1
            }
        },
        {
            "level": 20,
            "type": "weighted_target",
            "target": "ispawner:spawner",
            "output": {
                "ispawner:spawner{ Inventory: { Stacks: [ {id: \"minecraft:vindicator_spawn_egg\", Count: 56}, {id: \"the_vault:vault_spider_egg\", Count: 20}, {id: \"the_vault:vault_fighter_0_egg\", Count: 15}, {id: \"minecraft:slime_spawn_egg\", Count: 7 }, {id: \"minecraft:creeper_spawn_egg\", Count: 4}, {id: \"minecraft:pillager_spawn_egg\", Count: 5}, {id: \"the_vault:vault_fighter_1_egg\", Count: 1}, {id: \"minecraft:silverfish_spawn_egg\", Count: 15} ] } }": 1
            }
        },
        {
            "level": 30,
            "type": "weighted_target",
            "target": "ispawner:spawner",
            "output": {
                "ispawner:spawner{ Inventory: { Stacks: [ {id: \"minecraft:vindicator_spawn_egg\", Count: 74}, {id: \"the_vault:vault_spider_egg\", Count: 29}, {id: \"the_vault:vault_fighter_0_egg\", Count: 11}, {id: \"minecraft:slime_spawn_egg\", Count: 9 }, {id: \"minecraft:creeper_spawn_egg\", Count: 6}, {id: \"the_vault:t1_creeper_egg\", Count: 1}, {id: \"minecraft:pillager_spawn_egg\", Count: 6}, {id: \"the_vault:vault_fighter_1_egg\", Count: 11}, {id: \"the_vault:vault_fighter_3_egg\", Count: 1}, {id: \"minecraft:silverfish_spawn_egg\", Count: 15} ] } }": 1
            }
        },
        {
            "level": 40,
            "type": "weighted_target",
            "target": "ispawner:spawner",
            "output": {
                "ispawner:spawner{ Inventory: { Stacks: [ {id: \"minecraft:vindicator_spawn_egg\", Count: 73}, {id: \"the_vault:vault_spider_egg\", Count: 29}, {id: \"the_vault:vault_fighter_0_egg\", Count: 5}, {id: \"minecraft:slime_spawn_egg\", Count: 10 }, {id: \"minecraft:creeper_spawn_egg\", Count: 2}, {id: \"the_vault:t1_creeper_egg\", Count: 5}, {id: \"minecraft:pillager_spawn_egg\", Count: 6}, {id: \"the_vault:vault_fighter_1_egg\", Count: 17}, {id: \"the_vault:vault_fighter_3_egg\", Count: 1}, {id: \"minecraft:silverfish_spawn_egg\", Count: 15} ] } }": 1
            }
        },
        {
            "level": 50,
            "type": "weighted_target",
            "target": "ispawner:spawner",
            "output": {
                "ispawner:spawner{ Inventory: { Stacks: [  {id: \"the_vault:vault_spider_egg\", Count: 29}, {id: \"minecraft:slime_spawn_egg\", Count: 10 }, {id: \"minecraft:vindicator_spawn_egg\", Count: 73}, {id: \"the_vault:t1_creeper_egg\", Count: 5}, {id: \"the_vault:vault_fighter_1_egg\", Count: 17}, {id: \"the_vault:t2_creeper_egg\", Count: 2}, {id: \"minecraft:pillager_spawn_egg\", Count: 6}, {id: \"the_vault:vault_fighter_2_egg\", Count: 4}, {id: \"the_vault:vault_fighter_3_egg\", Count: 1}, {id: \"minecraft:silverfish_spawn_egg\", Count: 15} ] } }": 1
            }
        },
        {
            "level": 55,
            "type": "weighted_target",
            "target": "ispawner:spawner",
            "output": {
                "ispawner:spawner{ Inventory: { Stacks: [  {id: \"the_vault:vault_spider_egg\", Count: 27}, {id: \"minecraft:slime_spawn_egg\", Count: 11 }, {id: \"minecraft:vindicator_spawn_egg\", Count: 73}, {id: \"the_vault:t1_creeper_egg\", Count: 4}, {id: \"the_vault:vault_fighter_1_egg\", Count: 10}, {id: \"the_vault:t2_creeper_egg\", Count: 3}, {id: \"minecraft:pillager_spawn_egg\", Count: 7}, {id: \"the_vault:vault_fighter_2_egg\", Count: 11}, {id: \"the_vault:vault_fighter_3_egg\", Count: 1}, {id: \"minecraft:silverfish_spawn_egg\", Count: 15} ] } }": 1
            }
        },
        {
            "level": 60,
            "type": "weighted_target",
            "target": "ispawner:spawner",
            "output": {
                "ispawner:spawner{ Inventory: { Stacks: [  {id: \"the_vault:vault_spider_egg\", Count: 27}, {id: \"minecraft:slime_spawn_egg\", Count: 11 }, {id: \"minecraft:vindicator_spawn_egg\", Count: 73}, {id: \"the_vault:t1_creeper_egg\", Count: 5}, {id: \"the_vault:vault_fighter_1_egg\", Count: 10}, {id: \"the_vault:t2_creeper_egg\", Count: 4}, {id: \"minecraft:pillager_spawn_egg\", Count: 7}, {id: \"the_vault:vault_fighter_2_egg\", Count: 11}, {id: \"the_vault:vault_fighter_3_egg\", Count: 1}, {id: \"minecraft:silverfish_spawn_egg\", Count: 15} ] } }": 1
            }
        },
        {
            "level": 65,
            "type": "weighted_target",
            "target": "ispawner:spawner",
            "output": {
                "ispawner:spawner{ Inventory: { Stacks: [  {id: \"the_vault:vault_spider_egg\", Count: 27}, {id: \"minecraft:slime_spawn_egg\", Count: 11 }, {id: \"minecraft:vindicator_spawn_egg\", Count: 68}, {id: \"the_vault:t1_creeper_egg\", Count: 3}, {id: \"the_vault:vault_fighter_1_egg\", Count: 4}, {id: \"the_vault:t2_creeper_egg\", Count: 5}, {id: \"the_vault:t3_creeper_egg\", Count: 1}, {id: \"the_vault:vault_fighter_2_egg\", Count: 12}, {id: \"the_vault:vault_fighter_4_egg\", Count: 5}, {id: \"minecraft:pillager_spawn_egg\", Count: 7}, {id: \"the_vault:vault_fighter_3_egg\", Count: 1}, {id: \"minecraft:silverfish_spawn_egg\", Count: 15} ] } }": 1
            }
        },
        {
            "level": 70,
            "type": "weighted_target",
            "target": "ispawner:spawner",
            "output": {
                "ispawner:spawner{ Inventory: { Stacks: [  {id: \"the_vault:vault_spider_egg\", Count: 26}, {id: \"minecraft:slime_spawn_egg\", Count: 12 }, {id: \"the_vault:t2_creeper_egg\", Count: 7}, {id: \"the_vault:t3_creeper_egg\", Count: 2}, {id: \"the_vault:vault_fighter_2_egg\", Count: 14}, {id: \"the_vault:vault_fighter_4_egg\", Count: 8}, {id: \"the_vault:t3_piglin_egg\", Count: 1}, {id: \"minecraft:pillager_spawn_egg\", Count: 8}, {id: \"minecraft:vindicator_spawn_egg\", Count: 68}, {id: \"the_vault:vault_fighter_3_egg\", Count: 1}, {id: \"minecraft:silverfish_spawn_egg\", Count: 15} ] } }": 1
            }
        },
        {
            "level": 75,
            "type": "weighted_target",
            "target": "ispawner:spawner",
            "output": {
                "ispawner:spawner{ Inventory: { Stacks: [  {id: \"the_vault:vault_spider_egg\", Count: 52}, {id: \"minecraft:slime_spawn_egg\", Count: 24 }, {id: \"the_vault:t2_creeper_egg\", Count: 14}, {id: \"the_vault:t3_creeper_egg\", Count: 4}, {id: \"the_vault:vault_fighter_2_egg\", Count: 18}, {id: \"the_vault:vault_fighter_4_egg\", Count: 24}, {id: \"the_vault:t3_piglin_egg\", Count: 5}, {id: \"minecraft:pillager_spawn_egg\", Count: 16}, {id: \"minecraft:vindicator_spawn_egg\", Count: 135}, {id: \"the_vault:vault_fighter_3_egg\", Count: 5}, {id: \"minecraft:silverfish_spawn_egg\", Count: 30} ] } }": 1
            }
        },
        {
            "level": 90,
            "type": "weighted_target",
            "target": "ispawner:spawner",
            "output": {
                "ispawner:spawner{ Inventory: { Stacks: [  {id: \"the_vault:vault_spider_egg\", Count: 50}, {id: \"minecraft:slime_spawn_egg\", Count: 24 }, {id: \"the_vault:t2_creeper_egg\", Count: 14}, {id: \"the_vault:t3_creeper_egg\", Count: 4}, {id: \"the_vault:vault_fighter_2_egg\", Count: 13}, {id: \"the_vault:vault_fighter_4_egg\", Count: 27}, {id: \"the_vault:t3_piglin_egg\", Count: 6}, {id: \"minecraft:pillager_spawn_egg\", Count: 16}, {id: \"minecraft:vindicator_spawn_egg\", Count: 135}, {id: \"the_vault:vault_fighter_3_egg\", Count: 6}, {id: \"minecraft:silverfish_spawn_egg\", Count: 30} ] } }": 1
            }
        },
        {
            "level": 100,
            "type": "weighted_target",
            "target": "ispawner:spawner",
            "output": {
                "ispawner:spawner{ Inventory: { Stacks: [  {id: \"the_vault:vault_spider_egg\", Count: 50}, {id: \"minecraft:slime_spawn_egg\", Count: 24 }, {id: \"the_vault:t2_creeper_egg\", Count: 14}, {id: \"the_vault:t3_creeper_egg\", Count: 4}, {id: \"the_vault:vault_fighter_4_egg\", Count: 40}, {id: \"the_vault:t3_piglin_egg\", Count: 8}, {id: \"minecraft:pillager_spawn_egg\", Count: 16}, {id: \"minecraft:vindicator_spawn_egg\", Count: 135}, {id: \"the_vault:vault_fighter_3_egg\", Count: 6}, {id: \"minecraft:silverfish_spawn_egg\", Count: 30} ] } }": 1
            }
        }
      ]
  },
    {
      "type": "leveled",
      "levels": [
        {
          "level": 0,
          "type": "weighted_target",
          "target": "ispawner:spawner",
          "output": {
            "ispawner:spawner{ Inventory: { Stacks: [ {id: \"minecraft:silverfish_spawn_egg\", Count: 80} ] } }": 1,
            "ispawner:spawner": 19
          }
        }
      ]
    }
  ]
}