{
    "tile_processors": [
        {
            "type": "leveled",
            "levels": [
                {
                    "level": 0,
                    "type": "weighted_target",
                    "target": "ispawner:spawner",
                    "output": {
                        "ispawner:spawner{ Inventory: { Stacks: [ {id: \"minecraft:skeleton_spawn_egg\", Count: 60}, {id: \"minecraft:zombie_spawn_egg\", Count: 22}, {id: \"the_vault:vault_fighter_0_egg\", Count: 16}] } }": 1
                    }
                },
                {
                    "level": 15,
                    "type": "weighted_target",
                    "target": "ispawner:spawner",
                    "output": {
                        "ispawner:spawner{ Inventory: { Stacks: [ {id: \"minecraft:skeleton_spawn_egg\", Count: 60}, {id: \"minecraft:zombie_spawn_egg\", Count: 22}, {id: \"the_vault:vault_fighter_0_egg\", Count: 16}] } }": 1
                    }
                },
                {
                    "level": 20,
                    "type": "weighted_target",
                    "target": "ispawner:spawner",
                    "output": {
                        "ispawner:spawner{ Inventory: { Stacks: [ {id: \"minecraft:skeleton_spawn_egg\", Count: 60}, {id: \"minecraft:zombie_spawn_egg\", Count: 22}, {id: \"the_vault:vault_fighter_0_egg\", Count: 16}] } }": 1
                    }
                },
                {
                    "level": 30,
                    "type": "weighted_target",
                    "target": "ispawner:spawner",
                    "output": {
                        "ispawner:spawner{ Inventory: { Stacks: [ {id: \"minecraft:skeleton_spawn_egg\", Count: 60}, {id: \"minecraft:zombie_spawn_egg\", Count: 22}, {id: \"the_vault:vault_fighter_0_egg\", Count: 16}] } }": 1
                    }
                },
                {
                    "level": 40,
                    "type": "weighted_target",
                    "target": "ispawner:spawner",
                    "output": {
                        "ispawner:spawner{ Inventory: { Stacks: [ {id: \"minecraft:skeleton_spawn_egg\", Count: 60}, {id: \"minecraft:zombie_spawn_egg\", Count: 22}, {id: \"the_vault:vault_fighter_0_egg\", Count: 16}] } }": 1
                    }
                },
                {
                    "level": 50,
                    "type": "weighted_target",
                    "target": "ispawner:spawner",
                    "output": {
                        "ispawner:spawner{ Inventory: { Stacks: [ {id: \"minecraft:skeleton_spawn_egg\", Count: 60}, {id: \"minecraft:zombie_spawn_egg\", Count: 22}, {id: \"the_vault:vault_fighter_0_egg\", Count: 16}] } }": 1
                    }
                },
                {
                    "level": 55,
                    "type": "weighted_target",
                    "target": "ispawner:spawner",
                    "output": {
                        "ispawner:spawner{ Inventory: { Stacks: [ {id: \"minecraft:skeleton_spawn_egg\", Count: 60}, {id: \"minecraft:zombie_spawn_egg\", Count: 22}, {id: \"the_vault:vault_fighter_0_egg\", Count: 16}] } }": 1
                    }
                },
                {
                    "level": 60,
                    "type": "weighted_target",
                    "target": "ispawner:spawner",
                    "output": {
                        "ispawner:spawner{ Inventory: { Stacks: [ {id: \"minecraft:skeleton_spawn_egg\", Count: 60}, {id: \"minecraft:zombie_spawn_egg\", Count: 22}, {id: \"the_vault:vault_fighter_0_egg\", Count: 16}] } }": 1
                    }
                },
                {
                    "level": 65,
                    "type": "weighted_target",
                    "target": "ispawner:spawner",
                    "output": {
                        "ispawner:spawner{ Inventory: { Stacks: [ {id: \"minecraft:skeleton_spawn_egg\", Count: 60}, {id: \"minecraft:zombie_spawn_egg\", Count: 22}, {id: \"the_vault:vault_fighter_0_egg\", Count: 16}] } }": 1
                    }
                },
                {
                    "level": 70,
                    "type": "weighted_target",
                    "target": "ispawner:spawner",
                    "output": {
                        "ispawner:spawner{ Inventory: { Stacks: [ {id: \"minecraft:skeleton_spawn_egg\", Count: 60}, {id: \"minecraft:zombie_spawn_egg\", Count: 22}, {id: \"the_vault:vault_fighter_0_egg\", Count: 16}] } }": 1
                    }
                },
                {
                    "level": 75,
                    "type": "weighted_target",
                    "target": "ispawner:spawner",
                    "output": {
                        "ispawner:spawner{ Inventory: { Stacks: [ {id: \"minecraft:skeleton_spawn_egg\", Count: 60}, {id: \"minecraft:zombie_spawn_egg\", Count: 22}, {id: \"the_vault:vault_fighter_0_egg\", Count: 16}] } }": 1
                    }
                },
                {
                    "level": 90,
                    "type": "weighted_target",
                    "target": "ispawner:spawner",
                    "output": {
                        "ispawner:spawner{ Inventory: { Stacks: [ {id: \"minecraft:skeleton_spawn_egg\", Count: 60}, {id: \"minecraft:zombie_spawn_egg\", Count: 22}, {id: \"the_vault:vault_fighter_0_egg\", Count: 16}] } }": 1
                    }
                },
                {
                    "level": 100,
                    "type": "weighted_target",
                    "target": "ispawner:spawner",
                    "output": {
                        "ispawner:spawner{ Inventory: { Stacks: [ {id: \"minecraft:skeleton_spawn_egg\", Count: 60}, {id: \"minecraft:zombie_spawn_egg\", Count: 22}, {id: \"the_vault:vault_fighter_0_egg\", Count: 16}] } }": 1
                    }
                }
            ]
        }
    ]
}