{
    "parent": "izzy_vault:blocks/crystal_workbench",
    "display": {
      "icon": {
        "item": "the_vault:crystal_seal_cake"
      },
      "title": {"text": "Gluttonous Fortune"},
      "description": {"text": "Obtain a Glazed Vault Rock"}
    },
    "criteria": {
      "craft_item": {
        "trigger": "minecraft:inventory_changed",
        "conditions": {
          "items": [
            {
              "items": [
                "the_vault:crystal_seal_cake"
              ]
            }
          ]
        }
      }
    }
  }