{
    "parent": "izzy_vault:blocks/crystal_workbench",
    "display": {
      "icon": {
        "item": "the_vault:crystal_seal_ordinator_build"
      },
      "title": {"text": "Super Minecraft Maker"},
      "description": {"text": "Obtain a Architect's Vault Rock"}
    },
    "criteria": {
      "craft_item": {
        "trigger": "minecraft:inventory_changed",
        "conditions": {
          "items": [
            {
              "items": [
                "the_vault:crystal_seal_ordinator_build"
              ]
            }
          ]
        }
      }
    }
  }