[
    {
      "weight": 1,
      "value": {
        "template": "the_vault:empty",
        "palettes": []
      }
    },
    {
      "weight": 4,
      "pool": [
        {
          "weight": 1,
          "value": {
            "template": "the_vault:vault/decor/raw/farm/pile1",
            "palettes": []
          }
        },
        {
            "weight": 1,
            "value": {
              "template": "the_vault:vault/decor/raw/farm/pile2",
              "palettes": []
            }
          },
          {
            "weight": 1,
            "value": {
              "template": "the_vault:vault/decor/raw/farm/pile3",
              "palettes": []
            }
          },
          {
            "weight": 1,
            "value": {
              "template": "the_vault:vault/decor/raw/farm/pile4",
              "palettes": []
            }
          },
          {
            "weight": 1,
            "value": {
              "template": "the_vault:vault/decor/raw/farm/pile5",
              "palettes": []
            }
          },
          {
            "weight": 1,
            "value": {
              "template": "the_vault:vault/decor/raw/farm/pile6",
              "palettes": []
            }
          },
          {
            "weight": 1,
            "value": {
              "template": "the_vault:vault/decor/raw/farm/pile7",
              "palettes": []
            }
          },
          {
            "weight": 1,
            "value": {
              "template": "the_vault:vault/decor/raw/farm/pile8",
              "palettes": []
            }
          }
      ]
    }
  ]