{
    "tile_processors": [
        {
            "type": "reference",
            "id": "the_vault:generic/spawners/generic_settings"
        },
        {
            "type": "leveled",
            "levels": [
                {
                    "level": 0,
                    "type": "weighted_target",
                    "target": "ispawner:spawner",
                    "output": {
                        "ispawner:spawner{ Manager:{ UsesLeft:3, Settings: { SpawnDelay: 300, Attempts: 1 } } } }": 1
                    }
                },
                {
                    "level": 50,
                    "type": "weighted_target",
                    "target": "ispawner:spawner",
                    "output": {
                        "ispawner:spawner{ Manager:{ UsesLeft:4, Settings: { SpawnDelay: 300, Attempts: 1 } } } }": 1
                    }
                }
            ]
        },
        {
            "type": "leveled",
            "levels": [
                {
                    "level": 0,
                    "type": "weighted_target",
                    "target": "ispawner:spawner",
                    "output": {
                        "ispawner:spawner{ Manager: { Settings: { PlayerRadius: 24 } } }": 1
                    }
                }
            ]
        },
        {
            "type": "leveled",
            "levels": [
                {
                    "level": 0,
                    "type": "weighted_target",
                    "target": "ispawner:spawner",
                    "output": {
                        "ispawner:spawner{ Manager: { Settings: { CapRestrictions: [{Limit: 64, SpawnGroup: 0}, {Limit: 0, SpawnGroup: 7}, {Limit: 0, SpawnGroup: 5}, {Limit: 0, SpawnGroup: 4}, {Limit: 0, SpawnGroup: 3}, {Limit: 0, SpawnGroup: 1}, {Limit: 0, SpawnGroup: 6}, {Limit: 0, SpawnGroup: 2}] } } }": 1
                    }
                }
            ]
        },
        {
            "type": "leveled",
            "levels": [
                {
                    "level": 0,
                    "type": "weighted_target",
                    "target": "ispawner:spawner",
                    "output": {
                        "ispawner:spawner{ Manager: { Settings: { CheckRadius: 24 } } }": 1
                    }
                }
            ]
        },
        {
            "type": "leveled",
            "levels": [
                {
                    "level": 0,
                    "type": "spawner",
                    "target": "ispawner:spawner",
                    "output": [
                        {
                          "elements": {
                            "minecraft:vindicator{Tags:[\"vault_champion\"]}": 1,
                            "the_vault:vault_spider{Tags:[\"vault_champion\"]}": 1
                          },
                          "weight": 1
                        }
                    ]
                }
            ]
        }
    ]
}