[{
  "weight": 1,
  "value": {
    "template": "the_vault:vault/decor/generic/epic/7x7/burrow1",
    "palettes": [ "the_vault:generic/spawners/epic_settings" ]
  }
},
  {
    "weight": 1,
    "value": {
      "template": "the_vault:vault/decor/generic/epic/7x7/burrow2",
      "palettes": [ "the_vault:generic/spawners/epic_settings" ]
    }
  },
  {
    "weight": 1,
    "value": {
      "template": "the_vault:vault/decor/generic/epic/7x7/burrow3",
      "palettes": [ "the_vault:generic/spawners/epic_settings" ]
    }
  },
  {
    "weight": 1,
    "value": {
      "template": "the_vault:vault/decor/generic/epic/7x7/burrow4",
      "palettes": [ "the_vault:generic/spawners/epic_settings" ]
    }
  },
  {
    "weight": 1,
    "value": {
      "template": "the_vault:vault/decor/generic/epic/7x7/burrow5",
      "palettes": [ "the_vault:generic/spawners/epic_settings" ]
    }
  },
  {
    "weight": 1,
    "value": {
      "template": "the_vault:vault/decor/generic/epic/7x7/burrow6",
      "palettes": [ "the_vault:generic/spawners/epic_settings" ]
    }
  }
]