[{
    "weight": 1,
    "value": {
      "template": "the_vault:vault/decor/generic/rare/7x7/standing1",
      "palettes": [ "the_vault:generic/spawners/rare_settings" ]
    }
  },
  {
    "weight": 1,
    "value": {
      "template": "the_vault:vault/decor/generic/rare/7x7/standing2",
      "palettes": [ "the_vault:generic/spawners/rare_settings" ]
    }
  },
  {
    "weight": 1,
    "value": {
      "template": "the_vault:vault/decor/generic/rare/7x7/standing3",
      "palettes": [ "the_vault:generic/spawners/rare_settings" ]
    }
  },
  {
    "weight": 1,
    "value": {
      "template": "the_vault:vault/decor/generic/rare/7x7/standing4",
      "palettes": [ "the_vault:generic/spawners/rare_settings" ]
    }
  },
  {
    "weight": 1,
    "value": {
      "template": "the_vault:vault/decor/generic/rare/7x7/standing5",
      "palettes": [ "the_vault:generic/spawners/rare_settings" ]
    }
  },
  {
    "weight": 1,
    "value": {
      "template": "the_vault:vault/decor/generic/rare/7x7/standing6",
      "palettes": [ "the_vault:generic/spawners/rare_settings" ]
    }
  },
  {
    "weight": 1,
    "value": {
      "template": "the_vault:vault/decor/generic/rare/7x7/standing7",
      "palettes": [ "the_vault:generic/spawners/rare_settings" ]
    }
  },
  {
    "weight": 1,
    "value": {
      "template": "the_vault:vault/decor/generic/rare/7x7/standing8",
      "palettes": [ "the_vault:generic/spawners/rare_settings" ]
    }
  },
  {
    "weight": 1,
    "value": {
      "template": "the_vault:vault/decor/generic/rare/7x7/standing9",
      "palettes": [ "the_vault:generic/spawners/rare_settings" ]
    }
  },
  {
    "weight": 1,
    "value": {
      "template": "the_vault:vault/decor/generic/rare/7x7/standing10",
      "palettes": [ "the_vault:generic/spawners/rare_settings" ]
    }
  }
]