{
    "parent": "izzy_vault:materials/empty_flask",
    "display": {
      "icon": {
        "item": "the_vault:respec_flask"
      },
      "title": {"text": "Specialized Regret"},
      "description": {"text": "Craft a Choice Flask"}
    },
    "criteria": {
      "craft_item": {
        "trigger": "minecraft:inventory_changed",
        "conditions": {
          "items": [
            {
              "items": [
                "the_vault:respec_flask"
              ]
            }
          ]
        }
      }
    }
  }