[
    {
      "weight": 1,
      "value": {
        "template": "the_vault:empty",
        "palettes": []
      }
    },
    {
      "weight": 4,
      "pool": [
        {
          "weight": 1,
          "value": {
            "template": "the_vault:vault/decor/raw/farm/structure1",
            "palettes": [ "the_vault:raw/villager_spawner" ]
          }
        },
        {
            "weight": 1,
            "value": {
              "template": "the_vault:vault/decor/raw/farm/structure2",
              "palettes": [ "the_vault:raw/villager_spawner" ]
            }
          },
          {
            "weight": 1,
            "value": {
              "template": "the_vault:vault/decor/raw/farm/structure3",
              "palettes": [ "the_vault:raw/villager_spawner" ]
            }
          },
          {
            "weight": 1,
            "value": {
              "template": "the_vault:vault/decor/raw/farm/structure4",
              "palettes": [ "the_vault:raw/villager_spawner" ]
            }
          },
          {
            "weight": 1,
            "value": {
              "template": "the_vault:vault/decor/raw/farm/structure5",
              "palettes": [ "the_vault:raw/villager_spawner" ]
            }
          }
      ]
    }
  ]