{
  "conditions": [
    {
      "modid": "thermal",
      "type": "forge:mod_loaded"
    }
  ],
  "type": "thermal:blitz",
  "subtypes": [],
  "name": "entity.thermal.blitz",
  "name_color": "0x858F8E",
  "gui_scale": 1.0,
  "gui_x_offset": 0.0,
  "gui_y_offset": 0.0,
  "gui_z_offset": 0.0,
  "sim_cost": 512,
  "input": {
    "item": "hostilenetworks:empty_prediction",
    "count": 1
  },
  "base_drop": {
    "item": "hostilenetworks:overworld_prediction",
    "count": 1
  },
  "trivia": "hostilenetworks.trivia.blitz",
  "fabricator_drops": [
    {
      "item": "thermal:blitz_rod",
      "count": 16
    }
  ],
  "tier_data": [
    6,
    54,
    354,
    1254
  ]
}