{

  "sortnum": 7,
  "name": "Recycling",
  "icon": "the_vault:vault_recycler",
  "category": "patchouli:vault_tools_category",
  "read_by_default": "true",
  "pages": [

    {
      "type": "patchouli:text",
      "text": "Jewels can be recycled into $(l)small$() amounts of resources.$(br2)It may reward $(l)Gemstones$(), $(l)Silver Scrap$() or $(l)Wutodie Gems$().$(br2)Vault Tools $(l)can't$() be recycled."
    },

    {
      "type": "patchouli:crafting",
      "recipe": "the_vault:vault_recycler",
      "text": "Jewels are smelted in the Vault Recycler.$(br2)The main $(l)purpose$() of smelting Jewels is to craft $(l)new$() and $(l)improved$() ones."
    }

  ]

}
