{
  "entries": [
    {
      "roll": {
        "type": "uniform",
        "min": 1,
        "max": 1
      },
      "pool": [
        {
          "weight": 1,
          "pool": [
            {
              "weight": 15,
              "item": {
                "id": "the_vault:eternal_soul",
                "count": {
                  "type": "uniform",
                  "min": 1,
                  "max": 6
                }
              }
            }
          ]
        }
      ]
    },
    {
      "roll": {
        "type": "uniform",
        "min": 3,
        "max": 3
      },
      "pool": [
        {
          "weight": 1,
          "pool": [
            {
              "weight": 16,
              "item": {
                "id": "the_vault:sword",
                "nbt": {
                  "the_vault:gear_roll_type_pool": "gear_completion_crate_scav"
                },
                "count": {
                  "type": "uniform",
                  "min": 1,
                  "max": 1
                }
              }
            },
            {
              "weight": 16,
              "item": {
                "id": "the_vault:axe",
                "nbt": {
                  "the_vault:gear_roll_type_pool": "gear_completion_crate_scav"
                },
                "count": {
                  "type": "uniform",
                  "min": 1,
                  "max": 1
                }
              }
            },
            {
              "weight": 16,
              "item": {
                "id": "the_vault:helmet",
                "nbt": {
                  "the_vault:gear_roll_type_pool": "gear_completion_crate_scav"
                },
                "count": {
                  "type": "uniform",
                  "min": 1,
                  "max": 1
                }
              }
            },
            {
              "weight": 16,
              "item": {
                "id": "the_vault:chestplate",
                "nbt": {
                  "the_vault:gear_roll_type_pool": "gear_completion_crate_scav"
                },
                "count": {
                  "type": "uniform",
                  "min": 1,
                  "max": 1
                }
              }
            },
            {
              "weight": 16,
              "item": {
                "id": "the_vault:leggings",
                "nbt": {
                  "the_vault:gear_roll_type_pool": "gear_completion_crate_scav"
                },
                "count": {
                  "type": "uniform",
                  "min": 1,
                  "max": 1
                }
              }
            },
            {
              "weight": 16,
              "item": {
                "id": "the_vault:boots",
                "nbt": {
                  "the_vault:gear_roll_type_pool": "gear_completion_crate_scav"
                },
                "count": {
                  "type": "uniform",
                  "min": 1,
                  "max": 1
                }
              }
            },
            {
              "weight": 16,
              "item": {
                "id": "the_vault:shield",
                "nbt": {
                  "the_vault:gear_roll_type_pool": "gear_completion_crate_scav"
                },
                "count": {
                  "type": "uniform",
                  "min": 1,
                  "max": 1
                }
              }
            },
            {
              "weight": 16,
              "item": {
                "id": "the_vault:wand",
                "nbt": {
                  "the_vault:gear_roll_type_pool": "gear_completion_crate_scav"
                },
                "count": {
                  "type": "uniform",
                  "min": 1,
                  "max": 1
                }
              }
            },
            {
              "weight": 16,
              "item": {
                "id": "the_vault:trident",
                "nbt": {
                  "the_vault:gear_roll_type_pool": "gear_completion_crate_scav"
                },
                "count": {
                  "type": "uniform",
                  "min": 1,
                  "max": 1
                }
              }
            },
            {
              "weight": 16,
              "item": {
                "id": "the_vault:battlestaff",
                "nbt": {
                  "the_vault:gear_roll_type_pool": "gear_completion_crate_scav"
                },
                "count": {
                  "type": "uniform",
                  "min": 1,
                  "max": 1
                }
              }
            }
          ]
        }
      ]
    },
    {
      "roll": {
        "type": "uniform",
        "min": 3,
        "max": 3
      },
      "pool": [
        {
          "weight": 1,
          "pool": [
            {
              "weight": 32,
              "item": {
                "id": "the_vault:jewel",
                "nbt": {
                  "the_vault:gear_roll_type_pool": "jewel_completion_crate"
                },
                "count": {
                  "type": "uniform",
                  "min": 1,
                  "max": 1
                }
              }
            }
          ]
        }
      ]
    },
    {
      "roll": {
        "type": "uniform",
        "min": 1,
        "max": 1
      },
      "pool": [
        {
          "weight": 1,
          "pool": [
            {
              "weight": 1,
              "item": {
                "id": "the_vault:vault_silver",
                "count": {
                  "type": "uniform",
                  "min": 32,
                  "max": 64
                }
              }
            }
          ]
        }
      ]
    },
    {
      "roll": {
        "type": "uniform",
        "min": 1,
        "max": 1
      },
      "pool": [
        {
          "weight": 1,
          "pool": [
            {
              "weight": 10,
              "item": {
                "id": "the_vault:unidentified_relic_fragment",
                "count": {
                  "type": "uniform",
                  "min": 1,
                  "max": 1
                }
              }
            },
            {
              "weight": 10,
              "item": {
                "id": "the_vault:bitter_lemon",
                "count": {
                  "type": "uniform",
                  "min": 1,
                  "max": 2
                }
              }
            },
            {
              "weight": 1,
              "item": {
                "id": "the_vault:sour_orange",
                "count": {
                  "type": "uniform",
                  "min": 1,
                  "max": 1
                }
              }
            },
            {
              "weight": 10,
              "item": {
                "id": "the_vault:mystery_egg",
                "count": {
                  "type": "uniform",
                  "min": 1,
                  "max": 2
                }
              }
            },
            {
              "weight": 10,
              "item": {
                "id": "the_vault:mystery_hostile_egg",
                "count": {
                  "type": "uniform",
                  "min": 1,
                  "max": 1
                }
              }
            },
            {
              "weight": 1,
              "item": {
                "id": "the_vault:trinket",
                "count": {
                  "type": "uniform",
                  "min": 1,
                  "max": 1
                }
              }
            },
            {
              "weight": 6,
              "item": {
                "id": "the_vault:mote_purity",
                "count": {
                  "type": "uniform",
                  "min": 1,
                  "max": 1
                }
              }
            },
            {
              "weight": 8,
              "item": {
                "id": "the_vault:mod_box",
                "count": {
                  "type": "uniform",
                  "min": 1,
                  "max": 2
                }
              }
            },
            {
              "weight": 8,
              "item": {
                "id": "the_vault:gem_box",
                "count": {
                  "type": "uniform",
                  "min": 1,
                  "max": 2
                }
              }
            },
            {
              "weight": 8,
              "item": {
                "id": "the_vault:supply_box",
                "count": {
                  "type": "uniform",
                  "min": 1,
                  "max": 3
                }
              }
            },
            {
              "weight": 6,
              "item": {
                "id": "the_vault:augment_box",
                "count": {
                  "type": "uniform",
                  "min": 1,
                  "max": 2
                }
              }
            },
            {
              "weight": 8,
              "item": {
                "id": "the_vault:faceted_focus",
                "count": {
                  "type": "uniform",
                  "min": 1,
                  "max": 1
                }
              }
            }
          ]
        }
      ]
    },
    {
      "roll": {
        "type": "uniform",
        "min": 3,
        "max": 3
      },
      "pool": [
        {
          "weight": 1,
          "pool": [
            {
              "weight": 1,
              "item": {
                "id": "the_vault:sweet_kiwi",
                "count": {
                  "type": "uniform",
                  "min": 1,
                  "max": 2
                }
              }
            },
            {
              "weight": 1,
              "item": {
                "id": "the_vault:regret_orb",
                "count": {
                  "type": "uniform",
                  "min": 1,
                  "max": 2
                }
              }
            },
            {
              "weight": 1,
              "item": {
                "id": "the_vault:crystal_seal_empty",
                "count": {
                  "type": "uniform",
                  "min": 1,
                  "max": 2
                }
              }
            },
            {
              "weight": 1,
              "item": {
                "id": "the_vault:eternal_soul",
                "count": {
                  "type": "uniform",
                  "min": 1,
                  "max": 3
                }
              }
            },
            {
              "weight": 1,
              "item": {
                "id": "the_vault:bounty_pearl",
                "count": {
                  "type": "uniform",
                  "min": 1,
                  "max": 2
                }
              }
            },
            {
              "weight": 1,
              "item": {
                "id": "the_vault:mote_clarity",
                "count": {
                  "type": "uniform",
                  "min": 1,
                  "max": 1
                }
              }
            }
          ]
        }
      ]
    },
    {
      "roll": {
        "type": "uniform",
        "min": 1,
        "max": 2
      },
      "pool": [
        {
          "weight": 1,
          "pool": [
            {
              "weight": 5,
              "item": {
                "id": "the_vault:knowledge_star",
                "count": {
                  "type": "uniform",
                  "min": 1,
                  "max": 1
                }
              }
            },
            {
              "weight": 16,
              "item": {
                "id": "the_vault:gem_box",
                "count": {
                  "type": "uniform",
                  "min": 3,
                  "max": 3
                }
              }
            },
            {
              "value": {
                "stack": {
                  "item": "the_vault:supply_box"
                },
                "minCount": 1,
                "maxCount": 3
              },
              "weight": 12
            },
            {
              "weight": 16,
              "item": {
                "id": "the_vault:mystical_powder",
                "count": {
                  "type": "uniform",
                  "min": 2,
                  "max": 2
                }
              }
            },
            {
              "weight": 3,
              "item": {
                "id": "the_vault:trinket_scrap",
                "count": {
                  "type": "uniform",
                  "min": 1,
                  "max": 1
                }
              }
            },
            {
              "weight": 4,
              "item": {
                "id": "the_vault:crystal_seal_cake",
                "count": {
                  "type": "uniform",
                  "min": 1,
                  "max": 1
                }
              }
            },
            {
              "weight": 4,
              "item": {
                "id": "the_vault:crystal_seal_unhinged",
                "count": {
                  "type": "uniform",
                  "min": 1,
                  "max": 1
                }
              }
            },
            {
              "weight": 4,
              "item": {
                "id": "the_vault:crystal_seal_spirits",
                "count": {
                  "type": "uniform",
                  "min": 1,
                  "max": 1
                }
              }
            },
            {
              "weight": 2,
              "item": {
                "id": "the_vault:lost_bounty",
                "count": {
                  "type": "uniform",
                  "min": 1,
                  "max": 1
                }
              }
            },
            {
              "weight": 32,
              "item": {
                "id": "the_vault:vault_essence",
                "count": {
                  "type": "uniform",
                  "min": 24,
                  "max": 48
                }
              }
            },
            {
              "weight": 16,
              "item": {
                "id": "the_vault:vault_platinum",
                "count": {
                  "type": "uniform",
                  "min": 1,
                  "max": 4
                }
              }
            },
            {
              "weight": 16,
              "item": {
                "id": "the_vault:unidentified_relic_fragment",
                "count": {
                  "type": "uniform",
                  "min": 1,
                  "max": 1
                }
              }
            },
            {
              "weight": 16,
              "item": {
                "id": "the_vault:vault_catalyst",
                "count": {
                  "type": "uniform",
                  "min": 2,
                  "max": 2
                }
              }
            },
            {
              "weight": 4,
              "item": {
                "id": "the_vault:vault_catalyst_chaos",
                "count": {
                  "type": "uniform",
                  "min": 1,
                  "max": 1
                }
              }
            },
            {
              "weight": 9,
              "item": {
                "id": "the_vault:augment_box",
                "count": {
                  "type": "uniform",
                  "min": 1,
                  "max": 1
                }
              }
            },
            {
              "weight": 1,
              "item": {
                "id": "the_vault:wold_star_chunk",
                "count": {
                  "type": "uniform",
                  "min": 1,
                  "max": 1
                }
              }
            },
            {
              "weight": 16,
              "item": {
                "id": "the_vault:extraordinary_larimar",
                "count": {
                  "type": "uniform",
                  "min": 1,
                  "max": 4
                }
              }
            }
          ]
        }
      ]
    },
    {
      "roll": {
        "type": "uniform",
        "min": 1,
        "max": 1
      },
      "pool": [
        {
          "weight": 1,
          "pool": [
            {
              "weight": 15,
              "item": {
                "id": "woldsvaults:arcane_essence",
                "count": {
                  "type": "uniform",
                  "min": 2,
                  "max": 4
                }
              }
            }
          ]
        }
      ]
    }
  ]
}