{
  "tile_processors": [
    {
      "type": "placeholder",
      "target": "PYLON",
      "levels": [
        {
          "level": 0,
          "probability": 1.0,
          "success": {
            "the_vault:pylon{Config:{type:effect,effect:regeneration,amplifier:10,duration:60,color:69A3FF67,description:\"Regenerates all your health\"}}": 2,
            "the_vault:pylon{Config:{type:effect,effect:regeneration,amplifier:2,duration:1200,color:69ff42ec,description:\"Grants +2 Regeneration for 60 seconds\"}}": 4,
            "the_vault:pylon{Config:{type:stat,stat:ITEM_RARITY,addend:0.20,duration:1200,color:69ff9c00,description:\"+20% Item Rarity for 1 minute\"}}": 1,
            "the_vault:pylon{Config:{type:mana,missingManaPercent:1.0,color:692060b7,description:\"Refills your mana\"}}": 4,
            "the_vault:pylon{Config:{type:effect,effect:absorption,amplifier:1,duration:2400,color:6900FF00,description:\"Grants 2 absorption hearts for 2 minutes\"}}": 4,
            "the_vault:pylon{Config:{type:potion,charges:2,color:6900FF00,description:\"Recharges 2 potion charges\"}}": 4
          },
          "failure": {
            "minecraft:air": 1
          }
        },
        {
          "level": 20,
          "probability": 0.05,
          "success": {
            "the_vault:pylon{Config:{type:effect,effect:regeneration,amplifier:10,duration:60,color:69A3FF67,description:\"Regenerates all your health\"}}": 2,
            "the_vault:pylon{Config:{type:effect,effect:regeneration,amplifier:1,duration:2400,color:69ff42ec,description:\"Grants +1 Regeneration for 2 minutes\"}}": 4,
            "the_vault:pylon{Config:{type:effect,effect:speed,amplifier:1,duration:3600,color:69e115f3,description:\"Grants +1 Speed for 3 minutes\"}}": 4,
            "the_vault:pylon{Config:{type:effect,effect:strength,amplifier:1,duration:3600,color:69e21b1b,description:\"Grants +1 Strength for 3 minutes\"}}": 4,
            "the_vault:pylon{Config:{type:effect,effect:absorption,amplifier:1,duration:2400,color:6900FF00,description:\"Grants 2 absorption hearts for 2 minutes\"}}": 4,
            "the_vault:pylon{Config:{type:potion,charges:2,color:6900FF00,description:\"Recharges 2 potion charges\"}}": 4,
            "the_vault:pylon{Config:{type:mana,missingManaPercent:1.0,color:692060b7,description:\"Refills your mana\"}}": 4,
            "the_vault:pylon{Config:{type:time,ticks:1200,color:69FFFF00,description:\"Adds 1 minute to the vault timer\"}}": 1,
            "the_vault:pylon{Config:{type:stat,stat:ITEM_RARITY,addend:0.20,duration:1200,color:69EAFF00,description:\"+20% Item Rarity for 1 minute\"}}": 1,
            "the_vault:pylon{Config:{type:stat,stat:ITEM_QUANTITY,addend:0.20,duration:1200,color:69ff9c00,description:\"+20% Item Quantity for 1 minute\"}}": 1
          },
          "failure": {
            "minecraft:air": 1
          }
        },
        {
          "level": 50,
          "probability": 0.08,
          "success": {
            "the_vault:pylon{Config:{type:effect,effect:regeneration,amplifier:10,duration:60,color:69A3FF67,description:\"Regenerates all your health\"}}": 10,
            "the_vault:pylon{Config:{type:effect,effect:regeneration,amplifier:1,duration:2400,color:69ff42ec,description:\"Grants +1 Regeneration for 2 minutes\"}}": 20,
            "the_vault:pylon{Config:{type:effect,effect:speed,amplifier:1,duration:3600,color:69e115f3,description:\"Grants +1 Speed for 3 minutes\"}}": 20,
            "the_vault:pylon{Config:{type:effect,effect:strength,amplifier:1,duration:3600,color:69e21b1b,description:\"Grants +1 Strength for 3 minutes\"}}": 20,
            "the_vault:pylon{Config:{type:effect,effect:absorption,amplifier:1,duration:2400,color:6900FF00,description:\"Grants 2 absorption hearts for 2 minutes\"}}": 20,
            "the_vault:pylon{Config:{type:potion,charges:2,color:6900FF00,description:\"Recharges 2 potion charges\"}}": 20,
            "the_vault:pylon{Config:{type:mana,missingManaPercent:1.0,color:692060b7,description:\"Refills your mana\"}}": 30,
            "the_vault:pylon{Config:{type:time,ticks:1200,color:69FFFF00,description:\"Adds 1 minute to the vault timer\"}}": 7,
            "the_vault:pylon{Config:{type:time,ticks:2400,color:69fff600,description:\"Adds 2 minutes to the vault timer\"}}": 4,
            "the_vault:pylon{Config:{type:stat,stat:ITEM_RARITY,addend:0.20,duration:1200,color:69EAFF00,description:\"+20% Item Rarity for 1 minute\"}}": 10,
            "the_vault:pylon{Config:{type:stat,stat:ITEM_QUANTITY,addend:0.20,duration:1200,color:69ff9c00,description:\"+20% Item Quantity for 1 minute\"}}": 10,
            "the_vault:pylon{Config:{type:stat,stat:DURABILITY_WEAR_REDUCTION,addend:0.5,duration:6000,color:6985e8e7,description:\"+50% Durability Damage Reduction for 5 minutes\"}}": 15,
            "the_vault:pylon{Config:{type:stat,stat:DURABILITY_WEAR_REDUCTION,addend:1.0,duration:6000,color:69c5f0f0,description:\"+100% Durability Damage Reduction for 5 minutes\"}}": 5,
            "the_vault:pylon{Config:{type:stat,stat:ITEM_RARITY,addend:1.00,duration:6000,color:69EAFF00,description:\"+100% Item Rarity for 5 minutes\",uber:1b,uberColor:69ff8a14}}": 1,
            "the_vault:pylon{Config:{type:stat,stat:ITEM_QUANTITY,addend:1.00,duration:6000,color:69ff9c00,description:\"+100% Item Quantity for 5 minutes\",uber:1b,uberColor:69ff9c00}}": 1,
            "the_vault:pylon{Config:{type:time,ticks:6000,color:69FFFF00,description:\"Adds 5 minutes to the vault timer\",uber:1b,uberColor:6954f9ff}}": 1,
            "the_vault:pylon{Config:{type:effect,effect:speed,amplifier:3,duration:6000,color:69e115f3,description:\"Grants +3 Speed for 5 minutes\",uber:1b,uberColor:69ffff87}}": 4,
            "the_vault:pylon{Config:{type:effect,effect:strength,amplifier:10,duration:6000,color:69e21b1b,description:\"Grants +10 Strength for 5 minutes\",uber:1b,uberColor:69fa52a9}}": 4,
            "the_vault:pylon{Config:{type:effect,effect:regeneration,amplifier:2,duration:6000,color:69ff42ec,description:\"Grants +2 Regeneration for 5 minutes\",uber:1b,uberColor:695fe80d}}": 4,
            "the_vault:pylon{Config:{type:stat,stat:LUCKY_HIT_CHANCE,addend:0.50,duration:6000,color:696df5a3,description:\"+50% Lucky Hit Chance for 5 minutes\",uber:1b,uberColor:69fff705}}": 2,
            "the_vault:pylon{Config:{type:stat,stat:SOUL_CHANCE,addend:1.0,duration:6000,color:696900cc,description:\"+100% Soul Shard Chance for 5 minutes\",uber:1b,uberColor:69f03232}}": 2,
            "the_vault:pylon{Config:{type:stat,stat:COPIOUSLY,addend:0.3,duration:6000,color:69f74780,description:\"+30% Copiously Chance for 5 minutes\",uber:1b,uberColor:69ffffff}}": 4,
            "the_vault:pylon{Config:{type:potion,charges:6,color:6900FF00,description:\"Recharges your potion fully\"},uber:1b,uberColor:69ffffff}}": 2
          },
          "failure": {
            "minecraft:air": 1
          }
        }
      ]
    }
  ]
}