[
  {
    "weight": 1,
    "value": {
      "template": "the_vault:vault/decor/village/door1",
      "palettes": [ "the_vault:village/spawner_settings" ]
    }
  },
  {
    "weight": 1,
    "value": {
      "template": "the_vault:vault/decor/village/door2",
      "palettes": [ "the_vault:village/spawner_settings" ]
    }
  },
  {
    "weight": 1,
    "value": {
      "template": "the_vault:vault/decor/village/door3",
      "palettes": [ "the_vault:village/trap_spawner_settings" ]
    }
  },
  {
    "weight": 1,
    "value": {
      "template": "the_vault:vault/decor/village/door4",
      "palettes": [ "the_vault:village/spawner_settings" ]
    }
  }
]