{
  "tile_processors": [
    {
      "type": "weighted_target",
      "target": "minecraft:grass_block",
      "output": {
        "botania:scorched_grass": 9
      }
    },
    {
      "type": "weighted_target",
      "target": "minecraft:green_concrete",
      "output": {
        "the_vault:idona_dark_smooth_brick": 1
      }
    },
    {
      "type": "weighted_target",
      "target": "minecraft:brown_concrete",
      "output": {
        "the_vault:orange_concrete": 1
      }
    },
    {
      "type": "weighted_target",
      "target": "auxiliaryblocks:smooth_gray_pastel",
      "output": {
        "the_vault:idona_light_smooth_brick": 1
      }
    },
    {
      "type": "reference",
      "id": "the_vault:gate_lock/base"
    }
  ],
  "entity_processors": [],
  "decorators": []
}