{
  "entries": [
    {
      "roll": {
        "type": "uniform",
        "min": 3,
        "max": 3
      },
      "pool": [
        {
          "weight": 70,
          "pool": [
            {
              "weight": 20,
              "item": {
                "id": "the_vault:rotten_meat",
                "count": {
                  "type": "uniform",
                  "min": 2,
                  "max": 10
                }
              }
            },
            {
              "weight": 24,
              "item": {
                "id": "the_vault:soul_shard",
                "count": {
                  "type": "uniform",
                  "min": 8,
                  "max": 40
                }
              }
            },
            {
              "weight": 20,
              "item": {
                "id": "the_vault:vault_meat",
                "count": {
                  "type": "uniform",
                  "min": 2,
                  "max": 10
                }
              }
            },
            {
              "weight": 8,
              "item": {
                "id": "the_vault:eternal_soul",
                "count": {
                  "type": "uniform",
                  "min": 1,
                  "max": 4
                }
              }
            },
            {
              "weight": 8,
              "item": {
                "id": "the_vault:silver_scrap",
                "count": {
                  "type": "uniform",
                  "min": 2,
                  "max": 8
                }
              }
            }
          ]
        },
        {
          "weight": 20,
          "pool": [
            {
              "weight": 18,
              "item": {
                "id": "the_vault:carbon",
                "count": {
                  "type": "uniform",
                  "min": 2,
                  "max": 5
                }
              }
            },
            {
              "weight": 2,
              "item": {
                "id": "the_vault:sword",
                "nbt": {
                  "the_vault:gear_roll_type_pool": "gear_completion_crate_scav"
                },
                "count": {
                  "type": "uniform",
                  "min": 1,
                  "max": 1
                }
              }
            },
            {
              "weight": 2,
              "item": {
                "id": "the_vault:axe",
                "nbt": {
                  "the_vault:gear_roll_type_pool": "gear_completion_crate_scav"
                },
                "count": {
                  "type": "uniform",
                  "min": 1,
                  "max": 1
                }
              }
            },
            {
              "weight": 2,
              "item": {
                "id": "the_vault:wand",
                "nbt": {
                  "the_vault:gear_roll_type_pool": "gear_completion_crate_scav"
                },
                "count": {
                  "type": "uniform",
                  "min": 1,
                  "max": 1
                }
              }
            },
            {
              "weight": 2,
              "item": {
                "id": "the_vault:shield",
                "nbt": {
                  "the_vault:gear_roll_type_pool": "gear_completion_crate_scav"
                },
                "count": {
                  "type": "uniform",
                  "min": 1,
                  "max": 1
                }
              }
            },
            {
              "weight": 2,
              "item": {
                "id": "the_vault:focus",
                "nbt": {
                  "the_vault:gear_roll_type_pool": "gear_completion_crate_scav"
                },
                "count": {
                  "type": "uniform",
                  "min": 1,
                  "max": 1
                }
              }
            },
            {
              "weight": 2,
              "item": {
                "id": "the_vault:helmet",
                "nbt": {
                  "the_vault:gear_roll_type_pool": "gear_completion_crate_scav"
                },
                "count": {
                  "type": "uniform",
                  "min": 1,
                  "max": 1
                }
              }
            },
            {
              "weight": 2,
              "item": {
                "id": "the_vault:chestplate",
                "nbt": {
                  "the_vault:gear_roll_type_pool": "gear_completion_crate_scav"
                },
                "count": {
                  "type": "uniform",
                  "min": 1,
                  "max": 1
                }
              }
            },
            {
              "weight": 2,
              "item": {
                "id": "the_vault:leggings",
                "nbt": {
                  "the_vault:gear_roll_type_pool": "gear_completion_crate_scav"
                },
                "count": {
                  "type": "uniform",
                  "min": 1,
                  "max": 1
                }
              }
            },
            {
              "weight": 2,
              "item": {
                "id": "the_vault:boots",
                "nbt": {
                  "the_vault:gear_roll_type_pool": "gear_completion_crate_scav"
                },
                "count": {
                  "type": "uniform",
                  "min": 1,
                  "max": 1
                }
              }
            },
            {
              "weight": 2,
              "item": {
                "id": "the_vault:trident",
                "nbt": {
                  "the_vault:gear_roll_type_pool": "gear_completion_crate_scav"
                },
                "count": {
                  "type": "uniform",
                  "min": 1,
                  "max": 1
                }
              }
            },
            {
              "weight": 2,
              "item": {
                "id": "the_vault:battlestaff",
                "nbt": {
                  "the_vault:gear_roll_type_pool": "gear_completion_crate_scav"
                },
                "count": {
                  "type": "uniform",
                  "min": 1,
                  "max": 1
                }
              }
            },
            {
              "weight": 2,
              "item": {
                "id": "the_vault:gem_box",
                "count": {
                  "type": "uniform",
                  "min": 1,
                  "max": 2
                }
              }
            }
          ]
        },
        {
          "weight": 8,
          "pool": [
            {
              "weight": 2,
              "item": {
                "id": "the_vault:gem_echo",
                "count": {
                  "type": "uniform",
                  "min": 1,
                  "max": 1
                }
              }
            },
            {
              "weight": 2,
              "item": {
                "id": "the_vault:black_chromatic_steel_ingot",
                "count": {
                  "type": "uniform",
                  "min": 1,
                  "max": 1
                }
              }
            },
            {
              "weight": 1,
              "item": {
                "id": "the_vault:gem_pog",
                "count": {
                  "type": "uniform",
                  "min": 1,
                  "max": 1
                }
              }
            },
            {
              "weight": 2,
              "item": {
                "id": "the_vault:vault_platinum",
                "count": {
                  "type": "uniform",
                  "min": 1,
                  "max": 3
                }
              }
            }
          ]
        },
        {
          "weight": 2,
          "pool": [
            {
              "weight": 20,
              "item": {
                "id": "the_vault:bitter_lemon",
                "count": {
                  "type": "uniform",
                  "min": 1,
                  "max": 2
                }
              }
            },
            {
              "weight": 4,
              "item": {
                "id": "the_vault:sour_orange",
                "count": {
                  "type": "uniform",
                  "min": 1,
                  "max": 1
                }
              }
            },
            {
              "weight": 2,
              "item": {
                "id": "the_vault:trinket_scrap",
                "count": {
                  "type": "uniform",
                  "min": 1,
                  "max": 1
                }
              }
            },
            {
              "weight": 1,
              "item": {
                "id": "the_vault:trinket",
                "count": {
                  "type": "uniform",
                  "min": 1,
                  "max": 1
                }
              }
            },
            {
              "weight": 2,
              "item": {
                "id": "the_vault:knowledge_star",
                "count": {
                  "type": "uniform",
                  "min": 1,
                  "max": 1
                }
              }
            },
            {
              "weight": 20,
              "item": {
                "id": "the_vault:vault_platinum",
                "count": {
                  "type": "uniform",
                  "min": 2,
                  "max": 5
                }
              }
            },
            {
              "weight": 2,
              "item": {
                "id": "the_vault:artifact_fragment",
                "count": {
                  "type": "uniform",
                  "min": 1,
                  "max": 1
                }
              }
            }
          ]
        }
      ]
    }
  ]
}