{
    "tile_processors": [
        {
            "type": "reference",
            "id": "the_vault:generic/ore_placeholder_nether"
        },
        {
            "type": "reference",
            "id": "the_vault:generic/treasure_door_placeholder"
        },
        {
            "type": "weighted_target",
            "target": "minecraft:stone",
            "output": {
                "minecraft:netherrack": 75,
                "minecraft:crimson_planks": 15,
                "minecraft:warped_hyphae": 10
            }
        },
        {
            "type": "weighted_target",
            "target": "minecraft:cobblestone",
            "output": {
                "architects_palette:twisting_blackstone": 60,
                "twigs:twisting_polished_blackstone_bricks": 20,
                "minecraft:shroomlight": 10,
                "minecraft:magma_block": 10
            }
        },
        {
            "type": "weighted_target",
            "target": "minecraft:gray_concrete",
            "output": {
                "minecraft:blackstone": 60,
                "minecraft:polished_blackstone": 40
            }
        },
        {
            "type": "weighted_target",
            "target": "minecraft:grass_block",
            "output": {
                "minecraft:warped_nylium": 1
            }
        },
        {
            "type": "weighted_target",
            "target": "minecraft:dirt",
            "output": {
                "minecraft:netherrack": 1
            }
        },
        {
            "type": "weighted_target",
            "target": "minecraft:coarse_dirt",
            "output": {
                "minecraft:soul_soil": 75,
                "quark:smooth_soul_sandstone": 25
            }
        },
        {
            "type": "weighted_target",
            "target": "minecraft:stone_slab",
            "output": {
                "quark:netherrack_bricks_slab": 1
            }
        },
        {
            "type": "weighted_target",
            "target": "minecraft:cobblestone_slab",
            "output": {
                "quark:netherrack_bricks_slab": 1
            }
        },
        {
            "type": "weighted_target",
            "target": "minecraft:spruce_slab",
            "output": {
                "quark:smooth_soul_sandstone_slab": 1
            }
        },
        {
            "type": "weighted_target",
            "target": "minecraft:purple_wool",
            "output": {
                "minecraft:netherrack": 75,
                "minecraft:crimson_planks": 15,
                "minecraft:warped_hyphae": 10
            }
        },
        {
            "type": "weighted_target",
            "target": "minecraft:water",
            "output": {
                "minecraft:air": 1
            }
        },
        {
            "type": "weighted_target",
            "target": "minecraft:birch_log",
            "output": {
                "minecraft:air": 1
            }
        },
        {
            "type": "weighted_target",
            "target": "minecraft:birch_fence",
            "output": {
                "minecraft:air": 1
            }
        },
        {
            "type": "weighted_target",
            "target": "minecraft:warped_fence",
            "output": {
                "minecraft:warped_fence": 1
            }
        },
        {
            "type": "weighted_target",
            "target": "minecraft:warped_wart_block",
            "output": {
                "minecraft:warped_wart_block": 1
            }
        },
        {
            "type": "weighted_target",
            "target": "minecraft:shroomlight",
            "output": {
                "minecraft:shroomlight": 1
            }
        },
        {
            "type": "weighted_target",
            "target": "architects_palette:twisted_fence",
            "output": {
                "minecraft:air": 1
            }
        },
        {
            "type": "weighted_target",
            "target": "minecraft:cave_vines_plant",
            "output": {
                "minecraft:air": 1
            }
        },
        {
            "type": "weighted_target",
            "target": "minecraft:cave_vines",
            "output": {
                "minecraft:air": 1
            }
        },
        {
            "type": "weighted_target",
            "target": "minecraft:spore_blossom",
            "output": {
                "minecraft:air": 1
            }
        },
        {
            "type": "weighted_target",
            "target": "minecraft:brown_wool",
            "output": {
                "minecraft:air": 1
            }
        },
        {
            "type": "weighted_target",
            "target": "minecraft:pink_wool",
            "output": {
                "minecraft:air": 1
            }
        },
        {
            "type": "weighted_target",
            "target": "minecraft:grass",
            "output": {
                "minecraft:warped_fungus": 1,
                "minecraft:warped_roots": 1,
                "minecraft:nether_sprouts": 1,
                "minecraft:twisting_vines": 1
            }
        },
        {
            "type": "weighted_target",
            "target": "minecraft:tall_grass[half=lower]",
            "output": {
                "minecraft:warped_roots": 1
            }
        },
        {
            "type": "weighted_target",
            "target": "minecraft:tall_grass[half=upper]",
            "output": {
                "minecraft:air": 1
            }
        },
        {
            "type": "weighted_target",
            "target": "minecraft:twisting_vines_plant",
            "output": {
                "minecraft:twisting_vines_plant": 1
            }
        },
        {
            "type": "weighted_target",
            "target": "minecraft:twisting_vines",
            "output": {
                "minecraft:twisting_vines": 1
            }
        },
        {
            "type": "weighted_target",
            "target": "minecraft:fern",
            "output": {
                "minecraft:air": 1
            }
        },
        {
            "type": "weighted_target",
            "target": "minecraft:lime_wool",
            "output": {
                "minecraft:air": 1
            }
        },
        {
            "type": "weighted_target",
            "target": "minecraft:cyan_wool",
            "output": {
                "minecraft:air": 1
            }
        },
        {
            "type": "weighted_target",
            "target": "minecraft:oak_log",
            "output": {
                "minecraft:crimson_stem": 1
            }
        },
        {
            "type": "weighted_target",
            "target": "minecraft:oak_wood",
            "output": {
                "minecraft:crimson_hyphae": 1
            }
        },
        {
            "type": "weighted_target",
            "target": "minecraft:oak_leaves",
            "output": {
                "minecraft:nether_wart_block": 1
            }
        },
        {
            "type": "weighted_target",
            "target": "minecraft:oak_planks",
            "output": {
                "minecraft:crimson_planks": 1
            }
        },
        {
            "type": "weighted_target",
            "target": "minecraft:oak_fence",
            "output": {
                "minecraft:crimson_fence": 1
            }
        },
        {
            "type": "weighted_target",
            "target": "minecraft:oak_slab",
            "output": {
                "minecraft:crimson_slab": 1
            }
        },
        {
            "type": "weighted_target",
            "target": "minecraft:oak_trapdoor",
            "output": {
                "minecraft:crimson_trapdoor": 1,
                "mcwtrpdoors:crimson_cottage_trapdoor": 3
            }
        },
        {
            "type": "weighted_target",
            "target": "minecraft:oak_stairs",
            "output": {
                "minecraft:crimson_stairs": 1
            }
        },
        {
            "type": "weighted_target",
            "target": "minecraft:oak_fence_gate",
            "output": {
                "minecraft:crimson_fence_gate": 1
            }
        },
        {
            "type": "weighted_target",
            "target": "minecraft:oak_door",
            "output": {
                "minecraft:spruce_door": 2,
                "mcwdoors:crimson_mystic_door": 1
            }
        },
        {
            "type": "weighted_target",
            "target": "minecraft:stone_bricks",
            "output": {
                "minecraft:blackstone": 1,
                "minecraft:polished_blackstone_bricks": 1
            }
        },
        {
            "type": "weighted_target",
            "target": "minecraft:stone_brick_stairs",
            "output": {
                "minecraft:blackstone_stairs": 1,
                "minecraft:polished_blackstone_brick_stairs": 1
            }
        },
        {
            "type": "weighted_target",
            "target": "create:andesite_pillar",
            "output": {
                "minecraft:polished_blackstone": 1
            }
        },
        {
            "type": "weighted_target",
            "target": "minecraft:chiseled_stone_bricks",
            "output": {
                "minecraft:chiseled_polished_blackstone": 1
            }
        },
        {
            "type": "weighted_target",
            "target": "minecraft:stone_brick_slab",
            "output": {
                "minecraft:blackstone_slab": 1,
                "minecraft:polished_blackstone_brick_slab": 1
            }
        },
        {
            "type": "weighted_target",
            "target": "quark:stone_brick_vertical_slab",
            "output": {
                "quark:blackstone_vertical_slab": 1,
                "quark:polished_blackstone_brick_vertical_slab": 1
            }
        },
        {
            "type": "weighted_target",
            "target": "quark:stone_vertical_slab",
            "output": {
                "minecraft:netherrack": 75,
                "minecraft:crimson_planks": 15,
                "minecraft:warped_hyphae": 10
            }
        },
        {
            "type": "weighted_target",
            "target": "minecraft:stone_brick_wall",
            "output": {
                "minecraft:polished_blackstone_brick_wall": 1
            }
        },
        {
            "type": "weighted_target",
            "target": "minecraft:cobblestone_wall",
            "output": {
                "minecraft:polished_blackstone_brick_wall": 1
            }
        },
        {
            "type": "weighted_target",
            "target": "minecraft:cobblestone_stairs",
            "output": {
                "minecraft:polished_blackstone_brick_stairs": 1
            }
        },
        {
            "type": "weighted_target",
            "target": "minecraft:mossy_stone_bricks",
            "output": {
                "twigs:twisting_polished_blackstone_bricks": 1
            }
        },
        {
            "type": "weighted_target",
            "target": "minecraft:mossy_cobblestone",
            "output": {
                "minecraft:netherrack": 75,
                "minecraft:crimson_planks": 15,
                "minecraft:warped_hyphae": 10
            }
        },
        {
            "type": "weighted_target",
            "target": "minecraft:green_concrete",
            "output": {
                "minecraft:warped_wart_block": 2
            }
        },
        {
            "type": "weighted_target",
            "target": "minecraft:magma_block",
            "output": {
                "minecraft:magma_block": 1
            }
        },
        {
            "type": "weighted_target",
            "target": "minecraft:lava",
            "output": {
                "minecraft:lava": 1
            }
        },
        {
            "type": "weighted_target",
            "target": "minecraft:moss_carpet",
            "output": {
                "minecraft:air": 1
            }
        },
        {
            "type": "weighted_target",
            "target": "decorative_blocks:brazier",
            "output": {
                "decorative_blocks:soul_brazier": 1
            }
        },
        {
            "type": "weighted_target",
            "target": "minecraft:campfire",
            "output": {
                "minecraft:air": 1
            }
        },
        {
            "type": "weighted_target",
            "target": "minecraft:lantern",
            "output": {
                "minecraft:soul_lantern": 1
            }
        },
        {
            "type": "weighted_target",
            "target": "supplementaries:wall_lantern{Lantern:{Name:\"minecraft:lantern\"}}",
            "output": {
                "supplementaries:wall_lantern{Lantern:{Name:\"minecraft:soul_lantern\",Properties:{waterlogged:\"false\", hanging:\"false\"}}}": 1
            }
        },
        {
            "type": "weighted_target",
            "target": "minecraft:soul_lantern",
            "output": {
                "minecraft:soul_lantern": 1
            }
        },
        {
            "type": "weighted_target",
            "target": "minecraft:glass",
            "output": {
                "minecraft:light[level=10]": 1,
                "minecraft:air": 1
            }
        },
        {
            "type": "weighted_target",
            "target": "minecraft:cyan_stained_glass",
            "output": {
                "minecraft:lava": 1
            }
        },
        {
            "type": "weighted_target",
            "target": "minecraft:light_blue_stained_glass",
            "output": {
                "minecraft:lava": 1
            }
        },
        {
            "type": "weighted_target",
            "target": "minecraft:bookshelf",
            "output": {
                "quark:warped_bookshelf": 1
            }
        },
        {
            "type": "weighted_target",
            "target": "ecologics:azalea_log",
            "output": {
                "minecraft:blackstone": 1,
                "minecraft:polished_blackstone_bricks": 1
            }
        },
        {
            "type": "weighted_target",
            "target": "ecologics:azalea_fence",
            "output": {
                "minecraft:polished_blackstone_brick_wall": 5,
                "twigs:twisting_polished_blackstone_brick_wall": 1
            }
        },
        {
            "type": "weighted_target",
            "target": "create:cut_crimsite_wall",
            "output": {
                "minecraft:polished_blackstone_brick_wall": 1
            }
        },
        {
            "type": "weighted_target",
            "target": "quark:azalea_log",
            "output": {
                "minecraft:blackstone": 1,
                "minecraft:polished_blackstone_bricks": 1
            }
        },
        {
            "type": "weighted_target",
            "target": "quark:azalea_planks",
            "output": {
                "minecraft:chiseled_polished_blackstone": 1,
                "minecraft:polished_blackstone": 3
            }
        },
        {
            "type": "weighted_target",
            "target": "quark:azalea_planks_stairs",
            "output": {
                "minecraft:blackstone_stairs": 1,
                "minecraft:polished_blackstone_brick_stairs": 1
            }
        },
        {
            "type": "weighted_target",
            "target": "create:cut_veridium_wall",
            "output": {
                "minecraft:polished_blackstone_brick_wall": 1
            }
        },
        {
            "type": "weighted_target",
            "target": "minecraft:sand",
            "output": {
                "minecraft:gravel": 1
            }
        },
        {
            "type": "weighted_target",
            "target": "minecraft:potted_oak_sapling",
            "output": {
                "minecraft:potted_warped_roots": 1,
                "minecraft:potted_warped_fungus": 1
            }
        },
        {
            "type": "weighted_target",
            "target": "quark:oak_hedge",
            "output": {
                "minecraft:air": 1
            }
        },
        {
            "type": "weighted_target",
            "target": "decorative_blocks:oak_support",
            "output": {
                "decorative_blocks:crimson_support": 1
            }
        },
        {
            "type": "weighted_target",
            "target": "minecraft:end_stone_bricks",
            "output": {
                "minecraft:nether_bricks": 7,
                "minecraft:cracked_nether_bricks": 1
            }
        },
        {
            "type": "weighted_target",
            "target": "minecraft:end_stone_brick_stairs",
            "output": {
                "minecraft:nether_brick_stairs": 1
            }
        },
        {
            "type": "weighted_target",
            "target": "minecraft:end_stone_brick_slab",
            "output": {
                "minecraft:nether_brick_slab": 1
            }
        },
        {
            "type": "weighted_target",
            "target": "minecraft:end_stone",
            "output": {
                "minecraft:red_nether_bricks": 1
            }
        },
        {
            "type": "reference",
            "id": "the_vault:generic/room_base"
        },
        {
            "type": "reference",
            "id": "the_vault:generic/spawners/nether_mobs"
        },
        {
            "type": "reference",
            "id": "the_vault:generic/nether_elite_spawners"
        }
    ],
    "entity_processors": [],
    "decorators": []
}