{
	"parent": "block/block",
	"credit": "Made with Blockbench",
	"texture_size": [64, 64],
	"textures": {
		"0": "the_vault:block/ascension_forge",
		"particle": "the_vault:block/ascension_forge"
	},
	"elements": [
		{
			"name": "block",
			"from": [1, 8, 1],
			"to": [15, 13, 15],
			"rotation": {"angle": 0, "axis": "y", "origin": [8, -1, 8]},
			"faces": {
				"north": {"uv": [3.5, 5, 7, 6.25], "texture": "#0"},
				"east": {"uv": [6, 0, 9.5, 1.25], "texture": "#0"},
				"south": {"uv": [6, 1.25, 9.5, 2.5], "texture": "#0"},
				"west": {"uv": [6, 2.5, 9.5, 3.75], "texture": "#0"},
				"up": {"uv": [3.5, 3.5, 0, 0], "texture": "#0"},
				"down": {"uv": [3.5, 3.5, 0, 7], "texture": "#0"}
			}
		},
		{
			"from": [3, 4, 3],
			"to": [13, 8, 13],
			"rotation": {"angle": 0, "axis": "y", "origin": [0, -1, 0]},
			"faces": {
				"north": {"uv": [6, 3.75, 8.5, 4.75], "texture": "#0"},
				"east": {"uv": [3.5, 6.25, 6, 7.25], "texture": "#0"},
				"south": {"uv": [6, 6.25, 8.5, 7.25], "texture": "#0"},
				"west": {"uv": [0, 7, 2.5, 8], "texture": "#0"},
				"up": {"uv": [6, 2.5, 3.5, 0], "texture": "#0"},
				"down": {"uv": [6, 2.5, 3.5, 5], "texture": "#0"}
			}
		},
		{
			"from": [0, 6, 7],
			"to": [2, 8, 9],
			"rotation": {"angle": 0, "axis": "y", "origin": [0, -1, 0]},
			"faces": {
				"north": {"uv": [5, 8.75, 5.5, 9.25], "texture": "#0"},
				"east": {"uv": [9.5, 4.25, 10, 4.75], "texture": "#0"},
				"south": {"uv": [2, 10.75, 2.5, 11.25], "texture": "#0"},
				"west": {"uv": [2.5, 10.75, 3, 11.25], "texture": "#0"},
				"up": {"uv": [11.25, 3, 10.75, 2.5], "texture": "#0"},
				"down": {"uv": [11.25, 3, 10.75, 3.5], "texture": "#0"}
			}
		},
		{
			"from": [2, 3, 7],
			"to": [3, 6, 9],
			"rotation": {"angle": 0, "axis": "y", "origin": [0, -1, 0]},
			"faces": {
				"north": {"uv": [11, 11.75, 11.25, 12.5], "texture": "#0"},
				"east": {"uv": [1, 10.5, 1.5, 11.25], "texture": "#0"},
				"south": {"uv": [11.25, 11.75, 11.5, 12.5], "texture": "#0"},
				"west": {"uv": [1.5, 10.5, 2, 11.25], "texture": "#0"},
				"up": {"uv": [6.5, 9.25, 6.25, 8.75], "texture": "#0"},
				"down": {"uv": [13, 3.5, 12.75, 4], "texture": "#0"}
			}
		},
		{
			"from": [1.25, 1, 6.5],
			"to": [2.25, 4, 7.5],
			"rotation": {"angle": -45, "axis": "z", "origin": [2.5, 2.5, 6.5]},
			"faces": {
				"north": {"uv": [0, 12, 0.25, 12.75], "texture": "#0"},
				"east": {"uv": [12, 0, 12.25, 0.75], "texture": "#0"},
				"south": {"uv": [0.25, 12, 0.5, 12.75], "texture": "#0"},
				"west": {"uv": [0.5, 12, 0.75, 12.75], "texture": "#0"},
				"up": {"uv": [7, 5, 6.75, 4.75], "texture": "#0"},
				"down": {"uv": [9.5, 7, 9.25, 7.25], "texture": "#0"}
			}
		},
		{
			"from": [1.82322, 0.26256, 6.5],
			"to": [2.82322, 2.26256, 7.5],
			"rotation": {"angle": 45, "axis": "z", "origin": [2.32322, 1.26256, 7]},
			"faces": {
				"north": {"uv": [12.75, 5.5, 13, 6], "texture": "#0"},
				"east": {"uv": [12.75, 6, 13, 6.5], "texture": "#0"},
				"south": {"uv": [12.75, 6.5, 13, 7], "texture": "#0"},
				"west": {"uv": [12.75, 7.5, 13, 8], "texture": "#0"},
				"up": {"uv": [2.25, 10.75, 2, 10.5], "texture": "#0"},
				"down": {"uv": [11, 6.25, 10.75, 6.5], "texture": "#0"}
			}
		},
		{
			"from": [2.75, -0.5, 8.5],
			"to": [3.75, 3.5, 9.5],
			"rotation": {"angle": 45, "axis": "z", "origin": [2.5, 2.5, 9.5]},
			"faces": {
				"north": {"uv": [6.25, 7.75, 6.5, 8.75], "texture": "#0"},
				"east": {"uv": [2.25, 9, 2.5, 10], "texture": "#0"},
				"south": {"uv": [9.5, 10.25, 9.75, 11.25], "texture": "#0"},
				"west": {"uv": [9, 10.75, 9.25, 11.75], "texture": "#0"},
				"up": {"uv": [9.75, 8.75, 9.5, 8.5], "texture": "#0"},
				"down": {"uv": [10.5, 3.5, 10.25, 3.75], "texture": "#0"}
			}
		},
		{
			"from": [1, 5, 6],
			"to": [3, 7, 10],
			"rotation": {"angle": 22.5, "axis": "z", "origin": [2, 6, 8]},
			"faces": {
				"north": {"uv": [8, 10.75, 8.5, 11.25], "texture": "#0"},
				"east": {"uv": [8.5, 4.25, 9.5, 4.75], "texture": "#0"},
				"south": {"uv": [8.5, 10.75, 9, 11.25], "texture": "#0"},
				"west": {"uv": [10, 6.5, 11, 7], "texture": "#0"},
				"up": {"uv": [2.5, 9, 2, 8], "texture": "#0"},
				"down": {"uv": [3.5, 10, 3, 11], "texture": "#0"}
			}
		},
		{
			"from": [0, 7, 3],
			"to": [2, 9, 5],
			"rotation": {"angle": 0, "axis": "y", "origin": [0, -1, 0]},
			"faces": {
				"north": {"uv": [4, 10.75, 4.5, 11.25], "texture": "#0"},
				"east": {"uv": [10.75, 4.25, 11.25, 4.75], "texture": "#0"},
				"south": {"uv": [4.5, 10.75, 5, 11.25], "texture": "#0"},
				"west": {"uv": [10.75, 4.75, 11.25, 5.25], "texture": "#0"},
				"up": {"uv": [5.5, 11.25, 5, 10.75], "texture": "#0"},
				"down": {"uv": [11.25, 5.25, 10.75, 5.75], "texture": "#0"}
			}
		},
		{
			"from": [0, 7, 11],
			"to": [2, 9, 13],
			"rotation": {"angle": 0, "axis": "y", "origin": [0, -1, 0]},
			"faces": {
				"north": {"uv": [5.5, 10.75, 6, 11.25], "texture": "#0"},
				"east": {"uv": [10.75, 5.75, 11.25, 6.25], "texture": "#0"},
				"south": {"uv": [6, 10.75, 6.5, 11.25], "texture": "#0"},
				"west": {"uv": [6.5, 10.75, 7, 11.25], "texture": "#0"},
				"up": {"uv": [7.5, 11.25, 7, 10.75], "texture": "#0"},
				"down": {"uv": [8, 10.75, 7.5, 11.25], "texture": "#0"}
			}
		},
		{
			"from": [1, 6, 3.5],
			"to": [2, 7, 6.5],
			"rotation": {"angle": 0, "axis": "y", "origin": [0, -1, 0]},
			"faces": {
				"north": {"uv": [11, 4, 11.25, 4.25], "texture": "#0"},
				"east": {"uv": [12, 0.75, 12.75, 1], "texture": "#0"},
				"south": {"uv": [11, 6.75, 11.25, 7], "texture": "#0"},
				"west": {"uv": [12, 1, 12.75, 1.25], "texture": "#0"},
				"up": {"uv": [1, 12.75, 0.75, 12], "texture": "#0"},
				"down": {"uv": [12.25, 1.25, 12, 2], "texture": "#0"}
			}
		},
		{
			"from": [1, 6, 9.5],
			"to": [2, 7, 12.5],
			"rotation": {"angle": 0, "axis": "y", "origin": [0, -1, 0]},
			"faces": {
				"north": {"uv": [11, 10.5, 11.25, 10.75], "texture": "#0"},
				"east": {"uv": [12, 2, 12.75, 2.25], "texture": "#0"},
				"south": {"uv": [11.25, 6, 11.5, 6.25], "texture": "#0"},
				"west": {"uv": [12, 2.25, 12.75, 2.5], "texture": "#0"},
				"up": {"uv": [3.25, 12.75, 3, 12], "texture": "#0"},
				"down": {"uv": [3.5, 12, 3.25, 12.75], "texture": "#0"}
			}
		},
		{
			"from": [1.3, 0, 6.5],
			"to": [3.3, 1, 7.5],
			"rotation": {"angle": 0, "axis": "y", "origin": [0, -1, 0]},
			"faces": {
				"north": {"uv": [7.75, 12.75, 8.25, 13], "texture": "#0"},
				"east": {"uv": [11.25, 8.25, 11.5, 8.5], "texture": "#0"},
				"south": {"uv": [12.75, 8, 13.25, 8.25], "texture": "#0"},
				"west": {"uv": [11.25, 11, 11.5, 11.25], "texture": "#0"},
				"up": {"uv": [13.25, 8.5, 12.75, 8.25], "texture": "#0"},
				"down": {"uv": [13.25, 8.5, 12.75, 8.75], "texture": "#0"}
			}
		},
		{
			"from": [3.55, 0, 8.5],
			"to": [5.55, 1, 9.5],
			"rotation": {"angle": 0, "axis": "y", "origin": [0, -1, 0]},
			"faces": {
				"north": {"uv": [9, 12.75, 9.5, 13], "texture": "#0"},
				"east": {"uv": [11.5, 6.5, 11.75, 6.75], "texture": "#0"},
				"south": {"uv": [12.75, 9, 13.25, 9.25], "texture": "#0"},
				"west": {"uv": [13, 6.75, 13.25, 7], "texture": "#0"},
				"up": {"uv": [13.25, 9.5, 12.75, 9.25], "texture": "#0"},
				"down": {"uv": [13.25, 9.5, 12.75, 9.75], "texture": "#0"}
			}
		},
		{
			"from": [14.05, 6, 7],
			"to": [16.05, 8, 9],
			"rotation": {"angle": 0, "axis": "y", "origin": [14.775, 4.25, 8]},
			"faces": {
				"north": {"uv": [11, 10, 11.5, 10.5], "texture": "#0"},
				"east": {"uv": [11.25, 1.5, 11.75, 2], "texture": "#0"},
				"south": {"uv": [1.75, 11.25, 2.25, 11.75], "texture": "#0"},
				"west": {"uv": [11.25, 2, 11.75, 2.5], "texture": "#0"},
				"up": {"uv": [2.75, 11.75, 2.25, 11.25], "texture": "#0"},
				"down": {"uv": [11.75, 2.5, 11.25, 3], "texture": "#0"}
			}
		},
		{
			"from": [14.05, 1.5, 8.5],
			"to": [15.05, 4.5, 9.5],
			"rotation": {"angle": 45, "axis": "z", "origin": [14.3, 2.5, 9]},
			"faces": {
				"north": {"uv": [11.75, 12, 12, 12.75], "texture": "#0"},
				"east": {"uv": [12, 11.75, 12.25, 12.5], "texture": "#0"},
				"south": {"uv": [12.25, 0, 12.5, 0.75], "texture": "#0"},
				"west": {"uv": [1, 12.25, 1.25, 13], "texture": "#0"},
				"up": {"uv": [13.5, 0.5, 13.25, 0.25], "texture": "#0"},
				"down": {"uv": [1.25, 13.25, 1, 13.5], "texture": "#0"}
			}
		},
		{
			"from": [13.22678, 0.26256, 8.5],
			"to": [14.22678, 2.26256, 9.5],
			"rotation": {"angle": -45, "axis": "z", "origin": [13.72678, 1.26256, 9]},
			"faces": {
				"north": {"uv": [11.75, 12.75, 12, 13.25], "texture": "#0"},
				"east": {"uv": [12.75, 11.75, 13, 12.25], "texture": "#0"},
				"south": {"uv": [12.25, 12.75, 12.5, 13.25], "texture": "#0"},
				"west": {"uv": [12.5, 12.75, 12.75, 13.25], "texture": "#0"},
				"up": {"uv": [13.25, 13.25, 13, 13], "texture": "#0"},
				"down": {"uv": [13.5, 0, 13.25, 0.25], "texture": "#0"}
			}
		},
		{
			"from": [12.75, 0, 8.5],
			"to": [14.75, 1, 9.5],
			"rotation": {"angle": 0, "axis": "y", "origin": [14.775, 4.25, 8]},
			"faces": {
				"north": {"uv": [12.75, 10.75, 13.25, 11], "texture": "#0"},
				"east": {"uv": [13, 12.5, 13.25, 12.75], "texture": "#0"},
				"south": {"uv": [12.75, 11, 13.25, 11.25], "texture": "#0"},
				"west": {"uv": [13, 12.75, 13.25, 13], "texture": "#0"},
				"up": {"uv": [11.75, 13, 11.25, 12.75], "texture": "#0"},
				"down": {"uv": [13.25, 11.5, 12.75, 11.75], "texture": "#0"}
			}
		},
		{
			"from": [11.3, 0, 6.5],
			"to": [12.3, 4, 7.5],
			"rotation": {"angle": -45, "axis": "z", "origin": [12.8, 1.5, 7]},
			"faces": {
				"north": {"uv": [9.25, 10.75, 9.5, 11.75], "texture": "#0"},
				"east": {"uv": [1, 11.25, 1.25, 12.25], "texture": "#0"},
				"south": {"uv": [1.25, 11.25, 1.5, 12.25], "texture": "#0"},
				"west": {"uv": [1.5, 11.25, 1.75, 12.25], "texture": "#0"},
				"up": {"uv": [13.25, 12, 13, 11.75], "texture": "#0"},
				"down": {"uv": [13.25, 12, 13, 12.25], "texture": "#0"}
			}
		},
		{
			"from": [10.5, 0, 6.5],
			"to": [12.5, 1, 7.5],
			"rotation": {"angle": 0, "axis": "y", "origin": [14.775, 4.25, 8]},
			"faces": {
				"north": {"uv": [12.75, 9.75, 13.25, 10], "texture": "#0"},
				"east": {"uv": [11.25, 13, 11.5, 13.25], "texture": "#0"},
				"south": {"uv": [12.75, 10, 13.25, 10.25], "texture": "#0"},
				"west": {"uv": [11.5, 13, 11.75, 13.25], "texture": "#0"},
				"up": {"uv": [13.25, 10.75, 12.75, 10.5], "texture": "#0"},
				"down": {"uv": [11.25, 12.75, 10.75, 13], "texture": "#0"}
			}
		},
		{
			"from": [13.05, 3, 7],
			"to": [14.05, 6, 9],
			"rotation": {"angle": 0, "axis": "y", "origin": [14.775, 4.25, 8]},
			"faces": {
				"north": {"uv": [12, 11, 12.25, 11.75], "texture": "#0"},
				"east": {"uv": [10.5, 3.5, 11, 4.25], "texture": "#0"},
				"south": {"uv": [11.5, 12, 11.75, 12.75], "texture": "#0"},
				"west": {"uv": [10.5, 8.5, 11, 9.25], "texture": "#0"},
				"up": {"uv": [8.5, 13.25, 8.25, 12.75], "texture": "#0"},
				"down": {"uv": [9.75, 12.75, 9.5, 13.25], "texture": "#0"}
			}
		},
		{
			"from": [13.05, 5, 6],
			"to": [15.05, 7, 10],
			"rotation": {"angle": -22.5, "axis": "z", "origin": [14.05, 6, 8]},
			"faces": {
				"north": {"uv": [11, 9, 11.5, 9.5], "texture": "#0"},
				"east": {"uv": [10.25, 1.5, 11.25, 2], "texture": "#0"},
				"south": {"uv": [11, 9.5, 11.5, 10], "texture": "#0"},
				"west": {"uv": [10.25, 2, 11.25, 2.5], "texture": "#0"},
				"up": {"uv": [10.75, 3.5, 10.25, 2.5], "texture": "#0"},
				"down": {"uv": [4, 10.25, 3.5, 11.25], "texture": "#0"}
			}
		},
		{
			"from": [14.05, 6, 3.5],
			"to": [15.05, 7, 6.5],
			"rotation": {"angle": 0, "axis": "y", "origin": [14.775, 4.25, 8]},
			"faces": {
				"north": {"uv": [10.75, 13, 11, 13.25], "texture": "#0"},
				"east": {"uv": [12, 7.5, 12.75, 7.75], "texture": "#0"},
				"south": {"uv": [11, 13, 11.25, 13.25], "texture": "#0"},
				"west": {"uv": [12, 7.75, 12.75, 8], "texture": "#0"},
				"up": {"uv": [12.25, 9, 12, 8.25], "texture": "#0"},
				"down": {"uv": [12.25, 9, 12, 9.75], "texture": "#0"}
			}
		},
		{
			"from": [14.05, 7, 3],
			"to": [16.05, 9, 5],
			"rotation": {"angle": 0, "axis": "y", "origin": [14.775, 4.25, 8]},
			"faces": {
				"north": {"uv": [11, 0.5, 11.5, 1], "texture": "#0"},
				"east": {"uv": [11, 1, 11.5, 1.5], "texture": "#0"},
				"south": {"uv": [3, 11, 3.5, 11.5], "texture": "#0"},
				"west": {"uv": [11, 3.5, 11.5, 4], "texture": "#0"},
				"up": {"uv": [11.5, 6.75, 11, 6.25], "texture": "#0"},
				"down": {"uv": [11.5, 8.5, 11, 9], "texture": "#0"}
			}
		},
		{
			"from": [14.05, 6, 9.5],
			"to": [15.05, 7, 12.5],
			"rotation": {"angle": 0, "axis": "y", "origin": [14.775, 4.25, 8]},
			"faces": {
				"north": {"uv": [13, 7.75, 13.25, 8], "texture": "#0"},
				"east": {"uv": [12, 3.5, 12.75, 3.75], "texture": "#0"},
				"south": {"uv": [13, 10.25, 13.25, 10.5], "texture": "#0"},
				"west": {"uv": [12, 3.75, 12.75, 4], "texture": "#0"},
				"up": {"uv": [12.25, 6.75, 12, 6], "texture": "#0"},
				"down": {"uv": [12.25, 6.75, 12, 7.5], "texture": "#0"}
			}
		},
		{
			"from": [14.05, 7, 11],
			"to": [16.05, 9, 13],
			"rotation": {"angle": 0, "axis": "y", "origin": [14.775, 4.25, 8]},
			"faces": {
				"north": {"uv": [9.75, 10.75, 10.25, 11.25], "texture": "#0"},
				"east": {"uv": [10.25, 10.75, 10.75, 11.25], "texture": "#0"},
				"south": {"uv": [10.75, 10.75, 11.25, 11.25], "texture": "#0"},
				"west": {"uv": [0, 11, 0.5, 11.5], "texture": "#0"},
				"up": {"uv": [11.5, 0.5, 11, 0], "texture": "#0"},
				"down": {"uv": [1, 11, 0.5, 11.5], "texture": "#0"}
			}
		},
		{
			"from": [7.025, 6, 14.025],
			"to": [9.025, 8, 16.025],
			"rotation": {"angle": 0, "axis": "y", "origin": [8.275, 4.25, 14]},
			"faces": {
				"north": {"uv": [11.25, 7.75, 11.75, 8.25], "texture": "#0"},
				"east": {"uv": [9.5, 11.25, 10, 11.75], "texture": "#0"},
				"south": {"uv": [10, 11.25, 10.5, 11.75], "texture": "#0"},
				"west": {"uv": [10.5, 11.25, 11, 11.75], "texture": "#0"},
				"up": {"uv": [11.75, 11, 11.25, 10.5], "texture": "#0"},
				"down": {"uv": [11.5, 11.25, 11, 11.75], "texture": "#0"}
			}
		},
		{
			"from": [6.525, 1.5, 14.025],
			"to": [7.525, 4.5, 15.025],
			"rotation": {"angle": -45, "axis": "x", "origin": [7.025, 2.5, 14.275]},
			"faces": {
				"north": {"uv": [1.25, 12.25, 1.5, 13], "texture": "#0"},
				"east": {"uv": [1.5, 12.25, 1.75, 13], "texture": "#0"},
				"south": {"uv": [3.5, 12.25, 3.75, 13], "texture": "#0"},
				"west": {"uv": [3.75, 12.25, 4, 13], "texture": "#0"},
				"up": {"uv": [5, 13.5, 4.75, 13.25], "texture": "#0"},
				"down": {"uv": [5.25, 13.25, 5, 13.5], "texture": "#0"}
			}
		},
		{
			"from": [6.525, 0.26256, 13.20178],
			"to": [7.525, 2.26256, 14.20178],
			"rotation": {"angle": 45, "axis": "x", "origin": [7.025, 1.26256, 13.70178]},
			"faces": {
				"north": {"uv": [3.75, 13, 4, 13.5], "texture": "#0"},
				"east": {"uv": [13, 3.75, 13.25, 4.25], "texture": "#0"},
				"south": {"uv": [13, 4.25, 13.25, 4.75], "texture": "#0"},
				"west": {"uv": [5.5, 13, 5.75, 13.5], "texture": "#0"},
				"up": {"uv": [13.5, 4.5, 13.25, 4.25], "texture": "#0"},
				"down": {"uv": [13.5, 4.5, 13.25, 4.75], "texture": "#0"}
			}
		},
		{
			"from": [6.525, 0, 12.725],
			"to": [7.525, 1, 14.725],
			"rotation": {"angle": 0, "axis": "y", "origin": [8.275, 4.25, 14]},
			"faces": {
				"north": {"uv": [13.25, 3.75, 13.5, 4], "texture": "#0"},
				"east": {"uv": [13, 1.75, 13.5, 2], "texture": "#0"},
				"south": {"uv": [13.25, 4, 13.5, 4.25], "texture": "#0"},
				"west": {"uv": [13, 3, 13.5, 3.25], "texture": "#0"},
				"up": {"uv": [13.25, 3.75, 13, 3.25], "texture": "#0"},
				"down": {"uv": [3.75, 13, 3.5, 13.5], "texture": "#0"}
			}
		},
		{
			"from": [8.525, -0.25, 11.425],
			"to": [9.525, 3.75, 12.425],
			"rotation": {"angle": 45, "axis": "x", "origin": [9.025, 1.5, 12.775]},
			"faces": {
				"north": {"uv": [2.75, 11.25, 3, 12.25], "texture": "#0"},
				"east": {"uv": [8, 11.25, 8.25, 12.25], "texture": "#0"},
				"south": {"uv": [8.25, 11.25, 8.5, 12.25], "texture": "#0"},
				"west": {"uv": [8.5, 11.25, 8.75, 12.25], "texture": "#0"},
				"up": {"uv": [13.5, 3.5, 13.25, 3.25], "texture": "#0"},
				"down": {"uv": [13.5, 3.5, 13.25, 3.75], "texture": "#0"}
			}
		},
		{
			"from": [8.525, 0, 10.475],
			"to": [9.525, 1, 12.475],
			"rotation": {"angle": 0, "axis": "y", "origin": [8.275, 4.25, 14]},
			"faces": {
				"north": {"uv": [2.75, 13.25, 3, 13.5], "texture": "#0"},
				"east": {"uv": [13, 1.25, 13.5, 1.5], "texture": "#0"},
				"south": {"uv": [13.25, 2.75, 13.5, 3], "texture": "#0"},
				"west": {"uv": [13, 1.5, 13.5, 1.75], "texture": "#0"},
				"up": {"uv": [1.75, 13.5, 1.5, 13], "texture": "#0"},
				"down": {"uv": [13.25, 2.5, 13, 3], "texture": "#0"}
			}
		},
		{
			"from": [7.025, 3, 13.025],
			"to": [9.025, 5, 14.025],
			"rotation": {"angle": 0, "axis": "y", "origin": [8.275, 4.25, 14]},
			"faces": {
				"north": {"uv": [11.25, 7.25, 11.75, 7.75], "texture": "#0"},
				"east": {"uv": [12.75, 12.75, 13, 13.25], "texture": "#0"},
				"south": {"uv": [7.5, 11.25, 8, 11.75], "texture": "#0"},
				"west": {"uv": [13, 0, 13.25, 0.5], "texture": "#0"},
				"up": {"uv": [13.5, 0.75, 13, 0.5], "texture": "#0"},
				"down": {"uv": [1.5, 13, 1, 13.25], "texture": "#0"}
			}
		},
		{
			"from": [6.025, 5, 13.025],
			"to": [10.025, 7, 15.025],
			"rotation": {"angle": 22.5, "axis": "x", "origin": [8.025, 6, 14.025]},
			"faces": {
				"north": {"uv": [4, 10.25, 5, 10.75], "texture": "#0"},
				"east": {"uv": [11.25, 6.75, 11.75, 7.25], "texture": "#0"},
				"south": {"uv": [6.5, 10.25, 7.5, 10.75], "texture": "#0"},
				"west": {"uv": [7, 11.25, 7.5, 11.75], "texture": "#0"},
				"up": {"uv": [11.25, 7.5, 10.25, 7], "texture": "#0"},
				"down": {"uv": [8.5, 10.25, 7.5, 10.75], "texture": "#0"}
			}
		},
		{
			"from": [9.525, 6, 14.025],
			"to": [12.525, 7, 15.025],
			"rotation": {"angle": 0, "axis": "y", "origin": [8.275, 4.25, 14]},
			"faces": {
				"north": {"uv": [12.25, 1.75, 13, 2], "texture": "#0"},
				"east": {"uv": [2.5, 13.25, 2.75, 13.5], "texture": "#0"},
				"south": {"uv": [2.25, 12.25, 3, 12.5], "texture": "#0"},
				"west": {"uv": [13.25, 2.5, 13.5, 2.75], "texture": "#0"},
				"up": {"uv": [13, 2.75, 12.25, 2.5], "texture": "#0"},
				"down": {"uv": [13, 2.75, 12.25, 3], "texture": "#0"}
			}
		},
		{
			"from": [11.025, 7, 14.025],
			"to": [13.025, 9, 16.025],
			"rotation": {"angle": 0, "axis": "y", "origin": [8.275, 4.25, 14]},
			"faces": {
				"north": {"uv": [5, 11.25, 5.5, 11.75], "texture": "#0"},
				"east": {"uv": [11.25, 5, 11.75, 5.5], "texture": "#0"},
				"south": {"uv": [5.5, 11.25, 6, 11.75], "texture": "#0"},
				"west": {"uv": [11.25, 5.5, 11.75, 6], "texture": "#0"},
				"up": {"uv": [6.5, 11.75, 6, 11.25], "texture": "#0"},
				"down": {"uv": [7, 11.25, 6.5, 11.75], "texture": "#0"}
			}
		},
		{
			"from": [3.525, 6, 14.025],
			"to": [6.525, 7, 15.025],
			"rotation": {"angle": 0, "axis": "y", "origin": [8.275, 4.25, 14]},
			"faces": {
				"north": {"uv": [12, 9.75, 12.75, 10], "texture": "#0"},
				"east": {"uv": [1.25, 13.25, 1.5, 13.5], "texture": "#0"},
				"south": {"uv": [12, 10, 12.75, 10.25], "texture": "#0"},
				"west": {"uv": [2.25, 13.25, 2.5, 13.5], "texture": "#0"},
				"up": {"uv": [13, 1.5, 12.25, 1.25], "texture": "#0"},
				"down": {"uv": [13, 1.5, 12.25, 1.75], "texture": "#0"}
			}
		},
		{
			"from": [3.025, 7, 14.025],
			"to": [5.025, 9, 16.025],
			"rotation": {"angle": 0, "axis": "y", "origin": [8.275, 4.25, 14]},
			"faces": {
				"north": {"uv": [11.25, 3, 11.75, 3.5], "texture": "#0"},
				"east": {"uv": [3.5, 11.25, 4, 11.75], "texture": "#0"},
				"south": {"uv": [4, 11.25, 4.5, 11.75], "texture": "#0"},
				"west": {"uv": [11.25, 4, 11.75, 4.5], "texture": "#0"},
				"up": {"uv": [5, 11.75, 4.5, 11.25], "texture": "#0"},
				"down": {"uv": [11.75, 4.5, 11.25, 5], "texture": "#0"}
			}
		},
		{
			"from": [7.025, 6, 0.225],
			"to": [9.025, 8, 2.225],
			"rotation": {"angle": 0, "axis": "y", "origin": [8.025, 4.25, 0]},
			"faces": {
				"north": {"uv": [2.25, 11.75, 2.75, 12.25], "texture": "#0"},
				"east": {"uv": [11.75, 2.5, 12.25, 3], "texture": "#0"},
				"south": {"uv": [11.75, 3, 12.25, 3.5], "texture": "#0"},
				"west": {"uv": [3.5, 11.75, 4, 12.25], "texture": "#0"},
				"up": {"uv": [4.5, 12.25, 4, 11.75], "texture": "#0"},
				"down": {"uv": [12.25, 4, 11.75, 4.5], "texture": "#0"}
			}
		},
		{
			"from": [8.525, 1.5, 1.225],
			"to": [9.525, 4.5, 2.225],
			"rotation": {"angle": 45, "axis": "x", "origin": [9.025, 2.5, 1.975]},
			"faces": {
				"north": {"uv": [5.75, 12.25, 6, 13], "texture": "#0"},
				"east": {"uv": [12.25, 5.75, 12.5, 6.5], "texture": "#0"},
				"south": {"uv": [6, 12.25, 6.25, 13], "texture": "#0"},
				"west": {"uv": [6.25, 12.25, 6.5, 13], "texture": "#0"},
				"up": {"uv": [7.5, 13.5, 7.25, 13.25], "texture": "#0"},
				"down": {"uv": [13.5, 7.25, 13.25, 7.5], "texture": "#0"}
			}
		},
		{
			"from": [8.525, 0.26256, 2.04822],
			"to": [9.525, 2.26256, 3.04822],
			"rotation": {"angle": -45, "axis": "x", "origin": [9.025, 1.26256, 2.54822]},
			"faces": {
				"north": {"uv": [8, 13, 8.25, 13.5], "texture": "#0"},
				"east": {"uv": [8.75, 13, 9, 13.5], "texture": "#0"},
				"south": {"uv": [9, 13, 9.25, 13.5], "texture": "#0"},
				"west": {"uv": [9.25, 13, 9.5, 13.5], "texture": "#0"},
				"up": {"uv": [7.25, 13.5, 7, 13.25], "texture": "#0"},
				"down": {"uv": [13.5, 7, 13.25, 7.25], "texture": "#0"}
			}
		},
		{
			"from": [8.525, 0, 1.525],
			"to": [9.525, 1, 3.525],
			"rotation": {"angle": 0, "axis": "y", "origin": [8.025, 4.25, 0]},
			"faces": {
				"north": {"uv": [6.75, 13.25, 7, 13.5], "texture": "#0"},
				"east": {"uv": [6.5, 13, 7, 13.25], "texture": "#0"},
				"south": {"uv": [13.25, 6.75, 13.5, 7], "texture": "#0"},
				"west": {"uv": [13, 6.5, 13.5, 6.75], "texture": "#0"},
				"up": {"uv": [13.25, 7.75, 13, 7.25], "texture": "#0"},
				"down": {"uv": [8, 13, 7.75, 13.5], "texture": "#0"}
			}
		},
		{
			"from": [6.525, 0, 3.975],
			"to": [7.525, 4, 4.975],
			"rotation": {"angle": -45, "axis": "x", "origin": [7.025, 1.5, 3.475]},
			"faces": {
				"north": {"uv": [8.75, 11.25, 9, 12.25], "texture": "#0"},
				"east": {"uv": [11.75, 1.5, 12, 2.5], "texture": "#0"},
				"south": {"uv": [1.75, 11.75, 2, 12.75], "texture": "#0"},
				"west": {"uv": [2, 11.75, 2.25, 12.75], "texture": "#0"},
				"up": {"uv": [13.5, 6.5, 13.25, 6.25], "texture": "#0"},
				"down": {"uv": [6.75, 13.25, 6.5, 13.5], "texture": "#0"}
			}
		},
		{
			"from": [6.525, 0, 3.775],
			"to": [7.525, 1, 5.775],
			"rotation": {"angle": 0, "axis": "y", "origin": [8.025, 4.25, 0]},
			"faces": {
				"north": {"uv": [6, 13.25, 6.25, 13.5], "texture": "#0"},
				"east": {"uv": [5.75, 13, 6.25, 13.25], "texture": "#0"},
				"south": {"uv": [13.25, 6, 13.5, 6.25], "texture": "#0"},
				"west": {"uv": [13, 5.75, 13.5, 6], "texture": "#0"},
				"up": {"uv": [13.25, 6.5, 13, 6], "texture": "#0"},
				"down": {"uv": [6.5, 13, 6.25, 13.5], "texture": "#0"}
			}
		},
		{
			"from": [7.025, 3, 2.225],
			"to": [9.025, 6, 3.225],
			"rotation": {"angle": 0, "axis": "y", "origin": [8.025, 4.25, 0]},
			"faces": {
				"north": {"uv": [10.5, 9.25, 11, 10], "texture": "#0"},
				"east": {"uv": [12.25, 5, 12.5, 5.75], "texture": "#0"},
				"south": {"uv": [10.5, 10, 11, 10.75], "texture": "#0"},
				"west": {"uv": [5.5, 12.25, 5.75, 13], "texture": "#0"},
				"up": {"uv": [13.5, 5, 13, 4.75], "texture": "#0"},
				"down": {"uv": [13.5, 5.5, 13, 5.75], "texture": "#0"}
			}
		},
		{
			"from": [6.025, 5, 1.225],
			"to": [10.025, 7, 3.225],
			"rotation": {"angle": -22.5, "axis": "x", "origin": [8.025, 6, 2.225]},
			"faces": {
				"north": {"uv": [10.25, 7.5, 11.25, 8], "texture": "#0"},
				"east": {"uv": [11.5, 11, 12, 11.5], "texture": "#0"},
				"south": {"uv": [10.25, 8, 11.25, 8.5], "texture": "#0"},
				"west": {"uv": [11.5, 11.5, 12, 12], "texture": "#0"},
				"up": {"uv": [9.5, 10.75, 8.5, 10.25], "texture": "#0"},
				"down": {"uv": [1, 10.5, 0, 11], "texture": "#0"}
			}
		},
		{
			"from": [3.525, 6, 1.225],
			"to": [6.525, 7, 2.225],
			"rotation": {"angle": 0, "axis": "y", "origin": [8.025, 4.25, 0]},
			"faces": {
				"north": {"uv": [12.25, 4.25, 13, 4.5], "texture": "#0"},
				"east": {"uv": [13.25, 5.25, 13.5, 5.5], "texture": "#0"},
				"south": {"uv": [12.25, 4.5, 13, 4.75], "texture": "#0"},
				"west": {"uv": [5.75, 13.25, 6, 13.5], "texture": "#0"},
				"up": {"uv": [5.5, 12.5, 4.75, 12.25], "texture": "#0"},
				"down": {"uv": [13, 4.75, 12.25, 5], "texture": "#0"}
			}
		},
		{
			"from": [3.025, 7, 0.225],
			"to": [5.025, 9, 2.225],
			"rotation": {"angle": 0, "axis": "y", "origin": [8.025, 4.25, 0]},
			"faces": {
				"north": {"uv": [11.5, 3.5, 12, 4], "texture": "#0"},
				"east": {"uv": [11.5, 6, 12, 6.5], "texture": "#0"},
				"south": {"uv": [11.5, 8.25, 12, 8.75], "texture": "#0"},
				"west": {"uv": [11.5, 8.75, 12, 9.25], "texture": "#0"},
				"up": {"uv": [12, 9.75, 11.5, 9.25], "texture": "#0"},
				"down": {"uv": [12, 9.75, 11.5, 10.25], "texture": "#0"}
			}
		},
		{
			"from": [9.525, 6, 1.225],
			"to": [12.525, 7, 2.225],
			"rotation": {"angle": 0, "axis": "y", "origin": [8.025, 4.25, 0]},
			"faces": {
				"north": {"uv": [12.25, 3, 13, 3.25], "texture": "#0"},
				"east": {"uv": [13.25, 5, 13.5, 5.25], "texture": "#0"},
				"south": {"uv": [12.25, 3.25, 13, 3.5], "texture": "#0"},
				"west": {"uv": [5.25, 13.25, 5.5, 13.5], "texture": "#0"},
				"up": {"uv": [4.75, 12.5, 4, 12.25], "texture": "#0"},
				"down": {"uv": [13, 4, 12.25, 4.25], "texture": "#0"}
			}
		},
		{
			"from": [11.025, 7, 0.225],
			"to": [13.025, 9, 2.225],
			"rotation": {"angle": 0, "axis": "y", "origin": [8.025, 4.25, 0]},
			"faces": {
				"north": {"uv": [0, 11.5, 0.5, 12], "texture": "#0"},
				"east": {"uv": [11.5, 0, 12, 0.5], "texture": "#0"},
				"south": {"uv": [0.5, 11.5, 1, 12], "texture": "#0"},
				"west": {"uv": [11.5, 0.5, 12, 1], "texture": "#0"},
				"up": {"uv": [12, 1.5, 11.5, 1], "texture": "#0"},
				"down": {"uv": [3.5, 11.5, 3, 12], "texture": "#0"}
			}
		},
		{
			"from": [2, 13, 2],
			"to": [4, 15, 14],
			"faces": {
				"north": {"uv": [4.5, 11.75, 5, 12.25], "texture": "#0"},
				"east": {"uv": [7, 4.75, 10, 5.25], "texture": "#0"},
				"south": {"uv": [11.75, 4.5, 12.25, 5], "texture": "#0"},
				"west": {"uv": [7, 5.25, 10, 5.75], "texture": "#0"},
				"up": {"uv": [3, 10, 2.5, 7], "texture": "#0"},
				"down": {"uv": [3.5, 7, 3, 10], "texture": "#0"}
			}
		},
		{
			"from": [12, 13, 2],
			"to": [14, 15, 14],
			"faces": {
				"north": {"uv": [5, 11.75, 5.5, 12.25], "texture": "#0"},
				"east": {"uv": [7, 5.75, 10, 6.25], "texture": "#0"},
				"south": {"uv": [11.75, 5, 12.25, 5.5], "texture": "#0"},
				"west": {"uv": [3.5, 7.25, 6.5, 7.75], "texture": "#0"},
				"up": {"uv": [7, 10.25, 6.5, 7.25], "texture": "#0"},
				"down": {"uv": [7.5, 7.25, 7, 10.25], "texture": "#0"}
			}
		},
		{
			"from": [4, 13, 2],
			"to": [12, 15, 4],
			"faces": {
				"north": {"uv": [7.5, 7.25, 9.5, 7.75], "texture": "#0"},
				"east": {"uv": [5.5, 11.75, 6, 12.25], "texture": "#0"},
				"south": {"uv": [3.5, 7.75, 5.5, 8.25], "texture": "#0"},
				"west": {"uv": [11.75, 5.5, 12.25, 6], "texture": "#0"},
				"up": {"uv": [9.5, 8.25, 7.5, 7.75], "texture": "#0"},
				"down": {"uv": [2, 8, 0, 8.5], "texture": "#0"}
			}
		},
		{
			"from": [4, 13, 12],
			"to": [12, 15, 14],
			"faces": {
				"north": {"uv": [3.5, 8.25, 5.5, 8.75], "texture": "#0"},
				"east": {"uv": [6, 11.75, 6.5, 12.25], "texture": "#0"},
				"south": {"uv": [7.5, 8.25, 9.5, 8.75], "texture": "#0"},
				"west": {"uv": [6.5, 11.75, 7, 12.25], "texture": "#0"},
				"up": {"uv": [2, 9, 0, 8.5], "texture": "#0"},
				"down": {"uv": [10.5, 3.75, 8.5, 4.25], "texture": "#0"}
			}
		},
		{
			"from": [0.14645, 6.5, 14.85355],
			"to": [3.14645, 9.5, 15.85355],
			"rotation": {"angle": 45, "axis": "y", "origin": [0.64645, 4, 15.35355]},
			"faces": {
				"north": {"uv": [9, 8.75, 9.75, 9.5], "texture": "#0"},
				"east": {"uv": [6.5, 12.25, 6.75, 13], "texture": "#0"},
				"south": {"uv": [5, 9.25, 5.75, 10], "texture": "#0"},
				"west": {"uv": [12.25, 6.5, 12.5, 7.25], "texture": "#0"},
				"up": {"uv": [13, 7.5, 12.25, 7.25], "texture": "#0"},
				"down": {"uv": [8.75, 12.25, 8, 12.5], "texture": "#0"}
			}
		},
		{
			"from": [0.14645, -1.5, 14.85355],
			"to": [3.14645, 1.5, 15.85355],
			"rotation": {"angle": 45, "axis": "y", "origin": [0.64645, 4, 15.35355]},
			"faces": {
				"north": {"uv": [9.5, 3, 10.25, 3.75], "texture": "#0"},
				"east": {"uv": [4.75, 12.5, 5, 13.25], "texture": "#0"},
				"south": {"uv": [3.5, 9.5, 4.25, 10.25], "texture": "#0"},
				"west": {"uv": [5, 12.5, 5.25, 13.25], "texture": "#0"},
				"up": {"uv": [13.25, 5.25, 12.5, 5], "texture": "#0"},
				"down": {"uv": [13.25, 5.25, 12.5, 5.5], "texture": "#0"}
			}
		},
		{
			"from": [1.14645, 4.5, 13.85355],
			"to": [2.14645, 7.5, 16.85355],
			"rotation": {"angle": 45, "axis": "y", "origin": [0.64645, 4, 15.35355]},
			"faces": {
				"north": {"uv": [6.75, 12.25, 7, 13], "texture": "#0"},
				"east": {"uv": [5.75, 9.25, 6.5, 10], "texture": "#0"},
				"south": {"uv": [12.25, 8.25, 12.5, 9], "texture": "#0"},
				"west": {"uv": [9.25, 6.25, 10, 7], "texture": "#0"},
				"up": {"uv": [9, 13, 8.75, 12.25], "texture": "#0"},
				"down": {"uv": [12.5, 9, 12.25, 9.75], "texture": "#0"}
			}
		},
		{
			"from": [0.14645, 2.5, 14.85355],
			"to": [3.14645, 5.5, 15.85355],
			"rotation": {"angle": 45, "axis": "y", "origin": [0.64645, 4, 15.35355]},
			"faces": {
				"north": {"uv": [9.5, 1.5, 10.25, 2.25], "texture": "#0"},
				"east": {"uv": [2.5, 12.5, 2.75, 13.25], "texture": "#0"},
				"south": {"uv": [9.5, 2.25, 10.25, 3], "texture": "#0"},
				"west": {"uv": [2.75, 12.5, 3, 13.25], "texture": "#0"},
				"up": {"uv": [13, 10.5, 12.25, 10.25], "texture": "#0"},
				"down": {"uv": [4.75, 12.5, 4, 12.75], "texture": "#0"}
			}
		},
		{
			"from": [1.14645, 0.5, 13.85355],
			"to": [2.14645, 3.5, 16.85355],
			"rotation": {"angle": 45, "axis": "y", "origin": [0.64645, 4, 15.35355]},
			"faces": {
				"north": {"uv": [12.25, 11, 12.5, 11.75], "texture": "#0"},
				"east": {"uv": [9.5, 0, 10.25, 0.75], "texture": "#0"},
				"south": {"uv": [12.25, 11.75, 12.5, 12.5], "texture": "#0"},
				"west": {"uv": [9.5, 0.75, 10.25, 1.5], "texture": "#0"},
				"up": {"uv": [12.75, 0.75, 12.5, 0], "texture": "#0"},
				"down": {"uv": [2.5, 12.5, 2.25, 13.25], "texture": "#0"}
			}
		},
		{
			"from": [19.14645, -1.5, 14.85355],
			"to": [22.14645, 1.5, 15.85355],
			"rotation": {"angle": 45, "axis": "y", "origin": [0.64645, 4, 15.35355]},
			"faces": {
				"north": {"uv": [1.5, 9.75, 2.25, 10.5], "texture": "#0"},
				"east": {"uv": [10.5, 12.5, 10.75, 13.25], "texture": "#0"},
				"south": {"uv": [9.75, 8.5, 10.5, 9.25], "texture": "#0"},
				"west": {"uv": [12.5, 10.5, 12.75, 11.25], "texture": "#0"},
				"up": {"uv": [11.5, 12.75, 10.75, 12.5], "texture": "#0"},
				"down": {"uv": [13.25, 11.25, 12.5, 11.5], "texture": "#0"}
			}
		},
		{
			"from": [20.14645, 0.5, 13.85355],
			"to": [21.14645, 3.5, 16.85355],
			"rotation": {"angle": 45, "axis": "y", "origin": [0.64645, 4, 15.35355]},
			"faces": {
				"north": {"uv": [12.5, 9, 12.75, 9.75], "texture": "#0"},
				"east": {"uv": [0, 9.75, 0.75, 10.5], "texture": "#0"},
				"south": {"uv": [9.75, 12.5, 10, 13.25], "texture": "#0"},
				"west": {"uv": [0.75, 9.75, 1.5, 10.5], "texture": "#0"},
				"up": {"uv": [10.25, 13.25, 10, 12.5], "texture": "#0"},
				"down": {"uv": [10.5, 12.5, 10.25, 13.25], "texture": "#0"}
			}
		},
		{
			"from": [19.14645, 2.5, 14.85355],
			"to": [22.14645, 5.5, 15.85355],
			"rotation": {"angle": 45, "axis": "y", "origin": [0.64645, 4, 15.35355]},
			"faces": {
				"north": {"uv": [8.25, 9.5, 9, 10.25], "texture": "#0"},
				"east": {"uv": [12.5, 8, 12.75, 8.75], "texture": "#0"},
				"south": {"uv": [9, 9.5, 9.75, 10.25], "texture": "#0"},
				"west": {"uv": [8.5, 12.5, 8.75, 13.25], "texture": "#0"},
				"up": {"uv": [13.25, 9, 12.5, 8.75], "texture": "#0"},
				"down": {"uv": [9.75, 12.5, 9, 12.75], "texture": "#0"}
			}
		},
		{
			"from": [19.14645, 6.5, 14.85355],
			"to": [22.14645, 9.5, 15.85355],
			"rotation": {"angle": 45, "axis": "y", "origin": [0.64645, 4, 15.35355]},
			"faces": {
				"north": {"uv": [7.5, 9.5, 8.25, 10.25], "texture": "#0"},
				"east": {"uv": [7.25, 12.5, 7.5, 13.25], "texture": "#0"},
				"south": {"uv": [9.5, 7.75, 10.25, 8.5], "texture": "#0"},
				"west": {"uv": [7.5, 12.5, 7.75, 13.25], "texture": "#0"},
				"up": {"uv": [13.25, 7.25, 12.5, 7], "texture": "#0"},
				"down": {"uv": [8.5, 12.5, 7.75, 12.75], "texture": "#0"}
			}
		},
		{
			"from": [20.14645, 4.5, 13.85355],
			"to": [21.14645, 7.5, 16.85355],
			"rotation": {"angle": 45, "axis": "y", "origin": [0.64645, 4, 15.35355]},
			"faces": {
				"north": {"uv": [5.25, 12.5, 5.5, 13.25], "texture": "#0"},
				"east": {"uv": [4.25, 9.5, 5, 10.25], "texture": "#0"},
				"south": {"uv": [12.5, 5.5, 12.75, 6.25], "texture": "#0"},
				"west": {"uv": [9.5, 7, 10.25, 7.75], "texture": "#0"},
				"up": {"uv": [12.75, 7, 12.5, 6.25], "texture": "#0"},
				"down": {"uv": [7.25, 12.5, 7, 13.25], "texture": "#0"}
			}
		},
		{
			"from": [12.83148, -1.5, 13.69645],
			"to": [15.83148, 1.5, 14.69645],
			"rotation": {"angle": -45, "axis": "y", "origin": [14.08148, 4, 14.64645]},
			"faces": {
				"north": {"uv": [10.25, 0, 11, 0.75], "texture": "#0"},
				"east": {"uv": [4.25, 12.75, 4.5, 13.5], "texture": "#0"},
				"south": {"uv": [10.25, 0.75, 11, 1.5], "texture": "#0"},
				"west": {"uv": [4.5, 12.75, 4.75, 13.5], "texture": "#0"},
				"up": {"uv": [13.5, 2.25, 12.75, 2], "texture": "#0"},
				"down": {"uv": [13.5, 2.25, 12.75, 2.5], "texture": "#0"}
			}
		},
		{
			"from": [13.83148, 0.5, 12.69645],
			"to": [14.83148, 3.5, 15.69645],
			"rotation": {"angle": -45, "axis": "y", "origin": [14.08148, 4, 14.64645]},
			"faces": {
				"north": {"uv": [2, 12.75, 2.25, 13.5], "texture": "#0"},
				"east": {"uv": [10, 5.75, 10.75, 6.5], "texture": "#0"},
				"south": {"uv": [3, 12.75, 3.25, 13.5], "texture": "#0"},
				"west": {"uv": [9.75, 10, 10.5, 10.75], "texture": "#0"},
				"up": {"uv": [3.5, 13.5, 3.25, 12.75], "texture": "#0"},
				"down": {"uv": [4.25, 12.75, 4, 13.5], "texture": "#0"}
			}
		},
		{
			"from": [12.83148, 2.5, 13.69645],
			"to": [15.83148, 5.5, 14.69645],
			"rotation": {"angle": -45, "axis": "y", "origin": [14.08148, 4, 14.64645]},
			"faces": {
				"north": {"uv": [10, 5, 10.75, 5.75], "texture": "#0"},
				"east": {"uv": [0.75, 12.75, 1, 13.5], "texture": "#0"},
				"south": {"uv": [5.75, 10, 6.5, 10.75], "texture": "#0"},
				"west": {"uv": [1.75, 12.75, 2, 13.5], "texture": "#0"},
				"up": {"uv": [13.5, 1, 12.75, 0.75], "texture": "#0"},
				"down": {"uv": [13.5, 1, 12.75, 1.25], "texture": "#0"}
			}
		},
		{
			"from": [13.83148, 4.5, 12.69645],
			"to": [14.83148, 7.5, 15.69645],
			"rotation": {"angle": -45, "axis": "y", "origin": [14.08148, 4, 14.64645]},
			"faces": {
				"north": {"uv": [0, 12.75, 0.25, 13.5], "texture": "#0"},
				"east": {"uv": [10, 4.25, 10.75, 5], "texture": "#0"},
				"south": {"uv": [12.75, 0, 13, 0.75], "texture": "#0"},
				"west": {"uv": [5, 10, 5.75, 10.75], "texture": "#0"},
				"up": {"uv": [0.5, 13.5, 0.25, 12.75], "texture": "#0"},
				"down": {"uv": [0.75, 12.75, 0.5, 13.5], "texture": "#0"}
			}
		},
		{
			"from": [12.83148, 6.5, 13.69645],
			"to": [15.83148, 9.5, 14.69645],
			"rotation": {"angle": -45, "axis": "y", "origin": [14.08148, 4, 14.64645]},
			"faces": {
				"north": {"uv": [9.75, 9.25, 10.5, 10], "texture": "#0"},
				"east": {"uv": [12.5, 11.5, 12.75, 12.25], "texture": "#0"},
				"south": {"uv": [2.25, 10, 3, 10.75], "texture": "#0"},
				"west": {"uv": [12, 12.5, 12.25, 13.25], "texture": "#0"},
				"up": {"uv": [13, 12.75, 12.25, 12.5], "texture": "#0"},
				"down": {"uv": [13.25, 12.25, 12.5, 12.5], "texture": "#0"}
			}
		},
		{
			"from": [-5.66852, -1.5, 13.69645],
			"to": [-2.66852, 1.5, 14.69645],
			"rotation": {"angle": -45, "axis": "y", "origin": [14.08148, 4, 14.64645]},
			"faces": {
				"north": {"uv": [5.5, 7.75, 6.25, 8.5], "texture": "#0"},
				"east": {"uv": [11.75, 6.5, 12, 7.25], "texture": "#0"},
				"south": {"uv": [5.5, 8.5, 6.25, 9.25], "texture": "#0"},
				"west": {"uv": [7, 11.75, 7.25, 12.5], "texture": "#0"},
				"up": {"uv": [6.75, 5, 6, 4.75], "texture": "#0"},
				"down": {"uv": [9.25, 7, 8.5, 7.25], "texture": "#0"}
			}
		},
		{
			"from": [-4.66852, 0.5, 12.69645],
			"to": [-3.66852, 3.5, 15.69645],
			"rotation": {"angle": -45, "axis": "y", "origin": [14.08148, 4, 14.64645]},
			"faces": {
				"north": {"uv": [7.25, 11.75, 7.5, 12.5], "texture": "#0"},
				"east": {"uv": [8.5, 6.25, 9.25, 7], "texture": "#0"},
				"south": {"uv": [11.75, 7.25, 12, 8], "texture": "#0"},
				"west": {"uv": [3.5, 8.75, 4.25, 9.5], "texture": "#0"},
				"up": {"uv": [7.75, 12.5, 7.5, 11.75], "texture": "#0"},
				"down": {"uv": [8, 11.75, 7.75, 12.5], "texture": "#0"}
			}
		},
		{
			"from": [-5.66852, 2.5, 13.69645],
			"to": [-2.66852, 5.5, 14.69645],
			"rotation": {"angle": -45, "axis": "y", "origin": [14.08148, 4, 14.64645]},
			"faces": {
				"north": {"uv": [4.25, 8.75, 5, 9.5], "texture": "#0"},
				"east": {"uv": [9, 11.75, 9.25, 12.5], "texture": "#0"},
				"south": {"uv": [7.5, 8.75, 8.25, 9.5], "texture": "#0"},
				"west": {"uv": [9.25, 11.75, 9.5, 12.5], "texture": "#0"},
				"up": {"uv": [12.25, 10.5, 11.5, 10.25], "texture": "#0"},
				"down": {"uv": [12.5, 8, 11.75, 8.25], "texture": "#0"}
			}
		},
		{
			"from": [-4.66852, 4.5, 12.69645],
			"to": [-3.66852, 7.5, 15.69645],
			"rotation": {"angle": -45, "axis": "y", "origin": [14.08148, 4, 14.64645]},
			"faces": {
				"north": {"uv": [9.5, 11.75, 9.75, 12.5], "texture": "#0"},
				"east": {"uv": [8.25, 8.75, 9, 9.5], "texture": "#0"},
				"south": {"uv": [9.75, 11.75, 10, 12.5], "texture": "#0"},
				"west": {"uv": [0, 9, 0.75, 9.75], "texture": "#0"},
				"up": {"uv": [10.25, 12.5, 10, 11.75], "texture": "#0"},
				"down": {"uv": [10.5, 11.75, 10.25, 12.5], "texture": "#0"}
			}
		},
		{
			"from": [-5.66852, 6.5, 13.69645],
			"to": [-2.66852, 9.5, 14.69645],
			"rotation": {"angle": -45, "axis": "y", "origin": [14.08148, 4, 14.64645]},
			"faces": {
				"north": {"uv": [0.75, 9, 1.5, 9.75], "texture": "#0"},
				"east": {"uv": [10.5, 11.75, 10.75, 12.5], "texture": "#0"},
				"south": {"uv": [1.5, 9, 2.25, 9.75], "texture": "#0"},
				"west": {"uv": [10.75, 11.75, 11, 12.5], "texture": "#0"},
				"up": {"uv": [12.5, 10.75, 11.75, 10.5], "texture": "#0"},
				"down": {"uv": [12.5, 10.75, 11.75, 11], "texture": "#0"}
			}
		}
	]
}