{
	"credit": "Made with Blockbench",
	"texture_size": [64, 64],
	"textures": {
		"0": "the_vault:block/crystal_workbench",
		"particle": "the_vault:block/crystal_workbench"
	},
	"elements": [
		{
			"from": [2, 1, 2],
			"to": [14, 3, 14],
			"faces": {
				"north": {"uv": [8.5, 0, 11.5, 0.5], "texture": "#0"},
				"east": {"uv": [8.5, 0.5, 11.5, 1], "texture": "#0"},
				"south": {"uv": [8.5, 1, 11.5, 1.5], "texture": "#0"},
				"west": {"uv": [8.5, 1.5, 11.5, 2], "texture": "#0"},
				"up": {"uv": [3, 3, 0, 0], "texture": "#0"},
				"down": {"uv": [3, 3, 0, 6], "texture": "#0"}
			}
		},
		{
			"from": [2, 12, 2],
			"to": [14, 14, 14],
			"faces": {
				"north": {"uv": [8.5, 2, 11.5, 2.5], "texture": "#0"},
				"east": {"uv": [8.5, 2.5, 11.5, 3], "texture": "#0"},
				"south": {"uv": [8.5, 3, 11.5, 3.5], "texture": "#0"},
				"west": {"uv": [8.5, 3.5, 11.5, 4], "texture": "#0"},
				"up": {"uv": [6, 3, 3, 0], "texture": "#0"},
				"down": {"uv": [6, 3, 3, 6], "texture": "#0"}
			}
		},
		{
			"from": [3, 3, 3],
			"to": [13, 12, 13],
			"faces": {
				"north": {"uv": [2.5, 6, 5, 8.25], "texture": "#0"},
				"east": {"uv": [6, 2.5, 8.5, 4.75], "texture": "#0"},
				"south": {"uv": [6, 4.75, 8.5, 7], "texture": "#0"},
				"west": {"uv": [5, 7, 7.5, 9.25], "texture": "#0"},
				"up": {"uv": [2.5, 8.5, 0, 6], "texture": "#0"},
				"down": {"uv": [8.5, 0, 6, 2.5], "texture": "#0"}
			}
		},
		{
			"from": [11.5, 3, 2.5],
			"to": [13.5, 12, 4.5],
			"faces": {
				"north": {"uv": [4, 8.25, 4.5, 10.5], "texture": "#0"},
				"east": {"uv": [4.5, 8.25, 5, 10.5], "texture": "#0"},
				"south": {"uv": [0, 8.5, 0.5, 10.75], "texture": "#0"},
				"west": {"uv": [0.5, 8.5, 1, 10.75], "texture": "#0"},
				"up": {"uv": [3, 12, 2.5, 11.5], "texture": "#0"},
				"down": {"uv": [12, 2.5, 11.5, 3], "texture": "#0"}
			}
		},
		{
			"from": [2.5, 3, 2.5],
			"to": [4.5, 12, 4.5],
			"faces": {
				"north": {"uv": [1, 8.5, 1.5, 10.75], "texture": "#0"},
				"east": {"uv": [1.5, 8.5, 2, 10.75], "texture": "#0"},
				"south": {"uv": [2, 8.5, 2.5, 10.75], "texture": "#0"},
				"west": {"uv": [8.5, 4, 9, 6.25], "texture": "#0"},
				"up": {"uv": [3.5, 12, 3, 11.5], "texture": "#0"},
				"down": {"uv": [12, 3, 11.5, 3.5], "texture": "#0"}
			}
		},
		{
			"from": [2.5, 3, 11.5],
			"to": [4.5, 12, 13.5],
			"faces": {
				"north": {"uv": [9, 6.25, 9.5, 8.5], "texture": "#0"},
				"east": {"uv": [9, 8.5, 9.5, 10.75], "texture": "#0"},
				"south": {"uv": [5, 9.25, 5.5, 11.5], "texture": "#0"},
				"west": {"uv": [5.5, 9.25, 6, 11.5], "texture": "#0"},
				"up": {"uv": [5.75, 12, 5.25, 11.5], "texture": "#0"},
				"down": {"uv": [9.5, 11.5, 9, 12], "texture": "#0"}
			}
		},
		{
			"from": [11.5, 3, 11.5],
			"to": [13.5, 12, 13.5],
			"faces": {
				"north": {"uv": [7.5, 8.5, 8, 10.75], "texture": "#0"},
				"east": {"uv": [8, 8.5, 8.5, 10.75], "texture": "#0"},
				"south": {"uv": [8.5, 8.5, 9, 10.75], "texture": "#0"},
				"west": {"uv": [9, 4, 9.5, 6.25], "texture": "#0"},
				"up": {"uv": [12, 4, 11.5, 3.5], "texture": "#0"},
				"down": {"uv": [5.25, 11.5, 4.75, 12], "texture": "#0"}
			}
		},
		{
			"from": [1, 0, 1],
			"to": [4, 2, 4],
			"faces": {
				"north": {"uv": [10.5, 7, 11.25, 7.5], "texture": "#0"},
				"east": {"uv": [10.5, 7.5, 11.25, 8], "texture": "#0"},
				"south": {"uv": [10.5, 8, 11.25, 8.5], "texture": "#0"},
				"west": {"uv": [10.5, 8.5, 11.25, 9], "texture": "#0"},
				"up": {"uv": [5.75, 6.75, 5, 6], "texture": "#0"},
				"down": {"uv": [10.25, 10.25, 9.5, 11], "texture": "#0"}
			}
		},
		{
			"from": [12, 0, 1],
			"to": [15, 2, 4],
			"faces": {
				"north": {"uv": [10.5, 9, 11.25, 9.5], "texture": "#0"},
				"east": {"uv": [10.5, 9.5, 11.25, 10], "texture": "#0"},
				"south": {"uv": [0, 10.75, 0.75, 11.25], "texture": "#0"},
				"west": {"uv": [0.75, 10.75, 1.5, 11.25], "texture": "#0"},
				"up": {"uv": [11, 11, 10.25, 10.25], "texture": "#0"},
				"down": {"uv": [4.75, 10.5, 4, 11.25], "texture": "#0"}
			}
		},
		{
			"from": [12, 0, 12],
			"to": [15, 2, 15],
			"faces": {
				"north": {"uv": [3, 11, 3.75, 11.5], "texture": "#0"},
				"east": {"uv": [9, 11, 9.75, 11.5], "texture": "#0"},
				"south": {"uv": [9.75, 11, 10.5, 11.5], "texture": "#0"},
				"west": {"uv": [11, 10, 11.75, 10.5], "texture": "#0"},
				"up": {"uv": [11.25, 6.25, 10.5, 5.5], "texture": "#0"},
				"down": {"uv": [6.75, 10.5, 6, 11.25], "texture": "#0"}
			}
		},
		{
			"from": [1, 0, 12],
			"to": [4, 2, 15],
			"faces": {
				"north": {"uv": [10.5, 11, 11.25, 11.5], "texture": "#0"},
				"east": {"uv": [11, 10.5, 11.75, 11], "texture": "#0"},
				"south": {"uv": [0, 11.25, 0.75, 11.75], "texture": "#0"},
				"west": {"uv": [0.75, 11.25, 1.5, 11.75], "texture": "#0"},
				"up": {"uv": [11.25, 7, 10.5, 6.25], "texture": "#0"},
				"down": {"uv": [7.5, 10.5, 6.75, 11.25], "texture": "#0"}
			}
		},
		{
			"from": [7, 5, 12],
			"to": [9, 10, 14],
			"faces": {
				"north": {"uv": [6, 9.25, 6.5, 10.5], "texture": "#0"},
				"east": {"uv": [6.5, 9.25, 7, 10.5], "texture": "#0"},
				"south": {"uv": [7, 9.25, 7.5, 10.5], "texture": "#0"},
				"west": {"uv": [9.5, 4, 10, 5.25], "texture": "#0"},
				"up": {"uv": [11.75, 10, 11.25, 9.5], "texture": "#0"},
				"down": {"uv": [11.75, 11, 11.25, 11.5], "texture": "#0"}
			}
		},
		{
			"from": [6, 6, 11.5],
			"to": [7, 9, 13.5],
			"faces": {
				"north": {"uv": [5.75, 6, 6, 6.75], "texture": "#0"},
				"east": {"uv": [8.5, 6.25, 9, 7], "texture": "#0"},
				"south": {"uv": [4.75, 10.5, 5, 11.25], "texture": "#0"},
				"west": {"uv": [1.5, 11.25, 2, 12], "texture": "#0"},
				"up": {"uv": [4.25, 12.5, 4, 12], "texture": "#0"},
				"down": {"uv": [4.5, 12, 4.25, 12.5], "texture": "#0"}
			}
		},
		{
			"from": [9, 6, 11.5],
			"to": [10, 9, 13.5],
			"faces": {
				"north": {"uv": [3.5, 11.5, 3.75, 12.25], "texture": "#0"},
				"east": {"uv": [3.75, 11.25, 4.25, 12], "texture": "#0"},
				"south": {"uv": [5.75, 11.5, 6, 12.25], "texture": "#0"},
				"west": {"uv": [11.25, 4, 11.75, 4.75], "texture": "#0"},
				"up": {"uv": [4.75, 12.5, 4.5, 12], "texture": "#0"},
				"down": {"uv": [5, 12, 4.75, 12.5], "texture": "#0"}
			}
		},
		{
			"from": [9, 6, 2.5],
			"to": [10, 9, 4.5],
			"faces": {
				"north": {"uv": [3.25, 12, 3.5, 12.75], "texture": "#0"},
				"east": {"uv": [8, 11.25, 8.5, 12], "texture": "#0"},
				"south": {"uv": [3.75, 12, 4, 12.75], "texture": "#0"},
				"west": {"uv": [8.5, 11.25, 9, 12], "texture": "#0"},
				"up": {"uv": [7.5, 12.5, 7.25, 12], "texture": "#0"},
				"down": {"uv": [7.75, 12, 7.5, 12.5], "texture": "#0"}
			}
		},
		{
			"from": [6, 6, 2.5],
			"to": [7, 9, 4.5],
			"faces": {
				"north": {"uv": [3, 12, 3.25, 12.75], "texture": "#0"},
				"east": {"uv": [7.5, 11.25, 8, 12], "texture": "#0"},
				"south": {"uv": [12, 3, 12.25, 3.75], "texture": "#0"},
				"west": {"uv": [11.25, 7.75, 11.75, 8.5], "texture": "#0"},
				"up": {"uv": [5.75, 12.5, 5.5, 12], "texture": "#0"},
				"down": {"uv": [7.25, 12, 7, 12.5], "texture": "#0"}
			}
		},
		{
			"from": [7, 5, 2],
			"to": [9, 10, 4],
			"faces": {
				"north": {"uv": [9.5, 5.25, 10, 6.5], "texture": "#0"},
				"east": {"uv": [9.5, 6.5, 10, 7.75], "texture": "#0"},
				"south": {"uv": [9.5, 7.75, 10, 9], "texture": "#0"},
				"west": {"uv": [9.5, 9, 10, 10.25], "texture": "#0"},
				"up": {"uv": [12, 0.5, 11.5, 0], "texture": "#0"},
				"down": {"uv": [12, 0.5, 11.5, 1], "texture": "#0"}
			}
		},
		{
			"from": [12, 5, 7],
			"to": [14, 10, 9],
			"faces": {
				"north": {"uv": [2.5, 9.75, 3, 11], "texture": "#0"},
				"east": {"uv": [3, 9.75, 3.5, 11], "texture": "#0"},
				"south": {"uv": [3.5, 9.75, 4, 11], "texture": "#0"},
				"west": {"uv": [10, 4, 10.5, 5.25], "texture": "#0"},
				"up": {"uv": [12, 1.5, 11.5, 1], "texture": "#0"},
				"down": {"uv": [12, 1.5, 11.5, 2], "texture": "#0"}
			}
		},
		{
			"from": [11.5, 6, 9],
			"to": [13.5, 9, 10],
			"faces": {
				"north": {"uv": [4.25, 11.25, 4.75, 12], "texture": "#0"},
				"east": {"uv": [1.5, 12, 1.75, 12.75], "texture": "#0"},
				"south": {"uv": [11.25, 4.75, 11.75, 5.5], "texture": "#0"},
				"west": {"uv": [12, 1.5, 12.25, 2.25], "texture": "#0"},
				"up": {"uv": [5.5, 7, 5, 6.75], "texture": "#0"},
				"down": {"uv": [6, 6.75, 5.5, 7], "texture": "#0"}
			}
		},
		{
			"from": [11.5, 6, 6],
			"to": [13.5, 9, 7],
			"faces": {
				"north": {"uv": [11.25, 5.5, 11.75, 6.25], "texture": "#0"},
				"east": {"uv": [1.75, 12, 2, 12.75], "texture": "#0"},
				"south": {"uv": [6, 11.25, 6.5, 12], "texture": "#0"},
				"west": {"uv": [2, 12, 2.25, 12.75], "texture": "#0"},
				"up": {"uv": [11, 10.25, 10.5, 10], "texture": "#0"},
				"down": {"uv": [9.5, 10.75, 9, 11], "texture": "#0"}
			}
		},
		{
			"from": [2.5, 6, 6],
			"to": [4.5, 9, 7],
			"faces": {
				"north": {"uv": [7, 11.25, 7.5, 12], "texture": "#0"},
				"east": {"uv": [2.5, 12, 2.75, 12.75], "texture": "#0"},
				"south": {"uv": [11.25, 7, 11.75, 7.75], "texture": "#0"},
				"west": {"uv": [2.75, 12, 3, 12.75], "texture": "#0"},
				"up": {"uv": [6.5, 12.25, 6, 12], "texture": "#0"},
				"down": {"uv": [7, 12, 6.5, 12.25], "texture": "#0"}
			}
		},
		{
			"from": [2.5, 6, 9],
			"to": [4.5, 9, 10],
			"faces": {
				"north": {"uv": [11.25, 6.25, 11.75, 7], "texture": "#0"},
				"east": {"uv": [2.25, 12, 2.5, 12.75], "texture": "#0"},
				"south": {"uv": [6.5, 11.25, 7, 12], "texture": "#0"},
				"west": {"uv": [12, 2.25, 12.25, 3], "texture": "#0"},
				"up": {"uv": [12.5, 4, 12, 3.75], "texture": "#0"},
				"down": {"uv": [5.5, 12, 5, 12.25], "texture": "#0"}
			}
		},
		{
			"from": [2, 5, 7],
			"to": [4, 10, 9],
			"faces": {
				"north": {"uv": [10, 5.25, 10.5, 6.5], "texture": "#0"},
				"east": {"uv": [10, 6.5, 10.5, 7.75], "texture": "#0"},
				"south": {"uv": [10, 7.75, 10.5, 9], "texture": "#0"},
				"west": {"uv": [10, 9, 10.5, 10.25], "texture": "#0"},
				"up": {"uv": [2.5, 12, 2, 11.5], "texture": "#0"},
				"down": {"uv": [12, 2, 11.5, 2.5], "texture": "#0"}
			}
		},
		{
			"from": [5, 14, 5],
			"to": [11, 15, 11],
			"faces": {
				"north": {"uv": [11.25, 8.5, 12.75, 8.75], "texture": "#0"},
				"east": {"uv": [11.25, 8.75, 12.75, 9], "texture": "#0"},
				"south": {"uv": [11.25, 9, 12.75, 9.25], "texture": "#0"},
				"west": {"uv": [11.25, 9.25, 12.75, 9.5], "texture": "#0"},
				"up": {"uv": [9, 8.5, 7.5, 7], "texture": "#0"},
				"down": {"uv": [4, 8.25, 2.5, 9.75], "texture": "#0"}
			}
		},
		{
			"from": [7, 14, 4],
			"to": [9, 16, 6],
			"faces": {
				"north": {"uv": [9.5, 11.5, 10, 12], "texture": "#0"},
				"east": {"uv": [10, 11.5, 10.5, 12], "texture": "#0"},
				"south": {"uv": [10.5, 11.5, 11, 12], "texture": "#0"},
				"west": {"uv": [11, 11.5, 11.5, 12], "texture": "#0"},
				"up": {"uv": [12, 12, 11.5, 11.5], "texture": "#0"},
				"down": {"uv": [0.5, 11.75, 0, 12.25], "texture": "#0"}
			}
		},
		{
			"from": [4, 14, 7],
			"to": [6, 16, 9],
			"faces": {
				"north": {"uv": [0.5, 11.75, 1, 12.25], "texture": "#0"},
				"east": {"uv": [1, 11.75, 1.5, 12.25], "texture": "#0"},
				"south": {"uv": [11.75, 4, 12.25, 4.5], "texture": "#0"},
				"west": {"uv": [11.75, 4.5, 12.25, 5], "texture": "#0"},
				"up": {"uv": [12.25, 5.5, 11.75, 5], "texture": "#0"},
				"down": {"uv": [12.25, 5.5, 11.75, 6], "texture": "#0"}
			}
		},
		{
			"from": [10, 14, 7],
			"to": [12, 16, 9],
			"faces": {
				"north": {"uv": [11.75, 10, 12.25, 10.5], "texture": "#0"},
				"east": {"uv": [11.75, 10.5, 12.25, 11], "texture": "#0"},
				"south": {"uv": [11.75, 11, 12.25, 11.5], "texture": "#0"},
				"west": {"uv": [12, 0, 12.5, 0.5], "texture": "#0"},
				"up": {"uv": [12.5, 1, 12, 0.5], "texture": "#0"},
				"down": {"uv": [12.5, 1, 12, 1.5], "texture": "#0"}
			}
		},
		{
			"from": [7, 14, 10],
			"to": [9, 16, 12],
			"faces": {
				"north": {"uv": [11.75, 6, 12.25, 6.5], "texture": "#0"},
				"east": {"uv": [11.75, 6.5, 12.25, 7], "texture": "#0"},
				"south": {"uv": [11.75, 7, 12.25, 7.5], "texture": "#0"},
				"west": {"uv": [11.75, 7.5, 12.25, 8], "texture": "#0"},
				"up": {"uv": [12.25, 8.5, 11.75, 8], "texture": "#0"},
				"down": {"uv": [12.25, 9.5, 11.75, 10], "texture": "#0"}
			}
		}
	],
	"display": {
		"thirdperson_righthand": {
			"rotation": [75, 45, 0],
			"translation": [0, 2.5, 0],
			"scale": [0.375, 0.375, 0.375]
		},
		"thirdperson_lefthand": {
			"rotation": [75, 45, 0],
			"translation": [0, 2.5, 0],
			"scale": [0.375, 0.375, 0.375]
		},
		"firstperson_righthand": {
			"rotation": [0, 45, 0],
			"scale": [0.4, 0.4, 0.4]
		},
		"firstperson_lefthand": {
			"rotation": [0, 225, 0],
			"scale": [0.4, 0.4, 0.4]
		},
		"ground": {
			"translation": [0, 3, 0],
			"scale": [0.25, 0.25, 0.25]
		},
		"gui": {
			"rotation": [30, 225, 0],
			"scale": [0.625, 0.625, 0.625]
		},
		"fixed": {
			"scale": [0.5, 0.5, 0.5]
		}
	}
}