[
  {
    "weight": 1,
    "value": {
      "template": "the_vault:empty",
      "palettes": []
    }
  },
  {
    "weight": 1,
    "pool": [
      {
        "weight": 1,
        "value": {
          "template": "the_vault:vault/decor/raw/chromatic_caves/spawner_tree1",
          "palettes": []
        }
      },
      {
        "weight": 1,
        "value": {
          "template": "the_vault:vault/decor/raw/chromatic_caves/spawner_tree2",
          "palettes": []
        }
      }
    ]
  }
]