{
  "display": {
    "icon": {
      "item": "the_vault:crystal_seal_spirits"
    },
    "title": {
      "text": "Wraithbusters!"
    },
    "description": {
      "text": "Craft or Obtain a Seal of the Exorcist to set a Vault Crystals objective to Haunted Braziers."
    },
    "frame": "task",
    "show_toast": true,
    "announce_to_chat": true,
    "hidden": false
  },
  "criteria": {
    "diamond": {
      "trigger": "minecraft:inventory_changed",
      "conditions": {
        "items": [
          {
            "items": [
              "the_vault:crystal_seal_spirits"
            ]
          }
        ]
      }
    }
  },
  "requirements": [
    [
      "diamond"
    ]
  ]
}