[
  {
    "weight": 1,
    "pool": [
      {
        "weight": 15,
        "value": {
          "template": "the_vault:vault/decor/generic/ore/9x9/standing_a1",
          "palettes": [
            "the_vault:generic/spawners/common_settings"
          ]
        }
      },
      {
        "weight": 4,
        "value": {
          "template": "the_vault:vault/decor/generic/ore/9x9/standing_a1",
          "palettes": [
            "the_vault:generic/spawners/rare_settings"
          ]
        }
      }
    ]
  },
  {
    "weight": 1,
    "pool": [
      {
        "weight": 15,
        "value": {
          "template": "the_vault:vault/decor/generic/ore/9x9/standing_a2",
          "palettes": [
            "the_vault:generic/spawners/common_settings"
          ]
        }
      },
      {
        "weight": 4,
        "value": {
          "template": "the_vault:vault/decor/generic/ore/9x9/standing_a2",
          "palettes": [
            "the_vault:generic/spawners/rare_settings"
          ]
        }
      }
    ]
  },
  {
    "weight": 1,
    "pool": [
      {
        "weight": 15,
        "value": {
          "template": "the_vault:vault/decor/generic/ore/9x9/standing_a3",
          "palettes": [
            "the_vault:generic/spawners/common_settings"
          ]
        }
      },
      {
        "weight": 4,
        "value": {
          "template": "the_vault:vault/decor/generic/ore/9x9/standing_a3",
          "palettes": [
            "the_vault:generic/spawners/rare_settings"
          ]
        }
      }
    ]
  },
  {
    "weight": 1,
    "pool": [
      {
        "weight": 15,
        "value": {
          "template": "the_vault:vault/decor/generic/ore/9x9/standing_a4",
          "palettes": [
            "the_vault:generic/spawners/common_settings"
          ]
        }
      },
      {
        "weight": 4,
        "value": {
          "template": "the_vault:vault/decor/generic/ore/9x9/standing_a4",
          "palettes": [
            "the_vault:generic/spawners/rare_settings"
          ]
        }
      }
    ]
  },
  {
    "weight": 1,
    "pool": [
      {
        "weight": 15,
        "value": {
          "template": "the_vault:vault/decor/generic/ore/9x9/standing_a5",
          "palettes": [
            "the_vault:generic/spawners/common_settings"
          ]
        }
      },
      {
        "weight": 4,
        "value": {
          "template": "the_vault:vault/decor/generic/ore/9x9/standing_a5",
          "palettes": [
            "the_vault:generic/spawners/rare_settings"
          ]
        }
      }
    ]
  }
]
