{
    "groupOverrides": {
        "Vanilla Saplings": {
            "payment": {
                "item": "the_vault:vault_silver",
                "count": 1
            }
        },
        "Vanilla Seeds": {
            "payment": {
                "item": "the_vault:vault_silver",
                "count": 1
            }
        },
        "Supplementaries Seeds": {
            "payment": {
                "item": "the_vault:vault_silver",
                "count": 1
            }
        },
        "Quark Saplings": {
            "payment": {
                "item": "the_vault:vault_silver",
                "count": 1
            }
        }
    }
}