{
    "parent": "izzy_vault:objectives/paradox_build",
    "display": {
      "icon": {
        "item": "the_vault:crystal_seal_ordinator_run"
      },
      "title": {"text": "The Tailored Experience"},
      "description": {"text": "Obtain a Seal of the Ordinator"}
    },
    "criteria": {
      "craft_item": {
        "trigger": "minecraft:inventory_changed",
        "conditions": {
          "items": [
            {
              "items": [
                "the_vault:crystal_seal_ordinator_run"
              ]
            }
          ]
        }
      }
    }
  }