{
    "tile_processors": [
      {
        "type": "placeholder",
        "target": "TREASURE_DOOR",
        "levels": [
          {
            "level": 0,
            "probability": 0.0,
            "success": {
              "the_vault:treasure_door[type=iskallium]{Pool:\"the_vault:vault/treasure_rooms/treasure_rooms\", Target: \"the_vault:treasure_room\", Palettes: [\"the_vault:treasure_rooms/treasure_rooms\"] }": 1,
              "the_vault:treasure_door[type=xenium]{Pool:\"the_vault:vault/treasure_rooms/treasure_rooms\", Target: \"the_vault:treasure_room\", Palettes: [\"the_vault:treasure_rooms/treasure_rooms\"] }": 1,
              "the_vault:treasure_door[type=petzanite]{Pool:\"the_vault:vault/treasure_rooms/treasure_rooms\", Target: \"the_vault:treasure_room\", Palettes: [\"the_vault:treasure_rooms/treasure_rooms\"] }": 1,
              "the_vault:treasure_door[type=sparkletine]{Pool:\"the_vault:vault/treasure_rooms/treasure_rooms\", Target: \"the_vault:treasure_room\", Palettes: [\"the_vault:treasure_rooms/treasure_rooms\"] }": 1,
              "the_vault:treasure_door[type=upaline]{Pool:\"the_vault:vault/treasure_rooms/treasure_rooms\", Target: \"the_vault:treasure_room\", Palettes: [\"the_vault:treasure_rooms/treasure_rooms\"] }": 1,
              "the_vault:treasure_door[type=tubium]{Pool:\"the_vault:vault/treasure_rooms/treasure_rooms\", Target: \"the_vault:treasure_room\", Palettes: [\"the_vault:treasure_rooms/treasure_rooms\"] }": 1,
              "the_vault:treasure_door[type=gorginite]{Pool:\"the_vault:vault/treasure_rooms/treasure_rooms\", Target: \"the_vault:treasure_room\", Palettes: [\"the_vault:treasure_rooms/treasure_rooms\"] }": 1,
              "the_vault:treasure_door[type=bomignite]{Pool:\"the_vault:vault/treasure_rooms/treasure_rooms\", Target: \"the_vault:treasure_room\", Palettes: [\"the_vault:treasure_rooms/treasure_rooms\"] }": 1,
              "the_vault:treasure_door[type=ashium]{Pool:\"the_vault:vault/treasure_rooms/treasure_rooms\", Target: \"the_vault:treasure_room\", Palettes: [\"the_vault:treasure_rooms/treasure_rooms\"] }": 1
            },
            "failure": {
              "minecraft:stone": 1
            }
          }
        ]
      }
    ]
  }