{
    "tile_processors": [
        {
            "type": "weighted_target",
            "target": "the_vault:placeholder",
            "output": {
                "the_vault:placeholder{ Difficulty: Impossible }": 1
            }
        },
        {
            "type": "weighted_target",
            "target": "ispawner:spawner",
            "output": {
                "ispawner:spawner{ Difficulty: Impossible }": 1
            }
        },
        {
            "type": "spawner_element",
            "target": "ispawner:spawner{ Difficulty: Impossible }",
            "element": "",
            "output": {
                "{Modifiers: {\"generic.max_health\": {Value:3.0, Operation:2}}}": 1
            }
        },
        {
            "type": "spawner_element",
            "target": "ispawner:spawner{ Difficulty: Impossible }",
            "element": "",
            "output": {
                "{Modifiers: {\"generic.attack_damage\": {Value:3.0, Operation:2}}}": 1
            }
        },
        {
            "type": "reference",
            "id": "the_vault:dungeon_rooms/difficulty"
        }
    ]
}