[
  {
    "weight": 5,
    "value": {
      "template": "the_vault:vault/dungeon_rooms/piglin_large",
      "palettes": [ "the_vault:generic/spawners/piglin_dungeon", "the_vault:dungeon_rooms/antique_tags/dungeon_tags_piglin", "the_vault:dungeon_rooms/dungeon_discoverable_large" ]
    }
  },
  {
    "weight": 5,
    "value": {
      "template": "the_vault:vault/dungeon_rooms/piglin_large_2",
      "palettes": [ "the_vault:generic/spawners/piglin_dungeon", "the_vault:dungeon_rooms/antique_tags/dungeon_tags_piglin", "the_vault:dungeon_rooms/dungeon_discoverable_large" ]
    }
  },
  {
    "weight": 5,
    "value": {
      "template": "the_vault:vault/dungeon_rooms/piglin_large_3",
      "palettes": [ "the_vault:generic/spawners/piglin_dungeon", "the_vault:dungeon_rooms/antique_tags/dungeon_tags_piglin", "the_vault:dungeon_rooms/dungeon_discoverable_large" ]
    }
  },
  {
    "weight": 5,
    "value": {
      "template": "the_vault:vault/dungeon_rooms/piglin_medium",
      "palettes": [ "the_vault:generic/spawners/piglin_dungeon", "the_vault:dungeon_rooms/antique_tags/dungeon_tags_piglin", "the_vault:dungeon_rooms/dungeon_discoverable_medium" ]
    }
  },
  {
    "weight": 5,
    "value": {
      "template": "the_vault:vault/dungeon_rooms/piglin_medium_2",
      "palettes": [ "the_vault:generic/spawners/piglin_dungeon", "the_vault:dungeon_rooms/antique_tags/dungeon_tags_piglin", "the_vault:dungeon_rooms/dungeon_discoverable_medium" ]
    }
  },
  {
    "weight": 5,
    "value": {
      "template": "the_vault:vault/dungeon_rooms/piglin_small",
      "palettes": [ "the_vault:generic/spawners/piglin_dungeon", "the_vault:dungeon_rooms/antique_tags/dungeon_tags_piglin", "the_vault:dungeon_rooms/dungeon_discoverable_small" ]
    }
  }
]