{
  "entries": [
    {
      "roll": {
        "type": "uniform",
        "min": 4,
        "max": 4
      },
      "pool": [
        {
          "weight": 1,
          "pool": [
            {
              "weight": 15,
              "item": {
                "id": "the_vault:eternal_soul",
                "count": {
                  "type": "uniform",
                  "min": 2,
                  "max": 4
                }
              }
            }
          ]
        },
        {
          "weight": 1,
          "pool": [
            {
              "weight": 10,
              "item": {
                "id": "the_vault:trident",
                "nbt": {
                  "the_vault:gear_roll_type_pool": "gear_completion"
                },
                "count": {
                  "type": "uniform",
                  "min": 1,
                  "max": 1
                }
              }
            },
            {
              "weight": 10,
              "item": {
                "id": "the_vault:battlestaff",
                "nbt": {
                  "the_vault:gear_roll_type_pool": "gear_completion"
                },
                "count": {
                  "type": "uniform",
                  "min": 1,
                  "max": 1
                }
              }
            },
            {
              "weight": 16,
              "item": {
                "id": "the_vault:sword",
                "nbt": {
                  "the_vault:gear_roll_type_pool": "gear_completion"
                },
                "count": {
                  "type": "uniform",
                  "min": 1,
                  "max": 1
                }
              }
            },
            {
              "weight": 16,
              "item": {
                "id": "the_vault:axe",
                "nbt": {
                  "the_vault:gear_roll_type_pool": "gear_completion"
                },
                "count": {
                  "type": "uniform",
                  "min": 1,
                  "max": 1
                }
              }
            },
            {
              "weight": 16,
              "item": {
                "id": "the_vault:helmet",
                "nbt": {
                  "the_vault:gear_roll_type_pool": "gear_completion"
                },
                "count": {
                  "type": "uniform",
                  "min": 1,
                  "max": 1
                }
              }
            },
            {
              "weight": 16,
              "item": {
                "id": "the_vault:chestplate",
                "nbt": {
                  "the_vault:gear_roll_type_pool": "gear_completion"
                },
                "count": {
                  "type": "uniform",
                  "min": 1,
                  "max": 1
                }
              }
            },
            {
              "weight": 16,
              "item": {
                "id": "the_vault:leggings",
                "nbt": {
                  "the_vault:gear_roll_type_pool": "gear_completion"
                },
                "count": {
                  "type": "uniform",
                  "min": 1,
                  "max": 1
                }
              }
            },
            {
              "weight": 16,
              "item": {
                "id": "the_vault:boots",
                "nbt": {
                  "the_vault:gear_roll_type_pool": "gear_completion"
                },
                "count": {
                  "type": "uniform",
                  "min": 1,
                  "max": 1
                }
              }
            },
            {
              "weight": 16,
              "item": {
                "id": "the_vault:shield",
                "nbt": {
                  "the_vault:gear_roll_type_pool": "gear_completion"
                },
                "count": {
                  "type": "uniform",
                  "min": 1,
                  "max": 1
                }
              }
            },
            {
              "weight": 16,
              "item": {
                "id": "the_vault:wand",
                "nbt": {
                  "the_vault:gear_roll_type_pool": "gear_completion"
                },
                "count": {
                  "type": "uniform",
                  "min": 1,
                  "max": 1
                }
              }
            },
            {
              "weight": 16,
              "item": {
                "id": "the_vault:focus",
                "nbt": {
                  "the_vault:gear_roll_type_pool": "gear_completion"
                },
                "count": {
                  "type": "uniform",
                  "min": 1,
                  "max": 1
                }
              }
            }
          ]
        }
      ]
    },
    {
      "roll": {
        "type": "uniform",
        "min": 4,
        "max": 4
      },
      "pool": [
        {
          "weight": 1,
          "pool": [
            {
              "weight": 16,
              "item": {
                "id": "the_vault:sword",
                "nbt": {
                  "the_vault:gear_roll_type_pool": "gear_completion_crate_mono"
                },
                "count": {
                  "type": "uniform",
                  "min": 1,
                  "max": 1
                }
              }
            },
            {
              "weight": 16,
              "item": {
                "id": "the_vault:axe",
                "nbt": {
                  "the_vault:gear_roll_type_pool": "gear_completion_crate_mono"
                },
                "count": {
                  "type": "uniform",
                  "min": 1,
                  "max": 1
                }
              }
            },
            {
              "weight": 16,
              "item": {
                "id": "the_vault:helmet",
                "nbt": {
                  "the_vault:gear_roll_type_pool": "gear_completion_crate_mono"
                },
                "count": {
                  "type": "uniform",
                  "min": 1,
                  "max": 1
                }
              }
            },
            {
              "weight": 16,
              "item": {
                "id": "the_vault:chestplate",
                "nbt": {
                  "the_vault:gear_roll_type_pool": "gear_completion_crate_mono"
                },
                "count": {
                  "type": "uniform",
                  "min": 1,
                  "max": 1
                }
              }
            },
            {
              "weight": 16,
              "item": {
                "id": "the_vault:leggings",
                "nbt": {
                  "the_vault:gear_roll_type_pool": "gear_completion_crate_mono"
                },
                "count": {
                  "type": "uniform",
                  "min": 1,
                  "max": 1
                }
              }
            },
            {
              "weight": 16,
              "item": {
                "id": "the_vault:boots",
                "nbt": {
                  "the_vault:gear_roll_type_pool": "gear_completion_crate_mono"
                },
                "count": {
                  "type": "uniform",
                  "min": 1,
                  "max": 1
                }
              }
            },
            {
              "weight": 16,
              "item": {
                "id": "the_vault:shield",
                "nbt": {
                  "the_vault:gear_roll_type_pool": "gear_completion_crate_mono"
                },
                "count": {
                  "type": "uniform",
                  "min": 1,
                  "max": 1
                }
              }
            },
            {
              "weight": 16,
              "item": {
                "id": "the_vault:wand",
                "nbt": {
                  "the_vault:gear_roll_type_pool": "gear_completion_crate_mono"
                },
                "count": {
                  "type": "uniform",
                  "min": 1,
                  "max": 1
                }
              }
            },
            {
              "weight": 16,
              "item": {
                "id": "the_vault:focus",
                "nbt": {
                  "the_vault:gear_roll_type_pool": "gear_completion_crate_mono"
                },
                "count": {
                  "type": "uniform",
                  "min": 1,
                  "max": 1
                }
              }
            }
          ]
        }
      ]
    },
    {
      "roll": {
        "type": "uniform",
        "min": 2,
        "max": 2
      },
      "pool": [
        {
          "weight": 1,
          "pool": [
            {
              "weight": 32,
              "item": {
                "id": "the_vault:jewel",
                "nbt": {
                  "the_vault:gear_roll_type_pool": "jewel_completion"
                },
                "count": {
                  "type": "uniform",
                  "min": 1,
                  "max": 1
                }
              }
            }
          ]
        }
      ]
    }
  ]
}