{
    "parent": "izzy_vault:the_vault",
    "display": {
      "icon": {
        "item": "the_vault:unidentified_artifact"
      },
      "title": {"text": "Lost Knowledge"},
      "description": ["",{"text": "Soon to be found knowledge","italic": true},{"text": "\nFind a Unidentified Artifact"}],
      "frame": "challenge",
      "hidden": true
    },
    "criteria": {
      "craft_item": {
        "trigger": "minecraft:inventory_changed",
        "conditions": {
          "items": [
            {
              "items": [
                "the_vault:unidentified_artifact"
              ]
            }
          ]
        }
      }
    }
  }