{
  "modifierGroup": {
    "IMPLICIT": [
      { "attribute": "the_vault:durability",
        "group": "BaseDurability",
        "identifier": "the_vault:base_durability",
        "tiers": [
          {
            "minLevel": 0,
            "maxLevel": -1,
            "weight": 10,
            "value": {
              "min": 12000,
              "max": 18000,
              "step": 1
            }
          },
          {
            "minLevel": 50,
            "maxLevel": -1,
            "weight": 10,
            "value": {
              "min": 18001,
              "max": 24000,
              "step": 1
            }
          }
        ]
      },
      { "attribute": "the_vault:range",
        "group": "BaseRange",
        "identifier": "the_vault:base_range",
        "tiers": [
          {
            "minLevel": 0,
            "maxLevel": 24,
            "weight": 100,
            "value": {
              "min": 3.0,
              "max": 5.0,
              "step": 0.1
            }
          },
          {
            "minLevel": 13,
            "maxLevel": 37,
            "weight": 100,
            "value": {
              "min": 3.1,
              "max": 7.0,
              "step": 0.1
            }
          },
          {
            "minLevel": 25,
            "maxLevel": 50,
            "weight": 100,
            "value": {
              "min": 7.1,
              "max": 9.0,
              "step": 0.1
            }
          },
          {
            "minLevel": 38,
            "maxLevel": 64,
            "weight": 100,
            "value": {
              "min": 9.1,
              "max": 12.0,
              "step": 0.1
            }
          },
          {
            "minLevel": 51,
            "maxLevel": 75,
            "weight": 100,
            "value": {
              "min": 13.1,
              "max": 15.0,
              "step": 0.1
            }
          },
          {
            "minLevel": 65,
            "maxLevel": -1,
            "weight": 100,
            "value": {
              "min": 15.1,
              "max": 18.0,
              "step": 0.1
            }
          },
          {
            "minLevel": 76,
            "maxLevel": -1,
            "weight": 100,
            "value": {
              "min": 18.1,
              "max": 20.0,
              "step": 0.1
            }
          },
          {
            "minLevel": 99,
            "maxLevel": -1,
            "weight": 100,
            "value": {
              "min": 20.1,
              "max": 25.0,
              "step": 0.1
            }
          }
        ]
      },
      { "attribute": "the_vault:velocity",
        "group": "BaseVelocity",
        "identifier": "the_vault:base_velocity",
        "tiers": [
          {
            "minLevel": 0,
            "maxLevel": 29,
            "weight": 100,
            "value": {
              "min": 0.05,
              "max": 0.1,
              "step": 0.01
            }
          },
          {
            "minLevel": 30,
            "maxLevel": 49,
            "weight": 100,
            "value": {
              "min": 0.11,
              "max": 0.15,
              "step": 0.01
            }
          },
          {
            "minLevel": 50,
            "maxLevel": -1,
            "weight": 100,
            "value": {
              "min": 0.16,
              "max": 0.2,
              "step": 0.01
            }
          },
          {
            "minLevel": 85,
            "maxLevel": -1,
            "weight": 100,
            "value": {
              "min": 0.21,
              "max": 0.25,
              "step": 0.01
            }
          }
        ]
      },
      { "attribute": "the_vault:soulbound",
        "group": "BaseSoulbound",
        "identifier": "the_vault:base_soulbound",
        "tags": [
        ],
        "tiers": [
          {
            "minLevel": 0,
            "maxLevel": -1,
            "weight": 20,
            "value": {
              "flag": true
            }
          }
        ]
      },
      { "attribute": "the_vault:soulbound",
        "group": "BaseSoulbound",
        "identifier": "the_vault:base_no_soulbound",
        "tags": [
        ],
        "tiers": [
          {
            "minLevel": 0,
            "maxLevel": -1,
            "weight": 80,
            "value": {
              "flag": false
            }
          }
        ]
      }
    ],
    "PREFIX": [
      { "attribute": "the_vault:mining_speed",
        "group": "ModMiningSpeed",
        "identifier": "the_vault:mod_mining_speed",
        "tags": [
          "focusMiningSpeed"
        ],
        "tiers": [
          {
            "minLevel": 0,
            "maxLevel": -1,
            "weight": 100,
            "value": {
              "min": 3.0,
              "max": 8.0,
              "step": 0.1
            }
          },
          {
            "minLevel": 21,
            "maxLevel": -1,
            "weight": 100,
            "value": {
              "min": 8.1,
              "max": 12.0,
              "step": 0.1
            }
          },
          {
            "minLevel": 40,
            "maxLevel": -1,
            "weight": 100,
            "value": {
              "min": 12.1,
              "max": 20.0,
              "step": 0.1
            }
          },
          {
            "minLevel": 101,
            "maxLevel": -1,
            "weight": 100,
            "value": {
              "min": 20.1,
              "max": 30.0,
              "step": 0.1
            }
          },
          {
            "minLevel": 102,
            "maxLevel": -1,
            "weight": 100,
            "value": {
              "min": 30.1,
              "max": 40.0,
              "step": 0.1
            }
          }
        ]
      },
      { "attribute": "the_vault:range",
        "group": "ModRange",
        "identifier": "the_vault:mod_range",
        "tags": [
          "focusMagnetRange"
        ],
        "tiers": [
          {
            "minLevel": 0,
            "maxLevel": 55,
            "weight": 100,
            "value": {
              "min": 1.0,
              "max": 2.5,
              "step": 0.1
            }
          },
          {
            "minLevel": 19,
            "maxLevel": -1,
            "weight": 100,
            "value": {
              "min": 2.6,
              "max": 4.5,
              "step": 0.1
            }
          },
          {
            "minLevel": 45,
            "maxLevel": -1,
            "weight": 100,
            "value": {
              "min": 4.6,
              "max": 6.5,
              "step": 0.1
            }
          },
          {
            "minLevel": 70,
            "maxLevel": -1,
            "weight": 100,
            "value": {
              "min": 6.6,
              "max": 8.5,
              "step": 0.1
            }
          },
          {
            "minLevel": 88,
            "maxLevel": -1,
            "weight": 100,
            "value": {
              "min": 8.6,
              "max": 10.0,
              "step": 0.1
            }
          },
          {
            "minLevel": 101,
            "maxLevel": -1,
            "weight": 100,
            "value": {
              "min": 10.1,
              "max": 12.0,
              "step": 0.1
            }
          },
          {
            "minLevel": 102,
            "maxLevel": -1,
            "weight": 100,
            "value": {
              "min": 12.1,
              "max": 16.0,
              "step": 0.1
            }
          }
        ]
      },
      { "attribute": "the_vault:velocity",
        "group": "ModVelocity",
        "identifier": "the_vault:mod_velocity",
        "tags": [
          "focusMagnetVelocity"
        ],
        "tiers": [
          {
            "minLevel": 0,
            "maxLevel": 37,
            "weight": 100,
            "value": {
              "min": 0.01,
              "max": 0.03,
              "step": 0.01
            }
          },
          {
            "minLevel": 22,
            "maxLevel": 56,
            "weight": 100,
            "value": {
              "min": 0.04,
              "max": 0.06,
              "step": 0.01
            }
          },
          {
            "minLevel": 38,
            "maxLevel": -1,
            "weight": 100,
            "value": {
              "min": 0.07,
              "max": 0.09,
              "step": 0.01
            }
          },
          {
            "minLevel": 57,
            "maxLevel": -1,
            "weight": 100,
            "value": {
              "min": 0.11,
              "max": 0.13,
              "step": 0.01
            }
          },
          {
            "minLevel": 67,
            "maxLevel": -1,
            "weight": 100,
            "value": {
              "min": 0.14,
              "max": 0.16,
              "step": 0.01
            }
          },
          {
            "minLevel": 89,
            "maxLevel": -1,
            "weight": 100,
            "value": {
              "min": 0.17,
              "max": 0.19,
              "step": 0.01
            }
          },
          {
            "minLevel": 101,
            "maxLevel": -1,
            "weight": 100,
            "value": {
              "min": 0.2,
              "max": 0.24,
              "step": 0.01
            }
          },
          {
            "minLevel": 102,
            "maxLevel": -1,
            "weight": 100,
            "value": {
              "min": 0.25,
              "max": 0.3,
              "step": 0.01
            }
          }
        ]
      },
      { "attribute": "the_vault:reach",
        "group": "ModReach",
        "identifier": "the_vault:mod_reach",
        "tags": [
          "focusReach"
        ],
        "tiers": [
          {
            "minLevel": 0,
            "maxLevel": 42,
            "weight": 100,
            "value": {
              "min": 0.1,
              "max": 0.4,
              "step": 0.01
            }
          },
          {
            "minLevel": 30,
            "maxLevel": 77,
            "weight": 100,
            "value": {
              "min": 0.41,
              "max": 0.8,
              "step": 0.01
            }
          },
          {
            "minLevel": 43,
            "maxLevel": -1,
            "weight": 100,
            "value": {
              "min": 0.81,
              "max": 1.0,
              "step": 0.01
            }
          },
          {
            "minLevel": 62,
            "maxLevel": -1,
            "weight": 100,
            "value": {
              "min": 1.01,
              "max": 1.2,
              "step": 0.01
            }
          },
          {
            "minLevel": 78,
            "maxLevel": -1,
            "weight": 100,
            "value": {
              "min": 1.21,
              "max": 1.5,
              "step": 0.01
            }
          },
          {
            "minLevel": 101,
            "maxLevel": -1,
            "weight": 100,
            "value": {
              "min": 1.51,
              "max": 1.75,
              "step": 0.01
            }
          },
          {
            "minLevel": 102,
            "maxLevel": -1,
            "weight": 100,
            "value": {
              "min": 1.76,
              "max": 2.5,
              "step": 0.01
            }
          }
        ]
      },
      { "attribute": "the_vault:durability",
        "group": "ModDurability",
        "identifier": "the_vault:mod_durability",
        "tags": [
          "focusDurability"
        ],
        "tiers": [
          {
            "minLevel": 0,
            "maxLevel": -1,
            "weight": 100,
            "value": {
              "min": 3000,
              "max": 6000,
              "step": 1
            }
          },
          {
            "minLevel": 25,
            "maxLevel": -1,
            "weight": 100,
            "value": {
              "min": 6001,
              "max": 12000,
              "step": 1
            }
          },
          {
            "minLevel": 60,
            "maxLevel": -1,
            "weight": 100,
            "value": {
              "min": 12001,
              "max": 18000,
              "step": 1
            }
          },
          {
            "minLevel": 101,
            "maxLevel": -1,
            "weight": 100,
            "value": {
              "min": 18001,
              "max": 24000,
              "step": 1
            }
          },
          {
            "minLevel": 102,
            "maxLevel": -1,
            "weight": 100,
            "value": {
              "min": 24001,
              "max": 30000,
              "step": 1
            }
          }
        ]
      }
    ],
    "SUFFIX": [
      { "attribute": "the_vault:item_quantity",
        "group": "ModItemQuantity",
        "identifier": "the_vault:mod_item_quantity",
        "tags": [
          "focusItemQuantity"
        ],
        "tiers": [
          {
            "minLevel": 0,
            "maxLevel": -1,
            "weight": 100,
            "value": {
              "min": 0.03,
              "max": 0.05,
              "step": 0.01
            }
          },
          {
            "minLevel": 22,
            "maxLevel": -1,
            "weight": 100,
            "value": {
              "min": 0.06,
              "max": 0.08,
              "step": 0.01
            }
          },
          {
            "minLevel": 45,
            "maxLevel": -1,
            "weight": 100,
            "value": {
              "min": 0.09,
              "max": 0.11,
              "step": 0.01
            }
          },
          {
            "minLevel": 72,
            "maxLevel": -1,
            "weight": 100,
            "value": {
              "min": 0.12,
              "max": 0.13,
              "step": 0.01
            }
          },
          {
            "minLevel": 93,
            "maxLevel": -1,
            "weight": 100,
            "value": {
              "min": 0.14,
              "max": 0.15,
              "step": 0.01
            }
          },
          {
            "minLevel": 101,
            "maxLevel": -1,
            "weight": 100,
            "value": {
              "min": 0.16,
              "max": 0.17,
              "step": 0.01
            }
          },
          {
            "minLevel": 102,
            "maxLevel": -1,
            "weight": 100,
            "value": {
              "min": 0.18,
              "max": 0.2,
              "step": 0.01
            }
          }
        ]
      },
      { "attribute": "the_vault:item_rarity",
        "group": "ModItemRarity",
        "identifier": "the_vault:mod_item_rarity",
        "tags": [
          "focusItemRarity"
        ],
        "tiers": [
          {
            "minLevel": 0,
            "maxLevel": -1,
            "weight": 100,
            "value": {
              "min": 0.05,
              "max": 0.08,
              "step": 0.01
            }
          },
          {
            "minLevel": 25,
            "maxLevel": -1,
            "weight": 100,
            "value": {
              "min": 0.09,
              "max": 0.13,
              "step": 0.01
            }
          },
          {
            "minLevel": 51,
            "maxLevel": -1,
            "weight": 100,
            "value": {
              "min": 0.14,
              "max": 0.19,
              "step": 0.01
            }
          },
          {
            "minLevel": 78,
            "maxLevel": -1,
            "weight": 100,
            "value": {
              "min": 0.20,
              "max": 0.25,
              "step": 0.01
            }
          },
          {
            "minLevel": 95,
            "maxLevel": -1,
            "weight": 100,
            "value": {
              "min": 0.26,
              "max": 0.30,
              "step": 0.01
            }
          },
          {
            "minLevel": 101,
            "maxLevel": -1,
            "weight": 100,
            "value": {
              "min": 0.31,
              "max": 0.36,
              "step": 0.01
            }
          },
          {
            "minLevel": 102,
            "maxLevel": -1,
            "weight": 100,
            "value": {
              "min": 0.37,
              "max": 0.45,
              "step": 0.01
            }
          }
        ]
      },     
      { "attribute": "the_vault:copiously",
        "group": "ModCopiously",
        "identifier": "the_vault:copiously",
        "tags": [
          "focusCopiously"
        ],
        "tiers": [
          {
            "minLevel": 0,
            "maxLevel": 45,
            "weight": 100,
            "value": {
              "min": 0.01,
              "max": 0.05,
              "step": 0.001
            }
          },
          {
            "minLevel": 21,
            "maxLevel": 71,
            "weight": 100,
            "value": {
              "min": 0.06,
              "max": 0.1,
              "step": 0.001
            }
          },
          {
            "minLevel": 46,
            "maxLevel": -1,
            "weight": 100,
            "value": {
              "min": 0.11,
              "max": 0.15,
              "step": 0.001
            }
          },
          {
            "minLevel": 72,
            "maxLevel": -1,
            "weight": 100,
            "value": {
              "min": 0.16,
              "max": 0.2,
              "step": 0.001
            }
          },
          {
            "minLevel": 93,
            "maxLevel": -1,
            "weight": 100,
            "value": {
              "min": 0.21,
              "max": 0.25,
              "step": 0.001
            }
          },
          {
            "minLevel": 101,
            "maxLevel": -1,
            "weight": 100,
            "value": {
              "min": 0.26,
              "max": 0.3,
              "step": 0.001
            }
          },
          {
            "minLevel": 102,
            "maxLevel": -1,
            "weight": 100,
            "value": {
              "min": 0.31,
              "max": 0.4,
              "step": 0.001
            }
          }
        ]
      },
      { "attribute": "the_vault:soul_chance",
        "group": "ModSoulChance",
        "identifier": "the_vault:mod_soul_chance",
        "tags": [
          "focusSoulChance"
        ],
        "tiers": [
          {
            "minLevel": 22,
            "maxLevel": 65,
            "weight": 140,
            "value": {
              "min": 0.1,
              "max": 0.2,
              "step": 0.01
            }
          },
          {
            "minLevel": 44,
            "maxLevel": -1,
            "weight": 140,
            "value": {
              "min": 0.21,
              "max": 0.3,
              "step": 0.01
            }
          },
          {
            "minLevel": 66,
            "maxLevel": -1,
            "weight": 140,
            "value": {
              "min": 0.31,
              "max": 0.4,
              "step": 0.01
            }
          },
          {
            "minLevel": 87,
            "maxLevel": -1,
            "weight": 140,
            "value": {
              "min": 0.41,
              "max": 0.5,
              "step": 0.01
            }
          },
          {
            "minLevel": 101,
            "maxLevel": -1,
            "weight": 100,
            "value": {
              "min": 0.41,
              "max": 0.7,
              "step": 0.01
            }
          },
          {
            "minLevel": 102,
            "maxLevel": -1,
            "weight": 100,
            "value": {
              "min": 0.71,
              "max": 1.0,
              "step": 0.01
            }
          }
          
          
        ]
      },
      { "attribute": "the_vault:trap_disarming",
        "group": "ModTrapDisarming",
        "identifier": "the_vault:mod_trap_disarming",
        "tags": [
          "focusTrapDisarming"
        ],
        "tiers": [
          {
            "minLevel": 10,
            "maxLevel": -1,
            "weight": 100,
            "value": {
              "min": 0.05,
              "max": 0.08,
              "step": 0.01
            }
          },
          {
            "minLevel": 21,
            "maxLevel": -1,
            "weight": 100,
            "value": {
              "min": 0.09,
              "max": 0.12,
              "step": 0.01
            }
          },
          {
            "minLevel": 35,
            "maxLevel": -1,
            "weight": 100,
            "value": {
              "min": 0.13,
              "max": 0.16,
              "step": 0.01
            }
          },
          {
            "minLevel": 50,
            "maxLevel": -1,
            "weight": 100,
            "value": {
              "min": 0.17,
              "max": 0.2,
              "step": 0.01
            }
          },
          {
            "minLevel": 101,
            "maxLevel": -1,
            "weight": 100,
            "value": {
              "min": 0.21,
              "max": 0.3,
              "step": 0.01
            }
          },
          {
            "minLevel": 102,
            "maxLevel": -1,
            "weight": 100,
            "value": {
              "min": 0.31,
              "max": 0.4,
              "step": 0.01
            }
          }
        ]
      }
    ],
    "CRAFTED_PREFIX": [
      { "attribute": "the_vault:mining_speed",
        "group": "ModMiningSpeed",
        "identifier": "the_vault:crafted_mining_speed",
        "tags": [
          "focusMiningSpeed"
        ],
        "tiers": [
          {
            "minLevel": 0,
            "maxLevel": -1,
            "weight": 100,
            "value": {
              "min": 3.0,
              "max": 8.0,
              "step": 0.1
            }
          },
          {
            "minLevel": 21,
            "maxLevel": -1,
            "weight": 100,
            "value": {
              "min": 8.1,
              "max": 12.0,
              "step": 0.1
            }
          },
          {
            "minLevel": 40,
            "maxLevel": -1,
            "weight": 100,
            "value": {
              "min": 12.1,
              "max": 20.0,
              "step": 0.1
            }
          }
        ]
      },
      { "attribute": "the_vault:range",
        "group": "ModRange",
        "identifier": "the_vault:crafted_range",
        "tags": [
          "focusMagnetRange"
        ],
        "tiers": [
          {
            "minLevel": 0,
            "maxLevel": 55,
            "weight": 100,
            "value": {
              "min": 1.0,
              "max": 2.5,
              "step": 0.1
            }
          },
          {
            "minLevel": 19,
            "maxLevel": -1,
            "weight": 100,
            "value": {
              "min": 2.6,
              "max": 4.5,
              "step": 0.1
            }
          },
          {
            "minLevel": 45,
            "maxLevel": -1,
            "weight": 100,
            "value": {
              "min": 4.6,
              "max": 6.5,
              "step": 0.1
            }
          },
          {
            "minLevel": 70,
            "maxLevel": -1,
            "weight": 100,
            "value": {
              "min": 6.6,
              "max": 8.5,
              "step": 0.1
            }
          },
          {
            "minLevel": 88,
            "maxLevel": -1,
            "weight": 100,
            "value": {
              "min": 8.6,
              "max": 10.0,
              "step": 0.1
            }
          }
        ]
      },
      { "attribute": "the_vault:velocity",
        "group": "ModVelocity",
        "identifier": "the_vault:crafted_velocity",
        "tags": [
          "focusMagnetVelocity"
        ],
        "tiers": [
          {
            "minLevel": 0,
            "maxLevel": 37,
            "weight": 100,
            "value": {
              "min": 0.01,
              "max": 0.03,
              "step": 0.01
            }
          },
          {
            "minLevel": 22,
            "maxLevel": 56,
            "weight": 100,
            "value": {
              "min": 0.04,
              "max": 0.06,
              "step": 0.01
            }
          },
          {
            "minLevel": 38,
            "maxLevel": -1,
            "weight": 100,
            "value": {
              "min": 0.07,
              "max": 0.09,
              "step": 0.01
            }
          },
          {
            "minLevel": 57,
            "maxLevel": -1,
            "weight": 100,
            "value": {
              "min": 0.11,
              "max": 0.13,
              "step": 0.01
            }
          },
          {
            "minLevel": 67,
            "maxLevel": -1,
            "weight": 100,
            "value": {
              "min": 0.14,
              "max": 0.16,
              "step": 0.01
            }
          },
          {
            "minLevel": 89,
            "maxLevel": -1,
            "weight": 100,
            "value": {
              "min": 0.17,
              "max": 0.19,
              "step": 0.01
            }
          }
        ]
      },
      { "attribute": "the_vault:reach",
        "group": "ModReach",
        "identifier": "the_vault:crafted_reach",
        "tags": [
          "focusReach"
        ],
        "tiers": [
          {
            "minLevel": 0,
            "maxLevel": 42,
            "weight": 100,
            "value": {
              "min": 0.1,
              "max": 0.4,
              "step": 0.01
            }
          },
          {
            "minLevel": 30,
            "maxLevel": 77,
            "weight": 100,
            "value": {
              "min": 0.41,
              "max": 0.8,
              "step": 0.01
            }
          },
          {
            "minLevel": 43,
            "maxLevel": -1,
            "weight": 100,
            "value": {
              "min": 0.81,
              "max": 1.0,
              "step": 0.01
            }
          },
          {
            "minLevel": 62,
            "maxLevel": -1,
            "weight": 100,
            "value": {
              "min": 1.01,
              "max": 1.2,
              "step": 0.01
            }
          },
          {
            "minLevel": 78,
            "maxLevel": -1,
            "weight": 100,
            "value": {
              "min": 1.21,
              "max": 1.5,
              "step": 0.01
            }
          }
        ]
      },
      { "attribute": "the_vault:durability",
        "group": "ModDurability",
        "identifier": "the_vault:crafted_durability",
        "tags": [
          "focusDurability"
        ],
        "tiers": [
          {
            "minLevel": 0,
            "maxLevel": -1,
            "weight": 100,
            "value": {
              "min": 3000,
              "max": 6000,
              "step": 1
            }
          },
          {
            "minLevel": 25,
            "maxLevel": -1,
            "weight": 100,
            "value": {
              "min": 6001,
              "max": 12000,
              "step": 1
            }
          },
          {
            "minLevel": 60,
            "maxLevel": -1,
            "weight": 100,
            "value": {
              "min": 12001,
              "max": 18000,
              "step": 1
            }
          }
        ]
      }
    ],
    "CRAFTED_SUFFIX": [
      { "attribute": "the_vault:item_quantity",
        "group": "ModItemQuantity",
        "identifier": "the_vault:crafted_item_quantity",
        "tags": [
          "focusItemQuantity"
        ],
        "tiers": [
          {
            "minLevel": 0,
            "maxLevel": -1,
            "weight": 100,
            "value": {
              "min": 0.03,
              "max": 0.05,
              "step": 0.01
            }
          },
          {
            "minLevel": 22,
            "maxLevel": -1,
            "weight": 100,
            "value": {
              "min": 0.06,
              "max": 0.08,
              "step": 0.01
            }
          },
          {
            "minLevel": 45,
            "maxLevel": -1,
            "weight": 100,
            "value": {
              "min": 0.09,
              "max": 0.11,
              "step": 0.01
            }
          },
          {
            "minLevel": 72,
            "maxLevel": -1,
            "weight": 100,
            "value": {
              "min": 0.12,
              "max": 0.13,
              "step": 0.01
            }
          },
          {
            "minLevel": 93,
            "maxLevel": -1,
            "weight": 100,
            "value": {
              "min": 0.14,
              "max": 0.15,
              "step": 0.01
            }
          }
        ]
      },
      { "attribute": "the_vault:item_rarity",
        "group": "ModItemRarity",
        "identifier": "the_vault:crafted_item_rarity",
        "tags": [
          "focusItemRarity"
        ],
        "tiers": [
          {
            "minLevel": 0,
            "maxLevel": -1,
            "weight": 100,
            "value": {
              "min": 0.05,
              "max": 0.08,
              "step": 0.01
            }
          },
          {
            "minLevel": 25,
            "maxLevel": -1,
            "weight": 100,
            "value": {
              "min": 0.09,
              "max": 0.13,
              "step": 0.01
            }
          },
          {
            "minLevel": 51,
            "maxLevel": -1,
            "weight": 100,
            "value": {
              "min": 0.14,
              "max": 0.19,
              "step": 0.01
            }
          },
          {
            "minLevel": 78,
            "maxLevel": -1,
            "weight": 100,
            "value": {
              "min": 0.20,
              "max": 0.25,
              "step": 0.01
            }
          },
          {
            "minLevel": 95,
            "maxLevel": -1,
            "weight": 100,
            "value": {
              "min": 0.26,
              "max": 0.30,
              "step": 0.01
            }
          },
          {
            "minLevel": 101,
            "maxLevel": -1,
            "weight": 100,
            "value": {
              "min": 0.31,
              "max": 0.36,
              "step": 0.01
            }
          },
          {
            "minLevel": 102,
            "maxLevel": -1,
            "weight": 100,
            "value": {
              "min": 0.37,
              "max": 0.45,
              "step": 0.01
            }
          }
        ]
      },     


      { "attribute": "the_vault:copiously",
        "group": "ModCopiously",
        "identifier": "the_vault:crafted_copiously",
        "tags": [
          "focusCopiously"
        ],
        "tiers": [
          {
            "minLevel": 0,
            "maxLevel": 45,
            "weight": 100,
            "value": {
              "min": 0.01,
              "max": 0.05,
              "step": 0.001
            }
          },
          {
            "minLevel": 21,
            "maxLevel": 71,
            "weight": 100,
            "value": {
              "min": 0.06,
              "max": 0.1,
              "step": 0.001
            }
          },
          {
            "minLevel": 46,
            "maxLevel": -1,
            "weight": 100,
            "value": {
              "min": 0.11,
              "max": 0.15,
              "step": 0.001
            }
          },
          {
            "minLevel": 72,
            "maxLevel": -1,
            "weight": 100,
            "value": {
              "min": 0.16,
              "max": 0.2,
              "step": 0.001
            }
          },
          {
            "minLevel": 93,
            "maxLevel": -1,
            "weight": 100,
            "value": {
              "min": 0.21,
              "max": 0.25,
              "step": 0.001
            }
          }
        ]
      },
      { "attribute": "the_vault:soul_chance",
        "group": "ModSoulChance",
        "identifier": "the_vault:crafted_soul_chance",
        "tags": [
          "focusSoulChance"
        ],
        "tiers": [
          {
            "minLevel": 22,
            "maxLevel": 65,
            "weight": 140,
            "value": {
              "min": 0.1,
              "max": 0.2,
              "step": 0.01
            }
          },
          {
            "minLevel": 44,
            "maxLevel": -1,
            "weight": 140,
            "value": {
              "min": 0.21,
              "max": 0.3,
              "step": 0.01
            }
          },
          {
            "minLevel": 66,
            "maxLevel": -1,
            "weight": 140,
            "value": {
              "min": 0.31,
              "max": 0.4,
              "step": 0.01
            }
          },
          {
            "minLevel": 87,
            "maxLevel": -1,
            "weight": 140,
            "value": {
              "min": 0.41,
              "max": 0.5,
              "step": 0.01
            }
          }
          
          
        ]
      },
      { "attribute": "the_vault:trap_disarming",
        "group": "ModTrapDisarming",
        "identifier": "the_vault:crafted_trap_disarming",
        "tags": [
          "focusTrapDisarming"
        ],
        "tiers": [
          {
            "minLevel": 10,
            "maxLevel": -1,
            "weight": 100,
            "value": {
              "min": 0.05,
              "max": 0.08,
              "step": 0.01
            }
          },
          {
            "minLevel": 21,
            "maxLevel": -1,
            "weight": 100,
            "value": {
              "min": 0.09,
              "max": 0.12,
              "step": 0.01
            }
          },
          {
            "minLevel": 35,
            "maxLevel": -1,
            "weight": 100,
            "value": {
              "min": 0.13,
              "max": 0.16,
              "step": 0.01
            }
          },
          {
            "minLevel": 50,
            "maxLevel": -1,
            "weight": 100,
            "value": {
              "min": 0.17,
              "max": 0.2,
              "step": 0.01
            }
          }
        ]
      }
    ]
  }
}