{
	"credit": "Made with Blockbench",
	"texture": "the_vault:item/gear/trident/chicken.png",
	"textureSize": [
		32,
		32
	],
	"models": [
		{
			"part": "body",
			"id": "body",
			"invertAxis": "xy",
			"translate": [
				0,
				-27,
				0
			],
			"submodels": [
				{
					"id": "chicken",
					"invertAxis": "xy",
					"translate": [
						0,
						27,
						0
					],
					"boxes": [
						{
							"coordinates": [
								-2,
								0,
								-2,
								4,
								6,
								4
							],
							"textureOffset": [
								0,
								11
							]
						},
						{
							"coordinates": [
								-2.5,
								-13,
								-2,
								5,
								7,
								4
							],
							"textureOffset": [
								0,
								0
							]
						},
						{
							"coordinates": [
								2.5,
								-10,
								-1.5,
								1,
								4,
								3
							],
							"textureOffset": [
								19,
								20
							]
						},
						{
							"coordinates": [
								-3.5,
								-10,
								-1.5,
								1,
								4,
								3
							],
							"textureOffset": [
								18,
								0
							]
						},
						{
							"coordinates": [
								-1.5,
								-6,
								-1.5,
								3,
								6,
								3
							],
							"textureOffset": [
								16,
								8
							]
						},
						{
							"coordinates": [
								-0.5,
								6,
								-2,
								1,
								2,
								4
							],
							"textureOffset": [
								12,
								17
							]
						},
						{
							"coordinates": [
								-1.5,
								4.5,
								-3,
								1,
								1,
								1
							],
							"textureOffset": [
								4,
								21
							]
						},
						{
							"coordinates": [
								0.5,
								4.5,
								-3,
								1,
								1,
								1
							],
							"textureOffset": [
								18,
								19
							]
						},
						{
							"coordinates": [
								-0.5,
								-5.5,
								-2.5,
								1,
								1,
								1
							],
							"textureOffset": [
								14,
								2
							]
						},
						{
							"coordinates": [
								0.5,
								-6,
								-2.5,
								1,
								2,
								1
							],
							"textureOffset": [
								23,
								0
							]
						},
						{
							"coordinates": [
								-1.5,
								-6,
								-2.5,
								1,
								2,
								1
							],
							"textureOffset": [
								12,
								11
							]
						},
						{
							"coordinates": [
								-1,
								3.25,
								-3,
								2,
								1,
								1
							],
							"textureOffset": [
								18,
								17
							]
						},
						{
							"coordinates": [
								-1,
								0.25,
								-3,
								2,
								1,
								1
							],
							"textureOffset": [
								14,
								0
							]
						},
						{
							"coordinates": [
								0.25,
								1.25,
								-3,
								1,
								2,
								1
							],
							"textureOffset": [
								0,
								11
							]
						},
						{
							"coordinates": [
								-1.25,
								1.25,
								-3,
								1,
								2,
								1
							],
							"textureOffset": [
								0,
								0
							]
						},
						{
							"coordinates": [
								1,
								-19,
								-1,
								1,
								6,
								2
							],
							"textureOffset": [
								6,
								21
							]
						},
						{
							"coordinates": [
								-2,
								-19,
								-1,
								1,
								6,
								2
							],
							"textureOffset": [
								0,
								21
							]
						}
					]
				}
			]
		}
	]
}