{
  "tile_processors": [
    {
      "type": "weighted_target",
      "target": "minecraft:white_concrete",
      "output": {
        "the_vault:blue_puzzle_concrete": 32,
        "the_vault:yellow_puzzle_concrete": 26,
        "the_vault:pink_puzzle_concrete": 24,
        "the_vault:green_puzzle_concrete": 18
      }
    },
    {
      "type": "leveled",
      "levels": [
        {
          "level": 0,
          "type": "weighted_target",
          "target": "minecraft:command_block",
          "output": {
            "minecraft:command_block{ Command: \"/execute if blocks ~1 ~1 ~1 ~-1 ~1 ~-1 ~-1 ~3 ~-1 masked run fill ~2 ~3 ~2 ~-2 ~3 ~-2 the_vault:gilded_chest{LootTable:\\\"the_vault:gilded_chest_lvl0_v3\\\"}\" }": 1
          }
        },
        {
          "level": 20,
          "type": "weighted_target",
          "target": "minecraft:command_block",
          "output": {
            "minecraft:command_block{ Command: \"/execute if blocks ~1 ~1 ~1 ~-1 ~1 ~-1 ~-1 ~3 ~-1 masked run fill ~2 ~3 ~2 ~-2 ~3 ~-2 the_vault:gilded_chest{LootTable:\\\"the_vault:gilded_chest_lvl20_v3\\\"}\" }": 1
          }
        }
      ]
    }
  ],
  "entity_processors": [],
  "decorators": []
}