{
  "LEVELS": {
    "0": {
      "pool": [
        {
          "value": {
            "value": "@the_vault:horde",
            "amount": {
              "min": 5,
              "max": 12
            },
            "floorToNearestTen": false,
            "validDimensions": [],
            "vaultOnly": true,
            "rewardPool": "common"
          },
          "weight": 20
        },
        {
          "value": {
            "value": "@the_vault:assassin",
            "amount": {
              "min": 5,
              "max": 12
            },
            "floorToNearestTen": false,
            "validDimensions": [],
            "vaultOnly": true,
            "rewardPool": "common"
          },
          "weight": 20
        },
        {
          "value": {
            "value": "@the_vault:fighter",
            "amount": {
              "min": 5,
              "max": 12
            },
            "floorToNearestTen": false,
            "validDimensions": [],
            "vaultOnly": true,
            "rewardPool": "common"
          },
          "weight": 20
        },
        {
          "value": {
            "value": "@the_vault:fighter",
            "amount": {
              "min": 12,
              "max": 16
            },
            "floorToNearestTen": false,
            "validDimensions": [],
            "vaultOnly": true,
            "rewardPool": "rare"
          },
          "weight": 2
        }
      ]
    },
    "20": {
      "pool": [
        {
          "value": {
            "value": "@the_vault:assassin",
            "amount": {
              "min": 10,
              "max": 16
            },
            "floorToNearestTen": false,
            "validDimensions": [],
            "vaultOnly": true,
            "rewardPool": "common"
          },
          "weight": 20
        },
        {
          "value": {
            "value": "@the_vault:horde",
            "amount": {
              "min": 18,
              "max": 28
            },
            "floorToNearestTen": false,
            "validDimensions": [],
            "vaultOnly": true,
            "rewardPool": "common"
          },
          "weight": 20
        },
        {
          "value": {
            "value": "@the_vault:tank",
            "amount": {
              "min": 5,
              "max": 10
            },
            "floorToNearestTen": false,
            "validDimensions": [],
            "vaultOnly": true,
            "rewardPool": "rare"
          },
          "weight": 6
        },
        {
          "value": {
            "value": "@the_vault:fighter",
            "amount": {
              "min": 15,
              "max": 25
            },
            "floorToNearestTen": false,
            "validDimensions": [],
            "vaultOnly": true,
            "rewardPool": "common"
          },
          "weight": 20
        },
        {
          "value": {
            "value": "@the_vault:horde",
            "amount": {
              "min": 28,
              "max": 38
            },
            "floorToNearestTen": false,
            "validDimensions": [],
            "vaultOnly": true,
            "rewardPool": "rare"
          },
          "weight": 3
        },
        {
          "value": {
            "value": "@the_vault:fighter",
            "amount": {
              "min": 23,
              "max": 32
            },
            "floorToNearestTen": false,
            "validDimensions": [],
            "vaultOnly": true,
            "rewardPool": "rare"
          },
          "weight": 3
        },
        {
          "value": {
            "value": "@the_vault:dungeon",
            "amount": {
              "min": 16,
              "max": 24
            },
            "floorToNearestTen": false,
            "validDimensions": [],
            "vaultOnly": true,
            "rewardPool": "rare"
          },
          "weight": 4
        }
      ]
    },
    "50": {
      "pool": [
        {
          "value": {
            "value": "@the_vault:assassin",
            "amount": {
              "min": 18,
              "max": 30
            },
            "floorToNearestTen": false,
            "validDimensions": [],
            "vaultOnly": true,
            "rewardPool": "common"
          },
          "weight": 20
        },
        {
          "value": {
            "value": "@the_vault:horde",
            "amount": {
              "min": 34,
              "max": 48
            },
            "floorToNearestTen": false,
            "validDimensions": [],
            "vaultOnly": true,
            "rewardPool": "common"
          },
          "weight": 20
        },
        {
          "value": {
            "value": "@the_vault:tank",
            "amount": {
              "min": 10,
              "max": 19
            },
            "floorToNearestTen": false,
            "validDimensions": [],
            "vaultOnly": true,
            "rewardPool": "rare"
          },
          "weight": 6
        },
        {
          "value": {
            "value": "@the_vault:fighter",
            "amount": {
              "min": 22,
              "max": 34
            },
            "floorToNearestTen": false,
            "validDimensions": [],
            "vaultOnly": true,
            "rewardPool": "common"
          },
          "weight": 20
        },
        {
          "value": {
            "value": "@the_vault:assassin",
            "amount": {
              "min": 36,
              "max": 48
            },
            "floorToNearestTen": false,
            "validDimensions": [],
            "vaultOnly": true,
            "rewardPool": "rare"
          },
          "weight": 3
        },
        {
          "value": {
            "value": "@the_vault:horde",
            "amount": {
              "min": 50,
              "max": 68
            },
            "floorToNearestTen": false,
            "validDimensions": [],
            "vaultOnly": true,
            "rewardPool": "rare"
          },
          "weight": 3
        },
        {
          "value": {
            "value": "@the_vault:fighter",
            "amount": {
              "min": 34,
              "max": 54
            },
            "floorToNearestTen": false,
            "validDimensions": [],
            "vaultOnly": true,
            "rewardPool": "rare"
          },
          "weight": 3
        },
        {
          "value": {
            "value": "minecraft:wither",
            "amount": {
              "min": 1,
              "max": 2
            },
            "floorToNearestTen": false,
            "validDimensions": [
              "minecraft:overworld"
            ],
            "vaultOnly": false,
            "rewardPool": "rare"
          },
          "weight": 1
        },
        {
          "value": {
            "value": "minecraft:ghast",
            "amount": {
              "min": 1,
              "max": 2
            },
            "floorToNearestTen": false,
            "validDimensions": [
              "minecraft:overworld"
            ],
            "vaultOnly": false,
            "rewardPool": "rare"
          },
          "weight": 1
        },
        {
          "value": {
            "value": "minecraft:elder_guardian",
            "amount": {
              "min": 1,
              "max": 2
            },
            "floorToNearestTen": false,
            "validDimensions": [
              "minecraft:overworld"
            ],
            "vaultOnly": false,
            "rewardPool": "rare"
          },
          "weight": 1
        },
        {
          "value": {
            "value": "@the_vault:dungeon",
            "amount": {
              "min": 18,
              "max": 28
            },
            "floorToNearestTen": false,
            "validDimensions": [],
            "vaultOnly": true,
            "rewardPool": "rare"
          },
          "weight": 4
        }
      ]
    },
    "65": {
      "pool": [
        {
          "value": {
            "value": "@the_vault:assassin",
            "amount": {
              "min": 28,
              "max": 40
            },
            "floorToNearestTen": false,
            "validDimensions": [],
            "vaultOnly": true,
            "rewardPool": "common"
          },
          "weight": 20
        },
        {
          "value": {
            "value": "@the_vault:horde",
            "amount": {
              "min": 48,
              "max": 60
            },
            "floorToNearestTen": false,
            "validDimensions": [],
            "vaultOnly": true,
            "rewardPool": "common"
          },
          "weight": 20
        },
        {
          "value": {
            "value": "@the_vault:tank",
            "amount": {
              "min": 16,
              "max": 24
            },
            "floorToNearestTen": false,
            "validDimensions": [],
            "vaultOnly": true,
            "rewardPool": "rare"
          },
          "weight": 6
        },
        {
          "value": {
            "value": "@the_vault:fighter",
            "amount": {
              "min": 32,
              "max": 42
            },
            "floorToNearestTen": false,
            "validDimensions": [],
            "vaultOnly": true,
            "rewardPool": "common"
          },
          "weight": 20
        },
        {
          "value": {
            "value": "@the_vault:assassin",
            "amount": {
              "min": 48,
              "max": 60
            },
            "floorToNearestTen": false,
            "validDimensions": [],
            "vaultOnly": true,
            "rewardPool": "rare"
          },
          "weight": 3
        },
        {
          "value": {
            "value": "@the_vault:horde",
            "amount": {
              "min": 68,
              "max": 80
            },
            "floorToNearestTen": false,
            "validDimensions": [],
            "vaultOnly": true,
            "rewardPool": "rare"
          },
          "weight": 3
        },
        {
          "value": {
            "value": "@the_vault:fighter",
            "amount": {
              "min": 40,
              "max": 60
            },
            "floorToNearestTen": false,
            "validDimensions": [],
            "vaultOnly": true,
            "rewardPool": "rare"
          },
          "weight": 3
        },
        {
          "value": {
            "value": "minecraft:wither",
            "amount": {
              "min": 1,
              "max": 2
            },
            "floorToNearestTen": false,
            "validDimensions": [
              "minecraft:overworld"
            ],
            "vaultOnly": false,
            "rewardPool": "rare"
          },
          "weight": 1
        },
        {
          "value": {
            "value": "minecraft:ghast",
            "amount": {
              "min": 1,
              "max": 2
            },
            "floorToNearestTen": false,
            "validDimensions": [
              "minecraft:overworld"
            ],
            "vaultOnly": false,
            "rewardPool": "rare"
          },
          "weight": 1
        },
        {
          "value": {
            "value": "minecraft:elder_guardian",
            "amount": {
              "min": 1,
              "max": 2
            },
            "floorToNearestTen": false,
            "validDimensions": [
              "minecraft:overworld"
            ],
            "vaultOnly": false,
            "rewardPool": "rare"
          },
          "weight": 1
        },
        {
          "value": {
            "value": "@the_vault:dungeon",
            "amount": {
              "min": 24,
              "max": 32
            },
            "floorToNearestTen": false,
            "validDimensions": [],
            "vaultOnly": true,
            "rewardPool": "rare"
          },
          "weight": 4
        }
      ]
    }
  }
}