{
	"credit": "Made with Blockbench",
	"texture_size": [64, 64],
	"textures": {
		"0": "the_vault:block/black_market",
		"1": "the_vault:block/black_market_cloth",
		"particle": "black_market"
	},
	"display": {
		"thirdperson_righthand": {
			"rotation": [75, 45, 0],
			"translation": [0, 2.5, 0],
			"scale": [0.375, 0.375, 0.375]
		},
		"thirdperson_lefthand": {
			"rotation": [75, 45, 0],
			"translation": [0, 2.5, 0],
			"scale": [0.375, 0.375, 0.375]
		},
		"firstperson_righthand": {
			"rotation": [0, 45, 0],
			"scale": [0.4, 0.4, 0.4]
		},
		"firstperson_lefthand": {
			"rotation": [0, 225, 0],
			"scale": [0.4, 0.4, 0.4]
		},
		"ground": {
			"translation": [0, 3, 0],
			"scale": [0.25, 0.25, 0.25]
		},
		"gui": {
			"rotation": [30, 225, 0],
			"scale": [0.625, 0.625, 0.625]
		},
		"head": {
			"rotation": [0, 180, 0],
			"translation": [0, 14.25, 0]
		},
		"fixed": {
			"scale": [0.5, 0.5, 0.5]
		}
	},
	"elements": [
		{
			"from": [1, 0, 1],
			"to": [15, 3, 15],
			"faces": {
				"north": {"uv": [0, 0, 3.5, 0.75], "rotation": 180, "texture": "#0"},
				"east": {"uv": [0, 0, 3.5, 0.75], "texture": "#0"},
				"south": {"uv": [0, 0, 3.5, 0.75], "texture": "#0"},
				"west": {"uv": [4, 4, 7.5, 4.75], "texture": "#0"},
				"up": {"uv": [4, 0, 7.5, 3.5], "texture": "#0"},
				"down": {"uv": [4, 0, 7.5, 3.5], "texture": "#0"}
			}
		},
		{
			"from": [2, 3, 2],
			"to": [14, 4, 14],
			"faces": {
				"north": {"uv": [4.25, 3.75, 7.25, 4], "texture": "#0"},
				"east": {"uv": [4.25, 3.75, 7.25, 4], "texture": "#0"},
				"south": {"uv": [4.25, 3.75, 7.25, 4], "texture": "#0"},
				"west": {"uv": [4.25, 3.75, 7.25, 4], "texture": "#0"},
				"up": {"uv": [4.25, 0.25, 7.25, 3.25], "texture": "#0"},
				"down": {"uv": [4.25, 0.25, 7.25, 3.25], "texture": "#0"}
			}
		},
		{
			"from": [1, 4, 1],
			"to": [15, 5, 15],
			"faces": {
				"north": {"uv": [4, 3.5, 7.5, 3.75], "texture": "#0"},
				"east": {"uv": [4, 3.5, 7.5, 3.75], "texture": "#0"},
				"south": {"uv": [4, 3.5, 7.5, 3.75], "texture": "#0"},
				"west": {"uv": [4, 3.5, 7.5, 3.75], "texture": "#0"},
				"up": {"uv": [4, 0, 7.5, 3.5], "rotation": 180, "texture": "#0"},
				"down": {"uv": [4, 0, 7.5, 3.5], "texture": "#0"}
			}
		},
		{
			"from": [12, 5, 2],
			"to": [14, 8, 4],
			"faces": {
				"north": {"uv": [8, 0, 8.5, 0.75], "texture": "#0"},
				"east": {"uv": [7.5, 0, 8, 0.75], "texture": "#0"},
				"south": {"uv": [8, 0, 8.5, 0.75], "texture": "#0"},
				"west": {"uv": [7.5, 0, 8, 0.75], "texture": "#0"},
				"up": {"uv": [7.5, 0.75, 8, 1.25], "texture": "#0"},
				"down": {"uv": [7.5, 0.75, 8, 1.25], "texture": "#0"}
			}
		},
		{
			"from": [12, 5, 12],
			"to": [14, 8, 14],
			"faces": {
				"north": {"uv": [7.5, 0, 8, 0.75], "texture": "#0"},
				"east": {"uv": [8, 0, 8.5, 0.75], "texture": "#0"},
				"south": {"uv": [7.5, 0, 8, 0.75], "texture": "#0"},
				"west": {"uv": [8, 0, 8.5, 0.75], "texture": "#0"},
				"up": {"uv": [7.5, 0.75, 8, 1.25], "texture": "#0"},
				"down": {"uv": [7.5, 0.75, 8, 1.25], "texture": "#0"}
			}
		},
		{
			"from": [2, 5, 12],
			"to": [4, 8, 14],
			"faces": {
				"north": {"uv": [8, 0, 8.5, 0.75], "texture": "#0"},
				"east": {"uv": [7.5, 0, 8, 0.75], "texture": "#0"},
				"south": {"uv": [8, 0, 8.5, 0.75], "texture": "#0"},
				"west": {"uv": [7.5, 0, 8, 0.75], "texture": "#0"},
				"up": {"uv": [7.5, 0.75, 8, 1.25], "texture": "#0"},
				"down": {"uv": [7.5, 0.75, 8, 1.25], "texture": "#0"}
			}
		},
		{
			"from": [2, 5, 2],
			"to": [4, 8, 4],
			"faces": {
				"north": {"uv": [7.5, 0, 8, 0.75], "texture": "#0"},
				"east": {"uv": [8, 0, 8.5, 0.75], "texture": "#0"},
				"south": {"uv": [7.5, 0, 8, 0.75], "texture": "#0"},
				"west": {"uv": [8, 0, 8.5, 0.75], "texture": "#0"},
				"up": {"uv": [7.5, 0.75, 8, 1.25], "texture": "#0"},
				"down": {"uv": [7.5, 0.75, 8, 1.25], "texture": "#0"}
			}
		},
		{
			"from": [0, 8, 0],
			"to": [16, 10, 16],
			"faces": {
				"north": {"uv": [0, 4, 4, 4.5], "texture": "#0"},
				"east": {"uv": [0, 4, 4, 4.5], "texture": "#0"},
				"south": {"uv": [0, 4, 4, 4.5], "texture": "#0"},
				"west": {"uv": [0, 4, 4, 4.5], "texture": "#0"},
				"up": {"uv": [0, 0, 4, 4], "rotation": 180, "texture": "#0"},
				"down": {"uv": [0, 0, 4, 4], "texture": "#0"}
			}
		},
		{
			"from": [-0.05, 10.01, -0.05],
			"to": [16.05, 10.01, 16.05],
			"faces": {
				"north": {"uv": [0, 0, 4.025, 0], "texture": "#1"},
				"east": {"uv": [0, 0, 4.025, 0], "texture": "#1"},
				"south": {"uv": [0, 0, 4.025, 0], "texture": "#1"},
				"west": {"uv": [0, 0, 4.025, 0], "texture": "#1"},
				"up": {"uv": [0, 0, 8.025, 8.025], "texture": "#1"},
				"down": {"uv": [0, 0, 8.025, 8.025], "texture": "#1"}
			}
		},
		{
			"from": [3, 5.01, -0.05],
			"to": [13, 10.01, -0.05],
			"faces": {
				"north": {"uv": [11, 0, 16, 2.5], "texture": "#1"},
				"east": {"uv": [0, 0, 0, 1.25], "texture": "#1"},
				"south": {"uv": [11, 0, 16, 2.5], "texture": "#1"},
				"west": {"uv": [0, 0, 0, 1.25], "texture": "#1"},
				"up": {"uv": [0, 0, 2, 0], "texture": "#1"},
				"down": {"uv": [0, 0, 2, 0], "texture": "#1"}
			}
		},
		{
			"from": [3, 5.01, 16.05],
			"to": [13, 10.01, 16.05],
			"faces": {
				"north": {"uv": [11, 0, 16, 2.5], "texture": "#1"},
				"east": {"uv": [0, 0, 0, 1.25], "texture": "#1"},
				"south": {"uv": [11, 0, 16, 2.5], "texture": "#1"},
				"west": {"uv": [0, 0, 0, 1.25], "texture": "#1"},
				"up": {"uv": [0, 0, 2, 0], "texture": "#1"},
				"down": {"uv": [0, 0, 2, 0], "texture": "#1"}
			}
		},
		{
			"from": [-0.05, 5.01, 3],
			"to": [-0.05, 10.01, 13],
			"faces": {
				"north": {"uv": [0, 0, 0, 1.25], "texture": "#1"},
				"east": {"uv": [11, 0, 16, 2.5], "texture": "#1"},
				"south": {"uv": [0, 0, 0, 1.25], "texture": "#1"},
				"west": {"uv": [11, 0, 16, 2.5], "texture": "#1"},
				"up": {"uv": [0, 0, 0, 2.5], "texture": "#1"},
				"down": {"uv": [0, 0, 0, 2.5], "texture": "#1"}
			}
		},
		{
			"from": [16.05, 5.01, 3],
			"to": [16.05, 10.01, 13],
			"faces": {
				"north": {"uv": [0, 0, 0, 1.25], "texture": "#1"},
				"east": {"uv": [11, 0, 16, 2.5], "texture": "#1"},
				"south": {"uv": [0, 0, 0, 1.25], "texture": "#1"},
				"west": {"uv": [11, 0, 16, 2.5], "texture": "#1"},
				"up": {"uv": [0, 0, 0, 2.5], "texture": "#1"},
				"down": {"uv": [0, 0, 0, 2.5], "texture": "#1"}
			}
		}
	]
}