{
	"credit": "Made with Blockbench",
	"texture_size": [64, 64],
	"textures": {
		"0": "the_vault:block/demagnetizer",
		"particle": "the_vault:block/demagnetizer"
	},
    "display": {
        "gui": {
            "rotation": [30, 225, 0],
            "translation": [0, 0, 0],
            "scale": [0.625, 0.625, 0.625]
        },
        "ground": {
            "rotation": [0, 0, 0],
            "translation": [0, 3, 0],
            "scale": [0.25, 0.25, 0.25]
        },
        "fixed": {
            "rotation": [0, 0, 0],
            "translation": [0, 0, 0],
            "scale": [1, 1, 1]
        },
        "head": {
            "rotation": [0, 180, 0],
            "translation": [0, 0, 0],
            "scale": [1, 1, 1]
        },
        "firstperson_righthand": {
            "rotation": [0, 135, 0],
            "translation": [0, 2.5, 0],
            "scale": [0.4, 0.4, 0.4]
        },
        "thirdperson_righthand": {
            "rotation": [75, 135, 0],
            "translation": [0, 2.5, 0],
            "scale": [0.375, 0.375, 0.375]
        }
    },
	"elements": [
		{
			"from": [0, 0, 0],
			"to": [16, 4, 16],
			"faces": {
				"north": {"uv": [0, 8, 4, 9], "texture": "#0"},
				"east": {"uv": [0, 8, 4, 9], "texture": "#0"},
				"south": {"uv": [0, 8, 4, 9], "texture": "#0"},
				"west": {"uv": [0, 8, 4, 9], "texture": "#0"},
				"up": {"uv": [0, 4, 4, 8], "rotation": 180, "texture": "#0"},
				"down": {"uv": [0, 0, 4, 4], "texture": "#0"}
			}
		},
		{
			"from": [5, 4, 5],
			"to": [11, 7, 11],
			"faces": {
				"north": {"uv": [9, 2, 10.5, 2.75], "texture": "#0"},
				"east": {"uv": [9, 2, 10.5, 2.75], "texture": "#0"},
				"south": {"uv": [9, 2, 10.5, 2.75], "texture": "#0"},
				"west": {"uv": [9, 2, 10.5, 2.75], "texture": "#0"},
				"up": {"uv": [9, 0.5, 10.5, 2], "rotation": 180, "texture": "#0"},
				"down": {"uv": [9, 0.5, 10.5, 2], "texture": "#0"}
			}
		},
		{
			"from": [2, 7, 2],
			"to": [14, 9, 14],
			"faces": {
				"north": {"uv": [7, 0, 10, 0.5], "texture": "#0"},
				"east": {"uv": [7, 0, 10, 0.5], "texture": "#0"},
				"south": {"uv": [7, 0, 10, 0.5], "texture": "#0"},
				"west": {"uv": [7, 0, 10, 0.5], "texture": "#0"},
				"up": {"uv": [4, 0, 7, 3], "texture": "#0"},
				"down": {"uv": [4, 3, 7, 6], "texture": "#0"}
			}
		},
		{
			"from": [2, 10, 2],
			"to": [14, 11, 14],
			"faces": {
				"north": {"uv": [10, 0, 13, 0.25], "texture": "#0"},
				"east": {"uv": [10, 0, 13, 0.25], "texture": "#0"},
				"south": {"uv": [10, 0, 13, 0.25], "texture": "#0"},
				"west": {"uv": [10, 0, 13, 0.25], "texture": "#0"},
				"up": {"uv": [4, 0, 7, 3], "texture": "#0"},
				"down": {"uv": [4, 3, 7, 6], "texture": "#0"}
			}
		},
		{
			"from": [4, 9, 4],
			"to": [12, 16, 12],
			"faces": {
				"north": {"uv": [7, 2.5, 9, 4.25], "texture": "#0"},
				"east": {"uv": [7, 2.5, 9, 4.25], "texture": "#0"},
				"south": {"uv": [7, 2.5, 9, 4.25], "texture": "#0"},
				"west": {"uv": [7, 2.5, 9, 4.25], "texture": "#0"},
				"up": {"uv": [7, 0.5, 9, 2.5], "texture": "#0"},
				"down": {"uv": [7, 0.5, 9, 2.5], "texture": "#0"}
			}
		}
	]
}