{
    "parent": "izzy_vault:materials/vault_essence",
    "display": {
      "icon": {
        "item": "the_vault:red_vault_essence"
      },
      "title": {"text": "Red Makes it Go Fast"},
      "description": {"text": "Craft Red Vault Essence"}
    },
    "criteria": {
      "craft_item": {
        "trigger": "minecraft:inventory_changed",
        "conditions": {
          "items": [
            {
              "items": [
                "the_vault:red_vault_essence"
              ]
            }
          ]
        }
      }
    }
  }