{
  "tile_processors": [
    {
      "type": "weighted_target",
      "target": "minecraft:stone",
      "output": {
        "the_vault:idona_dark_smooth_brick": 9,
        "the_vault:idona_light_smooth_brick": 4
      }
    },
    {
      "type": "weighted_target",
      "target": "minecraft:dripstone_block",
      "output": {
        "the_vault:idona_gem_block": 1
      }
    },
    {
      "type": "weighted_target",
      "target": "minecraft:red_sand",
      "output": {
        "tropicraft:volcanic_sand": 1
      }
    },
    {
      "type": "weighted_target",
      "target": "minecraft:sand",
      "output": {
        "minecraft:red_sand": 1
      }
    },
    {
      "type": "weighted_target",
      "target": "minecraft:water",
      "output": {
        "auxiliaryblocks:red_water": 1
      }
    },
    {
      "type": "reference",
      "id": "the_vault:gate_lock/base"
    }
  ],
  "entity_processors": [],
  "decorators": []
}