{
  "tile_processors": [
    {
      "type": "weighted_target",
      "target": "minecraft:stone",
      "output": {
        "the_vault:tenos_dark_smooth_brick": 9,
        "the_vault:tenos_light_smooth_brick": 4
      }
    },
    {
      "type": "weighted_target",
      "target": "minecraft:dripstone_block",
      "output": {
        "the_vault:tenos_gem_block": 1
      }
    },
    {
      "type": "weighted_target",
      "target": "minecraft:water",
      "output": {
        "auxiliaryblocks:cyan_water": 1
      }
    },
    {
      "type": "reference",
      "id": "the_vault:gate_lock/base"
    }
  ],
  "entity_processors": [],
  "decorators": []
}