[
    {
      "weight": 1,
      "value": {
        "template": "the_vault:empty",
        "palettes": []
      }
    },
    {
      "weight": 4,
      "pool": [
        {
          "weight": 1,
          "value": {
            "template": "the_vault:vault/decor/raw/farm/flower1",
            "palettes": []
          }
        },
        {
            "weight": 1,
            "value": {
              "template": "the_vault:vault/decor/raw/farm/flower2",
              "palettes": []
            }
          },
          {
            "weight": 1,
            "value": {
              "template": "the_vault:vault/decor/raw/farm/flower3",
              "palettes": []
            }
          },
          {
            "weight": 1,
            "value": {
              "template": "the_vault:vault/decor/raw/farm/flower4",
              "palettes": []
            }
          },
          {
            "weight": 1,
            "value": {
              "template": "the_vault:vault/decor/raw/farm/flower5",
              "palettes": []
            }
          },
          {
            "weight": 1,
            "value": {
              "template": "the_vault:vault/decor/raw/farm/flower6",
              "palettes": []
            }
          },
          {
            "weight": 1,
            "value": {
              "template": "the_vault:vault/decor/raw/farm/flower7",
              "palettes": []
            }
          }
      ]
    }
  ]