{
    "parent": "izzy_vault:objectives/scav_altar",
    "display": {
      "icon": {
        "item": "the_vault:vault_crate_scavenger"
      },
      "title": {"text": "Hunting for Loot"},
      "description": ["",{"text": "It's a bit monster-ry","italic": true},{"text": "\nOpen a Scavenger Crate after Completing a Scavenger Vault"}],
      "frame": "challenge",
      "hidden": true
    },
    "criteria": {
      "crake_place": {
        "trigger": "minecraft:placed_block",
        "conditions": {
          "block": "the_vault:vault_crate_scavenger"
        }
      },
      "altar": {
        "trigger": "minecraft:item_used_on_block",
        "conditions": {
          "location": {
            "block": {
              "blocks": [
                "the_vault:scavenger_altar"
              ]
            }
          },
          "item": {
            "tag": "the_vault:scavenger_item"
          }
        }
      }
    },
    "requirements": [
        ["crake_place"],
        ["altar"]
    ]
  }

