{
	"credit": "Made with Blockbench",
	"texture_size": [64, 64],
	"textures": {
		"0": "the_vault:block/scavenger_altar",
		"particle": "the_vault:block/scavenger_altar"
	},
	"elements": [
		{
			"from": [0, 0, 0],
			"to": [16, 2, 16],
			"faces": {
				"north": {"uv": [4, 4, 8, 4.5], "texture": "#0"},
				"east": {"uv": [4, 4, 8, 4.5], "texture": "#0"},
				"south": {"uv": [4, 4, 8, 4.5], "texture": "#0"},
				"west": {"uv": [4, 4, 8, 4.5], "texture": "#0"},
				"up": {"uv": [4, 0, 8, 4], "texture": "#0"},
				"down": {"uv": [0, 6, 4, 10], "texture": "#0"}
			}
		},
		{
			"from": [2, 2, 2],
			"to": [14, 3, 14],
			"faces": {
				"north": {"uv": [10.5, 3, 13.5, 3.25], "texture": "#0"},
				"east": {"uv": [10.5, 3, 13.5, 3.25], "texture": "#0"},
				"south": {"uv": [10.5, 3, 13.5, 3.25], "texture": "#0"},
				"west": {"uv": [10.5, 3, 13.5, 3.25], "texture": "#0"},
				"up": {"uv": [10.5, 0, 13.5, 3], "texture": "#0"},
				"down": {"uv": [10.5, 0, 13.5, 3], "texture": "#0"}
			}
		},
		{
			"from": [3, 3, 3],
			"to": [13, 4, 13],
			"faces": {
				"north": {"uv": [8, 2.5, 10.5, 2.75], "texture": "#0"},
				"east": {"uv": [8, 2.5, 10.5, 2.75], "texture": "#0"},
				"south": {"uv": [8, 2.5, 10.5, 2.75], "texture": "#0"},
				"west": {"uv": [8, 2.5, 10.5, 2.75], "texture": "#0"},
				"up": {"uv": [8, 0, 10.5, 2.5], "texture": "#0"},
				"down": {"uv": [8, 2.75, 10.5, 5.25], "texture": "#0"}
			}
		},
		{
			"from": [1, 1, 1],
			"to": [5, 4, 5],
			"faces": {
				"north": {"uv": [6, 5.5, 7, 6.25], "texture": "#0"},
				"east": {"uv": [6, 5.5, 7, 6.25], "texture": "#0"},
				"south": {"uv": [6, 5.5, 7, 6.25], "texture": "#0"},
				"west": {"uv": [6, 5.5, 7, 6.25], "texture": "#0"},
				"up": {"uv": [6, 4.5, 7, 5.5], "texture": "#0"},
				"down": {"uv": [6, 6.25, 7, 7.25], "texture": "#0"}
			}
		},
		{
			"from": [1, 1, 11],
			"to": [5, 4, 15],
			"faces": {
				"north": {"uv": [6, 5.5, 7, 6.25], "texture": "#0"},
				"east": {"uv": [6, 5.5, 7, 6.25], "texture": "#0"},
				"south": {"uv": [6, 5.5, 7, 6.25], "texture": "#0"},
				"west": {"uv": [6, 5.5, 7, 6.25], "texture": "#0"},
				"up": {"uv": [6, 4.5, 7, 5.5], "texture": "#0"},
				"down": {"uv": [6, 6.25, 7, 7.25], "texture": "#0"}
			}
		},
		{
			"from": [11, 1, 11],
			"to": [15, 4, 15],
			"faces": {
				"north": {"uv": [6, 5.5, 7, 6.25], "texture": "#0"},
				"east": {"uv": [6, 5.5, 7, 6.25], "texture": "#0"},
				"south": {"uv": [6, 5.5, 7, 6.25], "texture": "#0"},
				"west": {"uv": [6, 5.5, 7, 6.25], "texture": "#0"},
				"up": {"uv": [6, 4.5, 7, 5.5], "texture": "#0"},
				"down": {"uv": [6, 6.25, 7, 7.25], "texture": "#0"}
			}
		},
		{
			"from": [1, 10, 1],
			"to": [5, 13, 5],
			"faces": {
				"north": {"uv": [6, 5.5, 7, 6.25], "texture": "#0"},
				"east": {"uv": [6, 5.5, 7, 6.25], "texture": "#0"},
				"south": {"uv": [6, 5.5, 7, 6.25], "texture": "#0"},
				"west": {"uv": [6, 5.5, 7, 6.25], "texture": "#0"},
				"up": {"uv": [6, 4.5, 7, 5.5], "texture": "#0"},
				"down": {"uv": [6, 6.25, 7, 7.25], "texture": "#0"}
			}
		},
		{
			"from": [1, 10, 11],
			"to": [5, 13, 15],
			"faces": {
				"north": {"uv": [6, 5.5, 7, 6.25], "texture": "#0"},
				"east": {"uv": [6, 5.5, 7, 6.25], "texture": "#0"},
				"south": {"uv": [6, 5.5, 7, 6.25], "texture": "#0"},
				"west": {"uv": [6, 5.5, 7, 6.25], "texture": "#0"},
				"up": {"uv": [6, 4.5, 7, 5.5], "texture": "#0"},
				"down": {"uv": [6, 6.25, 7, 7.25], "texture": "#0"}
			}
		},
		{
			"from": [11, 10, 1],
			"to": [15, 13, 5],
			"faces": {
				"north": {"uv": [6, 5.5, 7, 6.25], "texture": "#0"},
				"east": {"uv": [6, 5.5, 7, 6.25], "texture": "#0"},
				"south": {"uv": [6, 5.5, 7, 6.25], "texture": "#0"},
				"west": {"uv": [6, 5.5, 7, 6.25], "texture": "#0"},
				"up": {"uv": [6, 4.5, 7, 5.5], "texture": "#0"},
				"down": {"uv": [6, 6.25, 7, 7.25], "texture": "#0"}
			}
		},
		{
			"from": [11, 10, 11],
			"to": [15, 13, 15],
			"faces": {
				"north": {"uv": [6, 5.5, 7, 6.25], "texture": "#0"},
				"east": {"uv": [6, 5.5, 7, 6.25], "texture": "#0"},
				"south": {"uv": [6, 5.5, 7, 6.25], "texture": "#0"},
				"west": {"uv": [6, 5.5, 7, 6.25], "texture": "#0"},
				"up": {"uv": [6, 4.5, 7, 5.5], "texture": "#0"},
				"down": {"uv": [6, 6.25, 7, 7.25], "texture": "#0"}
			}
		},
		{
			"from": [11, 1, 1],
			"to": [15, 4, 5],
			"faces": {
				"north": {"uv": [6, 5.5, 7, 6.25], "texture": "#0"},
				"east": {"uv": [6, 5.5, 7, 6.25], "texture": "#0"},
				"south": {"uv": [6, 5.5, 7, 6.25], "texture": "#0"},
				"west": {"uv": [6, 5.5, 7, 6.25], "texture": "#0"},
				"up": {"uv": [6, 4.5, 7, 5.5], "texture": "#0"},
				"down": {"uv": [6, 6.25, 7, 7.25], "texture": "#0"}
			}
		},
		{
			"from": [2, 4, 2],
			"to": [4, 7, 4],
			"faces": {
				"north": {"uv": [6.25, 7.75, 6.75, 8.5], "texture": "#0"},
				"east": {"uv": [6.25, 7.75, 6.75, 8.5], "texture": "#0"},
				"south": {"uv": [6.25, 7.75, 6.75, 8.5], "texture": "#0"},
				"west": {"uv": [6.25, 7.75, 6.75, 8.5], "texture": "#0"},
				"up": {"uv": [6.25, 7.25, 6.75, 7.75], "texture": "#0"},
				"down": {"uv": [6.25, 7.25, 6.75, 7.75], "texture": "#0"}
			}
		},
		{
			"from": [2, 4, 12],
			"to": [4, 7, 14],
			"faces": {
				"north": {"uv": [6.25, 7.75, 6.75, 8.5], "texture": "#0"},
				"east": {"uv": [6.25, 7.75, 6.75, 8.5], "texture": "#0"},
				"south": {"uv": [6.25, 7.75, 6.75, 8.5], "texture": "#0"},
				"west": {"uv": [6.25, 7.75, 6.75, 8.5], "texture": "#0"},
				"up": {"uv": [6.25, 7.25, 6.75, 7.75], "texture": "#0"},
				"down": {"uv": [6.25, 7.25, 6.75, 7.75], "texture": "#0"}
			}
		},
		{
			"from": [12, 4, 12],
			"to": [14, 7, 14],
			"faces": {
				"north": {"uv": [6.25, 7.75, 6.75, 8.5], "texture": "#0"},
				"east": {"uv": [6.25, 7.75, 6.75, 8.5], "texture": "#0"},
				"south": {"uv": [6.25, 7.75, 6.75, 8.5], "texture": "#0"},
				"west": {"uv": [6.25, 7.75, 6.75, 8.5], "texture": "#0"},
				"up": {"uv": [6.25, 7.25, 6.75, 7.75], "texture": "#0"},
				"down": {"uv": [6.25, 7.25, 6.75, 7.75], "texture": "#0"}
			}
		},
		{
			"from": [12, 4, 2],
			"to": [14, 7, 4],
			"faces": {
				"north": {"uv": [6.25, 7.75, 6.75, 8.5], "texture": "#0"},
				"east": {"uv": [6.25, 7.75, 6.75, 8.5], "texture": "#0"},
				"south": {"uv": [6.25, 7.75, 6.75, 8.5], "texture": "#0"},
				"west": {"uv": [6.25, 7.75, 6.75, 8.5], "texture": "#0"},
				"up": {"uv": [6.25, 7.25, 6.75, 7.75], "texture": "#0"},
				"down": {"uv": [6.25, 7.25, 6.75, 7.75], "texture": "#0"}
			}
		},
		{
			"from": [2, 9, 2],
			"to": [4, 10, 4],
			"faces": {
				"north": {"uv": [6.75, 8, 7.25, 8.25], "texture": "#0"},
				"east": {"uv": [6.75, 8, 7.25, 8.25], "texture": "#0"},
				"south": {"uv": [6.75, 8, 7.25, 8.25], "texture": "#0"},
				"west": {"uv": [6.75, 8, 7.25, 8.25], "texture": "#0"},
				"up": {"uv": [6.75, 7.25, 7.25, 7.75], "texture": "#0"},
				"down": {"uv": [6.75, 7.25, 7.25, 7.75], "texture": "#0"}
			}
		},
		{
			"from": [2, 9, 12],
			"to": [4, 10, 14],
			"faces": {
				"north": {"uv": [6.75, 8, 7.25, 8.25], "texture": "#0"},
				"east": {"uv": [6.75, 8, 7.25, 8.25], "texture": "#0"},
				"south": {"uv": [6.75, 8, 7.25, 8.25], "texture": "#0"},
				"west": {"uv": [6.75, 8, 7.25, 8.25], "texture": "#0"},
				"up": {"uv": [6.75, 7.25, 7.25, 7.75], "texture": "#0"},
				"down": {"uv": [6.75, 7.25, 7.25, 7.75], "texture": "#0"}
			}
		},
		{
			"from": [12, 9, 12],
			"to": [14, 10, 14],
			"faces": {
				"north": {"uv": [6.75, 8, 7.25, 8.25], "texture": "#0"},
				"east": {"uv": [6.75, 8, 7.25, 8.25], "texture": "#0"},
				"south": {"uv": [6.75, 8, 7.25, 8.25], "texture": "#0"},
				"west": {"uv": [6.75, 8, 7.25, 8.25], "texture": "#0"},
				"up": {"uv": [6.75, 7.25, 7.25, 7.75], "texture": "#0"},
				"down": {"uv": [6.75, 7.25, 7.25, 7.75], "texture": "#0"}
			}
		},
		{
			"from": [12, 9, 2],
			"to": [14, 10, 4],
			"faces": {
				"north": {"uv": [6.75, 8, 7.25, 8.25], "texture": "#0"},
				"east": {"uv": [6.75, 8, 7.25, 8.25], "texture": "#0"},
				"south": {"uv": [6.75, 8, 7.25, 8.25], "texture": "#0"},
				"west": {"uv": [6.75, 8, 7.25, 8.25], "texture": "#0"},
				"up": {"uv": [6.75, 7.25, 7.25, 7.75], "texture": "#0"},
				"down": {"uv": [6.75, 7.25, 7.25, 7.75], "texture": "#0"}
			}
		},
		{
			"from": [4, 2, 4],
			"to": [12, 6, 12],
			"faces": {
				"north": {"uv": [4, 6.5, 6, 7.5], "texture": "#0"},
				"east": {"uv": [4, 6.5, 6, 7.5], "texture": "#0"},
				"south": {"uv": [4, 6.5, 6, 7.5], "texture": "#0"},
				"west": {"uv": [4, 6.5, 6, 7.5], "texture": "#0"},
				"up": {"uv": [4, 4.5, 6, 6.5], "texture": "#0"},
				"down": {"uv": [4, 7.5, 6, 9.5], "texture": "#0"}
			}
		},
		{
			"from": [4, 10, 4],
			"to": [12, 14, 12],
			"faces": {
				"north": {"uv": [4, 6.5, 6, 7.5], "texture": "#0"},
				"east": {"uv": [4, 6.5, 6, 7.5], "texture": "#0"},
				"south": {"uv": [4, 6.5, 6, 7.5], "texture": "#0"},
				"west": {"uv": [4, 6.5, 6, 7.5], "texture": "#0"},
				"up": {"uv": [4, 4.5, 6, 6.5], "texture": "#0"},
				"down": {"uv": [4, 7.5, 6, 9.5], "texture": "#0"}
			}
		},
		{
			"from": [6, 12, 6],
			"to": [10, 16, 10],
			"faces": {
				"north": {"uv": [7, 4.5, 8, 5.5], "texture": "#0"},
				"east": {"uv": [7, 4.5, 8, 5.5], "texture": "#0"},
				"south": {"uv": [7, 4.5, 8, 5.5], "texture": "#0"},
				"west": {"uv": [7, 4.5, 8, 5.5], "texture": "#0"},
				"up": {"uv": [7, 5.5, 8, 6.5], "texture": "#0"},
				"down": {"uv": [7, 5.5, 8, 6.5], "texture": "#0"}
			}
		},
		{
			"from": [6, 6, 6],
			"to": [10, 10, 10],
			"faces": {
				"north": {"uv": [7, 4.5, 8, 5.5], "texture": "#0"},
				"east": {"uv": [7, 4.5, 8, 5.5], "texture": "#0"},
				"south": {"uv": [7, 4.5, 8, 5.5], "texture": "#0"},
				"west": {"uv": [7, 4.5, 8, 5.5], "texture": "#0"},
				"up": {"uv": [7, 5.5, 8, 6.5], "texture": "#0"},
				"down": {"uv": [7, 5.5, 8, 6.5], "texture": "#0"}
			}
		},
		{
			"from": [0, 12, 0],
			"to": [16, 15, 4],
			"faces": {
				"north": {"uv": [0, 5, 4, 5.75], "texture": "#0"},
				"east": {"uv": [3, 5, 4, 5.75], "texture": "#0"},
				"south": {"uv": [0, 4.25, 4, 5], "texture": "#0"},
				"west": {"uv": [0, 5, 1, 5.75], "texture": "#0"},
				"up": {"uv": [0, 0, 4, 1], "texture": "#0"},
				"down": {"uv": [4, 3, 8, 4], "texture": "#0"}
			}
		},
		{
			"from": [0, 12, 12],
			"to": [16, 15, 16],
			"faces": {
				"north": {"uv": [0, 4.25, 4, 5], "texture": "#0"},
				"east": {"uv": [0, 5, 1, 5.75], "texture": "#0"},
				"south": {"uv": [0, 5, 4, 5.75], "texture": "#0"},
				"west": {"uv": [3, 5, 4, 5.75], "texture": "#0"},
				"up": {"uv": [0, 3, 4, 4], "texture": "#0"},
				"down": {"uv": [4, 0, 8, 1], "texture": "#0"}
			}
		},
		{
			"from": [0, 12, 4],
			"to": [4, 15, 12],
			"faces": {
				"north": {"uv": [0, 4.25, 1, 5], "texture": "#0"},
				"east": {"uv": [1, 4.25, 3, 5], "texture": "#0"},
				"south": {"uv": [3, 4.25, 4, 5], "texture": "#0"},
				"west": {"uv": [1, 5, 3, 5.75], "texture": "#0"},
				"up": {"uv": [0, 1, 1, 3], "texture": "#0"},
				"down": {"uv": [4.25, 1, 5.25, 3], "texture": "#0"}
			}
		},
		{
			"from": [12, 12, 4],
			"to": [16, 15, 12],
			"faces": {
				"north": {"uv": [0, 4.25, 1, 5], "texture": "#0"},
				"east": {"uv": [1, 5, 3, 5.75], "texture": "#0"},
				"south": {"uv": [3, 4.25, 4, 5], "texture": "#0"},
				"west": {"uv": [1, 4.25, 3, 5], "texture": "#0"},
				"up": {"uv": [3, 1, 4, 3], "texture": "#0"},
				"down": {"uv": [7, 1, 8, 3], "texture": "#0"}
			}
		},
		{
			"from": [5, 6, 5],
			"to": [6, 10, 6],
			"faces": {
				"north": {"uv": [6, 7.5, 6.25, 8.5], "texture": "#0"},
				"east": {"uv": [6, 7.5, 6.25, 8.5], "texture": "#0"},
				"south": {"uv": [6, 7.5, 6.25, 8.5], "texture": "#0"},
				"west": {"uv": [6, 7.5, 6.25, 8.5], "texture": "#0"},
				"up": {"uv": [6, 7.25, 6.25, 7.5], "texture": "#0"},
				"down": {"uv": [6, 7.25, 6.25, 7.5], "texture": "#0"}
			}
		},
		{
			"from": [5, 6, 10],
			"to": [6, 10, 11],
			"faces": {
				"north": {"uv": [6, 7.5, 6.25, 8.5], "texture": "#0"},
				"east": {"uv": [6, 7.5, 6.25, 8.5], "texture": "#0"},
				"south": {"uv": [6, 7.5, 6.25, 8.5], "texture": "#0"},
				"west": {"uv": [6, 7.5, 6.25, 8.5], "texture": "#0"},
				"up": {"uv": [6, 7.25, 6.25, 7.5], "texture": "#0"},
				"down": {"uv": [6, 7.25, 6.25, 7.5], "texture": "#0"}
			}
		},
		{
			"from": [10, 6, 10],
			"to": [11, 10, 11],
			"faces": {
				"north": {"uv": [6, 7.5, 6.25, 8.5], "texture": "#0"},
				"east": {"uv": [6, 7.5, 6.25, 8.5], "texture": "#0"},
				"south": {"uv": [6, 7.5, 6.25, 8.5], "texture": "#0"},
				"west": {"uv": [6, 7.5, 6.25, 8.5], "texture": "#0"},
				"up": {"uv": [6, 7.25, 6.25, 7.5], "texture": "#0"},
				"down": {"uv": [6, 7.25, 6.25, 7.5], "texture": "#0"}
			}
		},
		{
			"from": [10, 6, 5],
			"to": [11, 10, 6],
			"faces": {
				"north": {"uv": [6, 7.5, 6.25, 8.5], "texture": "#0"},
				"east": {"uv": [6, 7.5, 6.25, 8.5], "texture": "#0"},
				"south": {"uv": [6, 7.5, 6.25, 8.5], "texture": "#0"},
				"west": {"uv": [6, 7.5, 6.25, 8.5], "texture": "#0"},
				"up": {"uv": [6, 7.25, 6.25, 7.5], "texture": "#0"},
				"down": {"uv": [6, 7.25, 6.25, 7.5], "texture": "#0"}
			}
		},
		{
			"from": [1, 15, 1],
			"to": [15, 16, 4],
			"faces": {
				"north": {"uv": [0.25, 5.5, 3.75, 5.75], "texture": "#0"},
				"east": {"uv": [2.75, 5.5, 3.75, 5.75], "texture": "#0"},
				"south": {"uv": [0.25, 4, 3.75, 4.25], "texture": "#0"},
				"west": {"uv": [0.25, 5.5, 1.25, 5.75], "texture": "#0"},
				"up": {"uv": [0.25, 0.25, 3.75, 1], "texture": "#0"},
				"down": {"uv": [0.25, 0.25, 3.75, 1], "texture": "#0"}
			}
		},
		{
			"from": [1, 15, 12],
			"to": [15, 16, 15],
			"faces": {
				"north": {"uv": [0.25, 4, 3.75, 4.25], "texture": "#0"},
				"east": {"uv": [0.25, 5.5, 1.25, 5.75], "texture": "#0"},
				"south": {"uv": [0.25, 5.5, 3.75, 5.75], "texture": "#0"},
				"west": {"uv": [2.75, 5.5, 3.75, 5.75], "texture": "#0"},
				"up": {"uv": [0.25, 3, 3.75, 3.75], "texture": "#0"},
				"down": {"uv": [0.25, 0.25, 3.75, 1], "texture": "#0"}
			}
		},
		{
			"from": [1, 15, 4],
			"to": [4, 16, 12],
			"faces": {
				"north": {"uv": [2.75, 5.5, 3.75, 5.75], "texture": "#0"},
				"east": {"uv": [1, 4, 3, 4.25], "texture": "#0"},
				"south": {"uv": [0.25, 5.5, 1.25, 5.75], "texture": "#0"},
				"west": {"uv": [1, 5.5, 3, 5.75], "texture": "#0"},
				"up": {"uv": [0.25, 1.25, 1, 2.75], "texture": "#0"},
				"down": {"uv": [0.25, 1.25, 1, 2.75], "texture": "#0"}
			}
		},
		{
			"from": [12, 15, 4],
			"to": [15, 16, 12],
			"faces": {
				"north": {"uv": [2.75, 5.5, 3.75, 5.75], "texture": "#0"},
				"east": {"uv": [1, 5.5, 3, 5.75], "texture": "#0"},
				"south": {"uv": [0.25, 5.5, 1.25, 5.75], "texture": "#0"},
				"west": {"uv": [1, 4, 3, 4.25], "texture": "#0"},
				"up": {"uv": [3, 1.25, 3.75, 2.75], "texture": "#0"},
				"down": {"uv": [3, 1.25, 3.75, 2.75], "texture": "#0"}
			}
		}
	],
	"display": {
		"thirdperson_righthand": {
			"rotation": [75, 45, 0],
			"translation": [0, 2.5, 0],
			"scale": [0.375, 0.375, 0.375]
		},
		"firstperson_righthand": {
			"rotation": [0, 45, 0],
			"scale": [0.4, 0.4, 0.4]
		},
		"ground": {
			"scale": [0.25, 0.25, 0.25]
		},
		"gui": {
			"rotation": [30, 225, 0],
			"scale": [0.625, 0.625, 0.625]
		},
		"head": {
			"translation": [0, -1, 0],
			"scale": [1.15234, 1.15234, 1.15234]
		},
		"fixed": {
			"scale": [0.5, 0.5, 0.5]
		}
	}
}