{
  "display": {
    "icon": {
      "item": "the_vault:vault_iridium"
    },
    "title": {
      "text": "Almost Enough for Mortgage"
    },
    "description": {
      "text": "Obtain a Vault Iridium by combining 9 Vault Palladium."
    },
    "frame": "task",
    "show_toast": true,
    "announce_to_chat": true,
    "hidden": false
  },
  "criteria": {
    "diamond": {
      "trigger": "minecraft:inventory_changed",
      "conditions": {
        "items": [
          {
            "items": [
              "the_vault:vault_iridium"
            ]
          }
        ]
      }
    }
  },
  "requirements": [
    [
      "diamond"
    ]
  ]
}
