{
  "tile_processors": [
    {
      "type": "weighted_target",
      "target": [
        "the_vault:blood_altar",
        "the_vault:god_altar[god=velara]"
      ],
      "output": [
        {
          "block": "the_vault:god_altar[god=velara]",
          "modifierCompletionPool": "the_vault:velara_favours",
          "modifierFailurePool": "the_vault:altar_curses",
          "lootPool": [
            {
              "weight": 10,
              "item": {
                "id": "the_vault:god_token",
                "nbt": {
                  "type": "velara"
                }
              }
            }
          ],
          "weight": 1
        }
      ]
    },
    {
      "type": "weighted_target",
      "target": [
        "the_vault:xp_altar",
        "the_vault:god_altar[god=tenos]"
      ],
      "output": [
        {
          "block": "the_vault:god_altar[god=tenos]",
          "modifierCompletionPool": "the_vault:tenos_favours",
          "modifierFailurePool": "the_vault:altar_curses",
          "weight": 1,
          "lootPool": [
            {
              "weight": 10,
              "item": {
                "id": "the_vault:god_token",
                "nbt": {
                  "type": "tenos"
                }
              }
            }
          ]
        }
      ]
    },
    {
      "type": "weighted_target",
      "target": [
        "the_vault:time_altar",
        "the_vault:god_altar[god=wendarr]"
      ],
      "output": [
        {
          "block": "the_vault:god_altar[god=wendarr]",
          "modifierCompletionPool": "the_vault:wendarr_favours",
          "modifierFailurePool": "the_vault:altar_curses",
          "weight": 1,
          "lootPool": [
            {
              "weight": 10,
              "item": {
                "id": "the_vault:god_token",
                "nbt": {
                  "type": "wendarr"
                }
              }
            }
          ]
        }
      ]
    },
    {
      "type": "weighted_target",
      "target": [
        "the_vault:soul_altar",
        "the_vault:god_altar[god=idona]"
      ],
      "output": [
        {
          "block": "the_vault:god_altar[god=idona]",
          "modifierCompletionPool": "the_vault:idona_favours",
          "modifierFailurePool": "the_vault:altar_curses",
          "weight": 1,
          "lootPool": [
            {
              "weight": 10,
              "item": {
                "id": "the_vault:god_token",
                "nbt": {
                  "type": "idona"
                }
              }
            }
          ]
        }
      ]
    },
    {
      "type": "weighted_target",
      "target": "the_vault:god_altar",
      "output": [
        {
          "timePool": {
            "FRAGGED": {
              "type": "uniform",
              "min": 3000,
              "max": 6000
            },
            "IMPOSSIBLE": {
              "type": "uniform",
              "min": 6000,
              "max": 9000
            },
            "HARD": {
              "type": "uniform",
              "min": 9000,
              "max": 12000
            },
            "NORMAL": {
              "type": "uniform",
              "min": 12000,
              "max": 15000
            },
            "EASY": {
              "type": "uniform",
              "min": 15000,
              "max": 18000
            },
            "PIECE_OF_CAKE": {
              "type": "uniform",
              "min": 18000,
              "max": 30000
            }
          },
          "weight": 1
        }
      ]
    },
    {
      "type": "leveled",
      "levels": [
        {
          "level": 0,
          "type": "weighted_target",
          "target": "the_vault:god_altar",
          "output": [
            {
              "taskPool": {
                "type": "kill_entity",
                "filter": "@the_vault:horde",
                "count": {
                  "type": "uniform",
                  "min": 98,
                  "max": 200
                },
                "renderer": {
                  "type": "god_altar",
                  "title": "Kill Horde Mobs",
                  "bar": "${current}/${target}"
                }
              },
              "weight": 1
            },
            {
              "taskPool": {
                "type": "kill_entity",
                "filter": "@the_vault:assassin",
                "count": {
                  "type": "uniform",
                  "min": 32,
                  "max": 50
                },
                "renderer": {
                  "type": "god_altar",
                  "title": "Kill Assassin Mobs",
                  "bar": "${current}/${target}"
                }
              },
              "weight": 1
            },
            {
              "taskPool": {
                "type": "kill_entity",
                "filter": "@the_vault:tank",
                "count": {
                  "type": "uniform",
                  "min": 8,
                  "max": 16
                },
                "renderer": {
                  "type": "god_altar",
                  "title": "Kill Tank Mobs",
                  "bar": "${current}/${target}"
                }
              },
              "weight": 1
            },
            {
              "taskPool": {
                "type": "kill_entity",
                "filter": "@the_vault:fighter",
                "count": {
                  "type": "uniform",
                  "min": 16,
                  "max": 32
                },
                "renderer": {
                  "type": "god_altar",
                  "title": "Kill Dweller Mobs",
                  "bar": "${current}/${target}"
                }
              },
              "weight": 1
            },
            {
              "taskPool": {
                "type": "kill_entity",
                "filter": "@the_vault:dungeon",
                "count": {
                  "type": "uniform",
                  "min": 5,
                  "max": 14
                },
                "renderer": {
                  "type": "god_altar",
                  "title": "Kill Dungeon Mobs",
                  "bar": "${current}/${target}"
                }
              },
              "weight": 1
            },
            {
              "taskPool": {
                "type": "loot_chest",
                "filter": "@the_vault:gilded",
                "count": {
                  "type": "uniform",
                  "min": 10,
                  "max": 21
                },
                "renderer": {
                  "type": "god_altar",
                  "title": "Loot Gilded Chests",
                  "bar": "${current}/${target}"
                }
              },
              "weight": 1
            },
            {
              "taskPool": {
                "type": "loot_chest",
                "filter": "@the_vault:living",
                "count": {
                  "type": "uniform",
                  "min": 10,
                  "max": 21
                },
                "renderer": {
                  "type": "god_altar",
                  "title": "Loot Living Chests",
                  "bar": "${current}/${target}"
                }
              },
              "weight": 1
            },
            {
              "taskPool": {
                "type": "loot_chest",
                "filter": "@the_vault:ornate",
                "count": {
                  "type": "uniform",
                  "min": 10,
                  "max": 21
                },
                "renderer": {
                  "type": "god_altar",
                  "title": "Loot Ornate Chests",
                  "bar": "${current}/${target}"
                }
              },
              "weight": 1
            },
            {
              "taskPool": {
                "type": "loot_chest",
                "filter": "the_vault:wooden_chest",
                "count": {
                  "type": "uniform",
                  "min": 32,
                  "max": 70
                },
                "renderer": {
                  "type": "god_altar",
                  "title": "Loot Wooden Chests",
                  "bar": "${current}/${target}"
                }
              },
              "weight": 1
            },
            {
              "taskPool": {
                "type": "mine_block",
                "filter": "@the_vault:ores[generated=true]",
                "count": {
                  "type": "uniform",
                  "min": 16,
                  "max": 40
                },
                "renderer": {
                  "type": "god_altar",
                  "title": "Mine Vault Ores",
                  "bar": "${current}/${target}"
                }
              },
              "weight": 1
            },
            {
              "taskPool": {
                "type": "mine_block",
                "filter": "@the_vault:player_ores[generated=true]",
                "count": {
                  "type": "uniform",
                  "min": 4,
                  "max": 9
                },
                "renderer": {
                  "type": "god_altar",
                  "title": "Mine Unique Vault Ores",
                  "bar": "${current}/${target}"
                }
              },
              "weight": 1
            },
            {
              "taskPool": {
                "type": "kill_entity",
                "filter": "{Tags:[\"vault_champion\"]}",
                "count": {
                  "type": "uniform",
                  "min": 1,
                  "max": 3
                },
                "renderer": {
                  "type": "god_altar",
                  "title": "Kill Champions",
                  "bar": "${current}/${target}"
                }
              },
              "weight": 1
            }
          ]
        }
      ]
    },
    {
      "type": "leveled",
      "levels": [
        {
          "level": 40,
          "type": "weighted_target",
          "target": "the_vault:god_altar",
          "output": [
            {
              "taskPool": {
                "type": "kill_entity",
                "filter": "@the_vault:horde",
                "count": {
                  "type": "uniform",
                  "min": 70,
                  "max": 140
                },
                "renderer": {
                  "type": "god_altar",
                  "title": "Kill Horde Mobs",
                  "bar": "${current}/${target}"
                }
              },
              "weight": 1
            },
            {
              "taskPool": {
                "type": "kill_entity",
                "filter": "@the_vault:assassin",
                "count": {
                  "type": "uniform",
                  "min": 20,
                  "max": 36
                },
                "renderer": {
                  "type": "god_altar",
                  "title": "Kill Assassin Mobs",
                  "bar": "${current}/${target}"
                }
              },
              "weight": 1
            },
            {
              "taskPool": {
                "type": "kill_entity",
                "filter": "@the_vault:tank",
                "count": {
                  "type": "uniform",
                  "min": 4,
                  "max": 10
                },
                "renderer": {
                  "type": "god_altar",
                  "title": "Kill Tank Mobs",
                  "bar": "${current}/${target}"
                }
              },
              "weight": 1
            },
            {
              "taskPool": {
                "type": "kill_entity",
                "filter": "@the_vault:fighter",
                "count": {
                  "type": "uniform",
                  "min": 16,
                  "max": 34
                },
                "renderer": {
                  "type": "god_altar",
                  "title": "Kill Dweller Mobs",
                  "bar": "${current}/${target}"
                }
              },
              "weight": 1
            },
            {
              "taskPool": {
                "type": "kill_entity",
                "filter": "@the_vault:dungeon",
                "count": {
                  "type": "uniform",
                  "min": 3,
                  "max": 6
                },
                "renderer": {
                  "type": "god_altar",
                  "title": "Kill Dungeon Mobs",
                  "bar": "${current}/${target}"
                }
              },
              "weight": 1
            },
            {
              "taskPool": {
                "type": "kill_entity",
                "filter": "{Tags:[\"vault_champion\"]}",
                "count": {
                  "type": "uniform",
                  "min": 1,
                  "max": 2
                },
                "renderer": {
                  "type": "god_altar",
                  "title": "Kill Champions",
                  "bar": "${current}/${target}"
                }
              },
              "weight": 1
            },
            {
              "taskPool": {
                "type": "loot_chest",
                "filter": "@the_vault:gilded",
                "count": {
                  "type": "uniform",
                  "min": 11,
                  "max": 16
                },
                "renderer": {
                  "type": "god_altar",
                  "title": "Loot Gilded Chests",
                  "bar": "${current}/${target}"
                }
              },
              "weight": 1
            },
            {
              "taskPool": {
                "type": "loot_chest",
                "filter": "@the_vault:living",
                "count": {
                  "type": "uniform",
                  "min": 11,
                  "max": 16
                },
                "renderer": {
                  "type": "god_altar",
                  "title": "Loot Living Chests",
                  "bar": "${current}/${target}"
                }
              },
              "weight": 1
            },
            {
              "taskPool": {
                "type": "loot_chest",
                "filter": "@the_vault:ornate",
                "count": {
                  "type": "uniform",
                  "min": 11,
                  "max": 16
                },
                "renderer": {
                  "type": "god_altar",
                  "title": "Loot Ornate Chests",
                  "bar": "${current}/${target}"
                }
              },
              "weight": 1
            },
            {
              "taskPool": {
                "type": "loot_chest",
                "filter": "@the_vault:wooden",
                "count": {
                  "type": "uniform",
                  "min": 24,
                  "max": 40
                },
                "renderer": {
                  "type": "god_altar",
                  "title": "Loot Wooden Chests",
                  "bar": "${current}/${target}"
                }
              },
              "weight": 1
            },
            {
              "taskPool": {
                "type": "mine_block",
                "filter": "@the_vault:ores[generated=true]",
                "count": {
                  "type": "uniform",
                  "min": 16,
                  "max": 34
                },
                "renderer": {
                  "type": "god_altar",
                  "title": "Mine Vault Ores",
                  "bar": "${current}/${target}"
                }
              },
              "weight": 1
            },
            {
              "taskPool": {
                "type": "mine_block",
                "filter": "@the_vault:player_ores[generated=true]",
                "count": {
                  "type": "uniform",
                  "min": 2,
                  "max": 4
                },
                "renderer": {
                  "type": "god_altar",
                  "title": "Mine Unique Vault Ores",
                  "bar": "${current}/${target}"
                }
              },
              "weight": 1
            }
          ]
        }
      ]
    },
    {
      "type": "leveled",
      "levels": [
        {
          "level": 60,
          "type": "weighted_target",
          "target": "the_vault:god_altar",
          "output": [
            {
              "taskPool": {
                "type": "kill_entity",
                "filter": "@the_vault:horde",
                "count": {
                  "type": "uniform",
                  "min": 90,
                  "max": 160
                },
                "renderer": {
                  "type": "god_altar",
                  "title": "Kill Horde Mobs",
                  "bar": "${current}/${target}"
                }
              },
              "weight": 1
            },
            {
              "taskPool": {
                "type": "kill_entity",
                "filter": "@the_vault:assassin",
                "count": {
                  "type": "uniform",
                  "min": 28,
                  "max": 50
                },
                "renderer": {
                  "type": "god_altar",
                  "title": "Kill Assassin Mobs",
                  "bar": "${current}/${target}"
                }
              },
              "weight": 1
            },
            {
              "taskPool": {
                "type": "kill_entity",
                "filter": "@the_vault:tank",
                "count": {
                  "type": "uniform",
                  "min": 6,
                  "max": 12
                },
                "renderer": {
                  "type": "god_altar",
                  "title": "Kill Tank Mobs",
                  "bar": "${current}/${target}"
                }
              },
              "weight": 1
            },
            {
              "taskPool": {
                "type": "kill_entity",
                "filter": "@the_vault:fighter",
                "count": {
                  "type": "uniform",
                  "min": 24,
                  "max": 42
                },
                "renderer": {
                  "type": "god_altar",
                  "title": "Kill Dweller Mobs",
                  "bar": "${current}/${target}"
                }
              },
              "weight": 1
            },
            {
              "taskPool": {
                "type": "kill_entity",
                "filter": "@the_vault:dungeon",
                "count": {
                  "type": "uniform",
                  "min": 4,
                  "max": 9
                },
                "renderer": {
                  "type": "god_altar",
                  "title": "Kill Dungeon Mobs",
                  "bar": "${current}/${target}"
                }
              },
              "weight": 1
            },
            {
              "taskPool": {
                "type": "kill_entity",
                "filter": "{Tags:[\"vault_champion\"]}",
                "count": {
                  "type": "uniform",
                  "min": 1,
                  "max": 3
                },
                "renderer": {
                  "type": "god_altar",
                  "title": "Kill Champions",
                  "bar": "${current}/${target}"
                }
              },
              "weight": 1
            },
            {
              "taskPool": {
                "type": "loot_chest",
                "filter": "@the_vault:gilded",
                "count": {
                  "type": "uniform",
                  "min": 12,
                  "max": 21
                },
                "renderer": {
                  "type": "god_altar",
                  "title": "Loot Gilded Chests",
                  "bar": "${current}/${target}"
                }
              },
              "weight": 1
            },
            {
              "taskPool": {
                "type": "loot_chest",
                "filter": "@the_vault:living",
                "count": {
                  "type": "uniform",
                  "min": 12,
                  "max": 21
                },
                "renderer": {
                  "type": "god_altar",
                  "title": "Loot Living Chests",
                  "bar": "${current}/${target}"
                }
              },
              "weight": 1
            },
            {
              "taskPool": {
                "type": "loot_chest",
                "filter": "@the_vault:ornate",
                "count": {
                  "type": "uniform",
                  "min": 12,
                  "max": 21
                },
                "renderer": {
                  "type": "god_altar",
                  "title": "Loot Ornate Chests",
                  "bar": "${current}/${target}"
                }
              },
              "weight": 1
            },
            {
              "taskPool": {
                "type": "loot_chest",
                "filter": "@the_vault:wooden",
                "count": {
                  "type": "uniform",
                  "min": 32,
                  "max": 55
                },
                "renderer": {
                  "type": "god_altar",
                  "title": "Loot Wooden Chests",
                  "bar": "${current}/${target}"
                }
              },
              "weight": 1
            },
            {
              "taskPool": {
                "type": "mine_block",
                "filter": "@the_vault:ores[generated=true]",
                "count": {
                  "type": "uniform",
                  "min": 20,
                  "max": 38
                },
                "renderer": {
                  "type": "god_altar",
                  "title": "Mine Vault Ores",
                  "bar": "${current}/${target}"
                }
              },
              "weight": 1
            },
            {
              "taskPool": {
                "type": "mine_block",
                "filter": "@the_vault:player_ores[generated=true]",
                "count": {
                  "type": "uniform",
                  "min": 2,
                  "max": 7
                },
                "renderer": {
                  "type": "god_altar",
                  "title": "Mine Unique Vault Ores",
                  "bar": "${current}/${target}"
                }
              },
              "weight": 1
            }
          ]
        }
      ]
    },
    {
      "type": "leveled",
      "levels": [
        {
          "level": 80,
          "type": "weighted_target",
          "target": "the_vault:god_altar",
          "output": [
            {
              "taskPool": {
                "type": "kill_entity",
                "filter": "@the_vault:horde",
                "count": {
                  "type": "uniform",
                  "min": 140,
                  "max": 240
                },
                "renderer": {
                  "type": "god_altar",
                  "title": "Kill Horde Mobs",
                  "bar": "${current}/${target}"
                }
              },
              "weight": 1
            },
            {
              "taskPool": {
                "type": "kill_entity",
                "filter": "@the_vault:assassin",
                "count": {
                  "type": "uniform",
                  "min": 36,
                  "max": 60
                },
                "renderer": {
                  "type": "god_altar",
                  "title": "Kill Assassin Mobs",
                  "bar": "${current}/${target}"
                }
              },
              "weight": 1
            },
            {
              "taskPool": {
                "type": "kill_entity",
                "filter": "@the_vault:tank",
                "count": {
                  "type": "uniform",
                  "min": 8,
                  "max": 14
                },
                "renderer": {
                  "type": "god_altar",
                  "title": "Kill Tank Mobs",
                  "bar": "${current}/${target}"
                }
              },
              "weight": 1
            },
            {
              "taskPool": {
                "type": "kill_entity",
                "filter": "@the_vault:fighter",
                "count": {
                  "type": "uniform",
                  "min": 28,
                  "max": 50
                },
                "renderer": {
                  "type": "god_altar",
                  "title": "Kill Dweller Mobs",
                  "bar": "${current}/${target}"
                }
              },
              "weight": 1
            },
            {
              "taskPool": {
                "type": "kill_entity",
                "filter": "@the_vault:dungeon",
                "count": {
                  "type": "uniform",
                  "min": 6,
                  "max": 10
                },
                "renderer": {
                  "type": "god_altar",
                  "title": "Kill Dungeon Mobs",
                  "bar": "${current}/${target}"
                }
              },
              "weight": 1
            },
            {
              "taskPool": {
                "type": "kill_entity",
                "filter": "{Tags:[\"vault_champion\"]}",
                "count": {
                  "type": "uniform",
                  "min": 1,
                  "max": 3
                },
                "renderer": {
                  "type": "god_altar",
                  "title": "Kill Champions",
                  "bar": "${current}/${target}"
                }
              },
              "weight": 1
            },
            {
              "taskPool": {
                "type": "loot_chest",
                "filter": "@the_vault:gilded",
                "count": {
                  "type": "uniform",
                  "min": 18,
                  "max": 30
                },
                "renderer": {
                  "type": "god_altar",
                  "title": "Loot Gilded Chests",
                  "bar": "${current}/${target}"
                }
              },
              "weight": 1
            },
            {
              "taskPool": {
                "type": "loot_chest",
                "filter": "@the_vault:living",
                "count": {
                  "type": "uniform",
                  "min": 18,
                  "max": 30
                },
                "renderer": {
                  "type": "god_altar",
                  "title": "Loot Living Chests",
                  "bar": "${current}/${target}"
                }
              },
              "weight": 1
            },
            {
              "taskPool": {
                "type": "loot_chest",
                "filter": "@the_vault:ornate",
                "count": {
                  "type": "uniform",
                  "min": 18,
                  "max": 30
                },
                "renderer": {
                  "type": "god_altar",
                  "title": "Loot Ornate Chests",
                  "bar": "${current}/${target}"
                }
              },
              "weight": 1
            },
            {
              "taskPool": {
                "type": "loot_chest",
                "filter": "@the_vault:wooden",
                "count": {
                  "type": "uniform",
                  "min": 40,
                  "max": 80
                },
                "renderer": {
                  "type": "god_altar",
                  "title": "Loot Wooden Chests",
                  "bar": "${current}/${target}"
                }
              },
              "weight": 1
            },
            {
              "taskPool": {
                "type": "mine_block",
                "filter": "@the_vault:ores[generated=true]",
                "count": {
                  "type": "uniform",
                  "min": 34,
                  "max": 50
                },
                "renderer": {
                  "type": "god_altar",
                  "title": "Mine Vault Ores",
                  "bar": "${current}/${target}"
                }
              },
              "weight": 1
            },
            {
              "taskPool": {
                "type": "mine_block",
                "filter": "@the_vault:player_ores[generated=true]",
                "count": {
                  "type": "uniform",
                  "min": 2,
                  "max": 9
                },
                "renderer": {
                  "type": "god_altar",
                  "title": "Mine Unique Vault Ores",
                  "bar": "${current}/${target}"
                }
              },
              "weight": 1
            }
          ]
        }
      ]
    },
    {
      "type": "leveled",
      "levels": [
        {
          "level": 100,
          "type": "weighted_target",
          "target": "the_vault:god_altar",
          "output": [
            {
              "taskPool": {
                "type": "kill_entity",
                "filter": "@the_vault:horde",
                "count": {
                  "type": "uniform",
                  "min": 160,
                  "max": 260
                },
                "renderer": {
                  "type": "god_altar",
                  "title": "Kill Horde Mobs",
                  "bar": "${current}/${target}"
                }
              },
              "weight": 1
            },
            {
              "taskPool": {
                "type": "kill_entity",
                "filter": "@the_vault:assassin",
                "count": {
                  "type": "uniform",
                  "min": 40,
                  "max": 65
                },
                "renderer": {
                  "type": "god_altar",
                  "title": "Kill Assassin Mobs",
                  "bar": "${current}/${target}"
                }
              },
              "weight": 1
            },
            {
              "taskPool": {
                "type": "kill_entity",
                "filter": "@the_vault:tank",
                "count": {
                  "type": "uniform",
                  "min": 8,
                  "max": 16
                },
                "renderer": {
                  "type": "god_altar",
                  "title": "Kill Tank Mobs",
                  "bar": "${current}/${target}"
                }
              },
              "weight": 1
            },
            {
              "taskPool": {
                "type": "kill_entity",
                "filter": "@the_vault:fighter",
                "count": {
                  "type": "uniform",
                  "min": 28,
                  "max": 52
                },
                "renderer": {
                  "type": "god_altar",
                  "title": "Kill Dweller Mobs",
                  "bar": "${current}/${target}"
                }
              },
              "weight": 1
            },
            {
              "taskPool": {
                "type": "kill_entity",
                "filter": "@the_vault:dungeon",
                "count": {
                  "type": "uniform",
                  "min": 6,
                  "max": 12
                },
                "renderer": {
                  "type": "god_altar",
                  "title": "Kill Dungeon Mobs",
                  "bar": "${current}/${target}"
                }
              },
              "weight": 1
            },
            {
              "taskPool": {
                "type": "kill_entity",
                "filter": "{Tags:[\"vault_champion\"]}",
                "count": {
                  "type": "uniform",
                  "min": 1,
                  "max": 4
                },
                "renderer": {
                  "type": "god_altar",
                  "title": "Kill Champions",
                  "bar": "${current}/${target}"
                }
              },
              "weight": 1
            },
            {
              "taskPool": {
                "type": "loot_chest",
                "filter": "@the_vault:gilded",
                "count": {
                  "type": "uniform",
                  "min": 18,
                  "max": 34
                },
                "renderer": {
                  "type": "god_altar",
                  "title": "Loot Gilded Chests",
                  "bar": "${current}/${target}"
                }
              },
              "weight": 1
            },
            {
              "taskPool": {
                "type": "loot_chest",
                "filter": "@the_vault:living",
                "count": {
                  "type": "uniform",
                  "min": 18,
                  "max": 34
                },
                "renderer": {
                  "type": "god_altar",
                  "title": "Loot Living Chests",
                  "bar": "${current}/${target}"
                }
              },
              "weight": 1
            },
            {
              "taskPool": {
                "type": "loot_chest",
                "filter": "@the_vault:ornate",
                "count": {
                  "type": "uniform",
                  "min": 18,
                  "max": 34
                },
                "renderer": {
                  "type": "god_altar",
                  "title": "Loot Ornate Chests",
                  "bar": "${current}/${target}"
                }
              },
              "weight": 1
            },
            {
              "taskPool": {
                "type": "loot_chest",
                "filter": "@the_vault:wooden",
                "count": {
                  "type": "uniform",
                  "min": 40,
                  "max": 100
                },
                "renderer": {
                  "type": "god_altar",
                  "title": "Loot Wooden Chests",
                  "bar": "${current}/${target}"
                }
              },
              "weight": 1
            },
            {
              "taskPool": {
                "type": "mine_block",
                "filter": "@the_vault:ores[generated=true]",
                "count": {
                  "type": "uniform",
                  "min": 34,
                  "max": 54
                },
                "renderer": {
                  "type": "god_altar",
                  "title": "Mine Vault Ores",
                  "bar": "${current}/${target}"
                }
              },
              "weight": 1
            },
            {
              "taskPool": {
                "type": "mine_block",
                "filter": "@the_vault:player_ores[generated=true]",
                "count": {
                  "type": "uniform",
                  "min": 3,
                  "max": 9
                },
                "renderer": {
                  "type": "god_altar",
                  "title": "Mine Unique Vault Ores",
                  "bar": "${current}/${target}"
                }
              },
              "weight": 1
            }
          ]
        }
      ]
    }
  ]
}