{
  "display": {
    "icon": {
      "item": "woldsvaults:capstone_all_seeing_eye"
    },
    "title": {
      "text": "Eye Can See Everything"
    },
    "description": {
      "text": "Obtain an All Seeing Eye capstone that adds All Seeing Eye to a Vault Crystal!"
    },
    "frame": "task",
    "show_toast": true,
    "announce_to_chat": true,
    "hidden": false
  },
  "criteria": {
    "diamond": {
      "trigger": "minecraft:inventory_changed",
      "conditions": {
        "items": [
          {
            "items": [
              "woldsvaults:capstone_all_seeing_eye"
            ]
          }
        ]
      }
    }
  },
  "requirements": [
    [
      "diamond"
    ]
  ]
}