{
  "display": {
    "icon": {
      "item": "the_vault:crystal_seal_titan"
    },
    "title": {
      "text": "To Slay a Titan"
    },
    "description": {
      "text": "Craft or Obtain a Seal of the Titan to set a Vault Crystals objective to Brutal Bosses."
    },
    "frame": "task",
    "show_toast": true,
    "announce_to_chat": true,
    "hidden": false
  },
  "criteria": {
    "diamond": {
      "trigger": "minecraft:inventory_changed",
      "conditions": {
        "items": [
          {
            "items": [
              "the_vault:crystal_seal_titan"
            ]
          }
        ]
      }
    }
  },
  "requirements": [
    [
      "diamond"
    ]
  ]
}