{
  "display": {
    "icon": {
      "item": "woldsvaults:general_decor_scroll"
    },
    "title": {
      "text": "Base Renovating"
    },
    "description": {
      "text": "Obtain a Vault Deco Scroll, used to craft decorative versions of various Vault blocks."
    },
    "frame": "task",
    "show_toast": true,
    "announce_to_chat": true,
    "hidden": false
  },
  "criteria": {
    "diamond": {
      "trigger": "minecraft:inventory_changed",
      "conditions": {
        "items": [
          {
            "items": [
              "woldsvaults:general_decor_scroll"
            ]
          }
        ]
      }
    }
  },
  "requirements": [
    [
      "diamond"
    ]
  ]
}