{
  "tile_processors": [
    {
      "type": "reference",
      "id": "the_vault:generic/spawners/generic_settings"
    },
    {
      "type": "leveled",
      "levels": [
        {
          "level": 0,
          "type": "weighted_target",
          "target": "ispawner:spawner",
          "output": {
            "ispawner:spawner{ Manager: { Settings: { Attempts: 4 } } }": 1
          }
        }
      ]
    },
    {
      "type": "leveled",
      "levels": [
        {
          "level": 0,
          "type": "weighted_target",
          "target": "ispawner:spawner",
          "output": {
            "ispawner:spawner{ Manager: { Settings: { PlayerRadius: 12 } } }": 1
          }
        }
      ]
    },
    {
      "type": "leveled",
      "levels": [
        {
          "level": 0,
          "type": "weighted_target",
          "target": "ispawner:spawner",
          "output": {
            "ispawner:spawner{ Manager:{ UsesLeft:1, Settings: { SpawnDelay: 40 } } } }": 1,
            "ispawner:spawner{ Manager:{ UsesLeft:1, Settings: { SpawnDelay: 50 } } } }": 4
          }
        }
      ]
    },
    {
        "type": "leveled",
        "levels": [
            {
                "level": 0,
                "type": "weighted_target",
                "target": "ispawner:spawner",
                "output": {
                    "ispawner:spawner{ rarity:common }": 1
                }
            }
        ]
    },
    {
        "type": "leveled",
        "levels": [
            {
                "level": 0,
                "type": "weighted_target",
                "target": "ispawner:spawner",
                "output": {
                    "ispawner:spawner{ group:tank }": 0,
                    "ispawner:spawner{ group:assassin }": 0,
                    "ispawner:spawner{ group:horde }": 2,
                    "ispawner:spawner{ group:standard }": 6
                }
            },
            {
                "level": 20,
                "type": "weighted_target",
                "target": "ispawner:spawner",
                "output": {
                    "ispawner:spawner{ group:tank }": 0,
                    "ispawner:spawner{ group:assassin }": 0,
                    "ispawner:spawner{ group:horde }": 5,
                    "ispawner:spawner{ group:standard }": 7
                }
            },
            {
                "level": 35,
                "type": "weighted_target",
                "target": "ispawner:spawner",
                "output": {
                    "ispawner:spawner{ group:tank }": 0,
                    "ispawner:spawner{ group:assassin }": 0,
                    "ispawner:spawner{ group:horde }": 8,
                    "ispawner:spawner{ group:standard }": 7
                }
            }
        ]
    }
  ]
}