{
	"type": "minecraft:shulker",
	"name": "entity.minecraft.shulker",
	"name_color": "0x976797",
	"gui_scale": 1,
	"gui_x_offset": 0,
	"gui_y_offset": 0,
	"gui_z_offset": 0,
	"sim_cost": 512,
	"input": {
		"item": "hostilenetworks:empty_prediction"
	},
	"base_drop": {
		"item": "hostilenetworks:end_prediction"
	},
	"trivia": "hostilenetworks.trivia.shulker",
	"fabricator_drops": [
		{
			"item": "minecraft:shulker_shell",
			"count": 8
		},
		{
			"item": "minecraft:end_rod",
			"count": 4
		}
	],
	"tier_data": [
		6,
		54,
		354,
		1254
	],
	"data_per_kill": [
		0,
		0,
		0,
		0
	]
}