{
	"type": "minecraft:spider",
	"subtypes": [
		"minecraft:cave_spider",
		"twilightforest:hedge_spider",
		"twilightforest:king_spider",
		"twilightforest:swarm_spider",
		"twilightforest:carminite_broodling"
	],
	"name": "entity.minecraft.spider",
	"name_color": "0x322B26",
	"gui_scale": 1,
	"gui_x_offset": 0,
	"gui_y_offset": 0,
	"gui_z_offset": 0,
	"sim_cost": 128,
	"input": {
		"item": "hostilenetworks:empty_prediction"
	},
	"base_drop": {
		"item": "hostilenetworks:overworld_prediction"
	},
	"trivia": "hostilenetworks.trivia.spider",
	"fabricator_drops": [
		{
			"item": "minecraft:string",
			"count": 32
		},
		{
			"item": "minecraft:spider_eye",
			"count": 16
		},
		{
			"item": "minecraft:cobweb",
			"count": 4
		},
		{
			"optional": "true",
			"item": "silentgear:fine_silk",
			"count": 3
		},
		{
			"optional": "true",
			"item": "reliquary:chelicerae",
			"count": 2
		}
	],
	"tier_data": [
		6,
		54,
		354,
		1254
	],
	"data_per_kill": [
		0,
		0,
		0,
		0
	]
}