[
  {
    "weight": 1,
    "reference": "the_vault:vault/rooms/chaos/beach_common_rooms"
  },
  {
    "weight": 1,
    "reference": "the_vault:vault/rooms/chaos/blank_common_rooms"
  },
  {
    "weight": 1,
    "reference": "the_vault:vault/rooms/chaos/blood_moon_common_rooms"
  },
  {
    "weight": 1,
    "reference": "the_vault:vault/rooms/chaos/cave_common_rooms"
  },
  {
    "weight": 1,
    "reference": "the_vault:vault/rooms/chaos/cave_deepslate_common_rooms"
  },
  {
    "weight": 1,
    "reference": "the_vault:vault/rooms/chaos/cave_geode_common_rooms"
  },
  {
    "weight": 1,
    "reference": "the_vault:vault/rooms/chaos/cave_wasteland_common_rooms"
  },
  {
    "weight": 1,
    "reference": "the_vault:vault/rooms/chaos/deep_mesa_common_rooms"
  },
  {
    "weight": 1,
    "reference": "the_vault:vault/rooms/chaos/desert_common_rooms"
  },
  {
    "weight": 1,
    "reference": "the_vault:vault/rooms/chaos/easter_egg_common_rooms"
  },
  {
    "weight": 1,
    "reference": "the_vault:vault/rooms/chaos/easter_pastel_common_rooms"
  },
  {
    "weight": 1,
    "reference": "the_vault:vault/rooms/chaos/end_void_common_rooms"
  },
  {
    "weight": 1,
    "reference": "the_vault:vault/rooms/chaos/factory_void_common_rooms"
  },
  {
    "weight": 1,
    "reference": "the_vault:vault/rooms/chaos/fairy_ring_common_rooms"
  },
  {
    "weight": 1,
    "reference": "the_vault:vault/rooms/chaos/festive_common_rooms"
  },
  {
    "weight": 1,
    "reference": "the_vault:vault/rooms/chaos/flesh_common_rooms"
  },
  {
    "weight": 1,
    "reference": "the_vault:vault/rooms/chaos/flooded_common_rooms"
  },
  {
    "weight": 1,
    "reference": "the_vault:vault/rooms/chaos/gingerbread_common_rooms"
  },
  {
    "weight": 1,
    "reference": "the_vault:vault/rooms/chaos/haunted_common_rooms"
  },
  {
    "weight": 1,
    "reference": "the_vault:vault/rooms/chaos/ice_common_rooms"
  },
  {
    "weight": 1,
    "reference": "the_vault:vault/rooms/chaos/ice_cave_common_rooms"
  },
  {
    "weight": 1,
    "reference": "the_vault:vault/rooms/chaos/living_cave_common_rooms"
  },
  {
    "weight": 1,
    "reference": "the_vault:vault/rooms/chaos/lush_cave_common_rooms"
  },
  {
    "weight": 1,
    "reference": "the_vault:vault/rooms/chaos/mesa_common_rooms"
  },
  {
    "weight": 1,
    "reference": "the_vault:vault/rooms/chaos/mushroom_common_rooms"
  },
  {
    "weight": 1,
    "reference": "the_vault:vault/rooms/chaos/nether_blackstone_common_rooms"
  },
  {
    "weight": 1,
    "reference": "the_vault:vault/rooms/chaos/nether_crimson_common_rooms"
  },
  {
    "weight": 1,
    "reference": "the_vault:vault/rooms/chaos/nether_soul_common_rooms"
  },
  {
    "weight": 1,
    "reference": "the_vault:vault/rooms/chaos/nether_warped_common_rooms"
  },
  {
    "weight": 1,
    "reference": "the_vault:vault/rooms/chaos/plastic_rooms"
  },
  {
    "weight": 1,
    "reference": "the_vault:vault/rooms/chaos/poison_common_rooms"
  },
  {
    "weight": 1,
    "reference": "the_vault:vault/rooms/chaos/raw_cave_common_rooms"
  },
  {
    "weight": 1,
    "reference": "the_vault:vault/rooms/chaos/raw_cave_andersite_common_rooms"
  },
  {
    "weight": 1,
    "reference": "the_vault:vault/rooms/chaos/raw_cave_diorite_common_rooms"
  },
  {
    "weight": 1,
    "reference": "the_vault:vault/rooms/chaos/raw_cave_granite_common_rooms"
  },
  {
    "weight": 1,
    "reference": "the_vault:vault/rooms/chaos/sandy_cave_common_rooms"
  },
  {
    "weight": 1,
    "reference": "the_vault:vault/rooms/chaos/sea_floor_common_rooms"
  },
  {
    "weight": 1,
    "reference": "the_vault:vault/rooms/chaos/shipwreck_common_rooms"
  },
  {
    "weight": 1,
    "reference": "the_vault:vault/rooms/chaos/sweet_common_rooms"
  },
  {
    "weight": 1,
    "reference": "the_vault:vault/rooms/chaos/void_common_rooms"
  },
  {
    "weight": 0,
    "reference": "the_vault:vault/rooms/chaos/white_common_rooms"
  },
  {
    "weight": 1,
    "reference": "the_vault:vault/rooms/chaos/season_fall_common_rooms"
  },
  {
    "weight": 1,
    "reference": "the_vault:vault/rooms/chaos/season_spring_common_rooms"
  },
  {
    "weight": 1,
    "reference": "the_vault:vault/rooms/chaos/season_summer_common_rooms"
  },
  {
    "weight": 1,
    "reference": "the_vault:vault/rooms/chaos/season_winter_common_rooms"
  }
]