{
  "display": {
    "icon": {
      "item": "the_vault:vault_palladium"
    },
    "title": {
      "text": "Rare Riches"
    },
    "description": {
      "text": "Obtain a Vault Palladium by combining 9 Vault Platinum."
    },
    "frame": "task",
    "show_toast": true,
    "announce_to_chat": true,
    "hidden": false
  },
  "criteria": {
    "diamond": {
      "trigger": "minecraft:inventory_changed",
      "conditions": {
        "items": [
          {
            "items": [
              "the_vault:vault_palladium"
            ]
          }
        ]
      }
    }
  },
  "requirements": [
    [
      "diamond"
    ]
  ]
}
