{
    "parent": "izzy_vault:soul/soul_plaque_7",
    "display": {
      "icon": {
        "item": "the_vault:soul_plaque",
        "nbt": "{CustomModelData:8}"
      },
      "title": {"text": "Soul Plaque - Highest Honor"},
      "description":["",{"text": "Didn't even break a sweat","italic": true},{"text": "\nRecieve the highest Soul Plaque (40 completions or more)"}],
      "frame": "challenge"
    },
    "criteria": {
      "8": {
        "trigger": "minecraft:inventory_changed",
        "conditions": {
          "items": [
            {
              "items": [
                "the_vault:soul_plaque"
              ],
              "nbt": "{CustomModelData:8}"
            }
          ]
        }
      }
    },
    "requirements": [
        ["8"]
    ]
  }