{
  "tile_processors": [
    {
      "type": "placeholder",
      "target": "ORNATE_CHEST",
      "levels": [
        {
          "level": 0,
          "probability": 0.08,
          "success": {
            "the_vault:ornate_chest{LootTable:\"the_vault:ornate_chest_lvl0\"}": 1
          },
          "failure": {
            "minecraft:air": 1
          }
        },
        {
          "level": 20,
          "probability": 0.08,
          "success": {
            "the_vault:ornate_chest{LootTable:\"the_vault:ornate_chest_lvl20\"}": 1
          },
          "failure": {
            "minecraft:air": 1
          }
        },
        {
          "level": 30,
          "probability": 0.08,
          "success": {
            "the_vault:ornate_chest{LootTable:\"the_vault:ornate_chest_lvl30\"}": 1
          },
          "failure": {
            "minecraft:air": 1
          }
        },
        {
          "level": 50,
          "probability": 0.08,
          "success": {
            "the_vault:ornate_chest{LootTable:\"the_vault:ornate_chest_lvl50\"}": 1
          },
          "failure": {
            "minecraft:air": 1
          }
        },
        {
          "level": 65,
          "probability": 0.08,
          "success": {
            "the_vault:ornate_chest{LootTable:\"the_vault:ornate_chest_lvl65\"}": 1
          },
          "failure": {
            "minecraft:air": 1
          }
        }
      ]
    }
  ]
}