{
  "conditions": [
    {
      "modid": "twilightforest",
      "type": "forge:mod_loaded"
    }
  ],
  "type": "twilightforest:fire_beetle",
  "subtypes": [],
  "name": "entity.twilightforest.fire_beetle",
  "name_color": "0xCC7526",
  "gui_scale": 1.0,
  "gui_x_offset": 0.0,
  "gui_y_offset": 0.0,
  "gui_z_offset": 0.0,
  "sim_cost": 512,
  "input": {
    "item": "hostilenetworks:empty_prediction",
    "count": 1
  },
  "base_drop": {
    "item": "hostilenetworks:twilight_prediction",
    "count": 1
  },
  "trivia": "hostilenetworks.trivia.fire_beetle",
  "fabricator_drops": [
    {
      "item": "minecraft:gunpowder",
      "count": 32
    },
    {
	  "optional": true,
      "item": "reliquary:catalyzing_gland",
      "count": 2
    }
  ],
  "tier_data": [
    6,
    54,
    354,
    1254
  ],
  "data_per_kill": [
    1,
    4,
    10,
    18
  ]
}