{
  "conditions": [
    {
      "modid": "twilightforest",
      "type": "forge:mod_loaded"
    }
  ],
  "type": "twilightforest:naga",
  "subtypes": [],
  "name": "entity.twilightforest.naga",
  "name_color": 5635925,
  "gui_scale": 0.85,
  "gui_x_offset": 0.0,
  "gui_y_offset": 0.0,
  "gui_z_offset": 0.0,
  "sim_cost": 1024,
  "input": {
    "item": "hostilenetworks:empty_prediction",
    "count": 1
  },
  "base_drop": {
    "item": "hostilenetworks:twilight_prediction",
    "count": 1
  },
  "trivia": "hostilenetworks.trivia.naga",
  "fabricator_drops": [
    {
      "item": "twilightforest:naga_trophy",
      "count": 4
    },
    {
      "item": "twilightforest:naga_scale",
      "count": 16
    }
  ],
  "tier_data": [
    6,
    54,
    354,
    1254
  ],
  "data_per_kill": [
    1,
    4,
    10,
    18
  ]
}