{
	"parent": "builtin/entity",
	"gui_light": "front",
	"textures": {
		"particle": "the_vault:item/gear/trident/alucard"
	},
	"display": {
		"thirdperson_righthand": {
			"rotation": [
				0,
				-120,
				0
			],
			"translation": [
				-5.5,
				18,
				3
			],
			"scale": [
				0.5,
				0.5,
				0.5
			]
		},
		"thirdperson_lefthand": {
			"rotation": [
				0,
				60,
				0
			],
			"translation": [
				1.5,
				18,
				7
			],
			"scale": [
				0.5,
				0.5,
				0.5
			]
		},
		"firstperson_righthand": {
			"rotation": [
				0,
				-90,
				25
			],
			"translation": [
				-2,
				10,
				1
			],
			"scale": [
				0.25,
				0.25,
				0.25
			]
		},
		"firstperson_lefthand": {
			"rotation": [
				0,
				90,
				-25
			],
			"translation": [
				2,
				10,
				1
			],
			"scale": [
				0.25,
				0.25,
				0.25
			]
		},
		"ground": {
			"rotation": [
				0,
				0,
				0
			],
			"translation": [
				4,
				4,
				2
			],
			"scale": [
				0.25,
				0.25,
				0.25
			]
		},
		"gui": {
			"rotation": [
				15,
				-25,
				-5
			],
			"translation": [
				2,
				3,
				0
			],
			"scale": [
				0.65,
				0.65,
				0.65
			]
		},
		"fixed": {
			"rotation": [
				0,
				180,
				0
			],
			"translation": [
				-2,
				4,
				-5
			],
			"scale": [
				0.5,
				0.5,
				0.5
			]
		}
	},
	"overrides": [
		{
			"predicate": {
				"throwing": 1
			},
			"model": "item/trident_throwing"
		}
	]
}