{
	"credit": "Made with Blockbench",
	"texture": "the_vault:item/gear/trident/fork.png",
	"textureSize": [
		32,
		32
	],
	"models": [
		{
			"part": "body",
			"id": "body",
			"invertAxis": "xy",
			"translate": [
				0,
				-27,
				0
			],
			"boxes": [
				{
					"coordinates": [
						-2.5,
						25,
						-0.5,
						5,
						2,
						1
					],
					"textureOffset": [
						8,
						0
					]
				},
				{
					"coordinates": [
						-1.5,
						24,
						-0.5,
						3,
						1,
						1
					],
					"textureOffset": [
						8,
						3
					]
				},
				{
					"coordinates": [
						-0.5,
						19,
						-0.5,
						1,
						5,
						1
					],
					"textureOffset": [
						8,
						5
					]
				},
				{
					"coordinates": [
						-1.5,
						1,
						-0.5,
						3,
						16,
						1
					],
					"textureOffset": [
						0,
						0
					]
				},
				{
					"coordinates": [
						-1,
						0,
						-0.5,
						2,
						1,
						1
					],
					"textureOffset": [
						12,
						5
					]
				},
				{
					"coordinates": [
						-1,
						17,
						-0.5,
						2,
						2,
						1
					],
					"textureOffset": [
						8,
						11
					]
				},
				{
					"coordinates": [
						-2.5,
						27,
						-0.5,
						1,
						2,
						1
					],
					"textureOffset": [
						24,
						0
					]
				},
				{
					"coordinates": [
						-0.5,
						27,
						-0.5,
						1,
						2,
						1
					],
					"textureOffset": [
						24,
						0
					]
				},
				{
					"coordinates": [
						1.5,
						27,
						-0.5,
						1,
						2,
						1
					],
					"textureOffset": [
						24,
						0
					]
				}
			],
			"submodels": [
				{
					"id": "fork2",
					"invertAxis": "xy",
					"translate": [
						-2,
						30.2,
						-0.5
					],
					"rotate": [
						-22.5,
						0,
						0
					],
					"boxes": [
						{
							"coordinates": [
								-0.5,
								-1.5,
								-0.5,
								1,
								3,
								1
							],
							"textureOffset": [
								20,
								0
							]
						},
						{
							"coordinates": [
								1.5,
								-1.5,
								-0.5,
								1,
								3,
								1
							],
							"textureOffset": [
								20,
								0
							]
						},
						{
							"coordinates": [
								3.5,
								-1.5,
								-0.5,
								1,
								3,
								1
							],
							"textureOffset": [
								20,
								0
							]
						}
					]
				}
			]
		}
	]
}