[{
  "weight": 1,
  "value": {
    "template": "the_vault:vault/decor/generic/epic/7x7/hanging1",
    "palettes": [ "the_vault:generic/spawners/epic_settings" ]
  }
},
  {
    "weight": 1,
    "value": {
      "template": "the_vault:vault/decor/generic/epic/7x7/hanging2",
      "palettes": [ "the_vault:generic/spawners/epic_settings" ]
    }
  },
  {
    "weight": 1,
    "value": {
      "template": "the_vault:vault/decor/generic/epic/7x7/hanging3",
      "palettes": [ "the_vault:generic/spawners/epic_settings" ]
    }
  },
  {
    "weight": 1,
    "value": {
      "template": "the_vault:vault/decor/generic/epic/7x7/hanging5",
      "palettes": [ "the_vault:generic/spawners/epic_settings" ]
    }
  },
  {
    "weight": 1,
    "value": {
      "template": "the_vault:vault/decor/generic/epic/7x7/hanging6",
      "palettes": [ "the_vault:generic/spawners/epic_settings" ]
    }
  }
]