{
  "tile_processors": [
    {
      "type": "reference",
      "id": "the_vault:generic/spawners/generic_settings"
    },
    {
      "type": "leveled",
      "levels": [
        {
          "level": 0,
          "type": "weighted_target",
          "target": "ispawner:spawner",
          "output": {
            "ispawner:spawner{ Manager: { Settings: { Attempts: 4 } } }": 1
          }
        },
        {
          "level": 65,
          "type": "weighted_target",
          "target": "ispawner:spawner",
          "output": {
            "ispawner:spawner{ Manager: { Settings: { Attempts: 5 } } }": 1
          }
        },
        {
          "level": 80,
          "type": "weighted_target",
          "target": "ispawner:spawner",
          "output": {
            "ispawner:spawner{ Manager: { Settings: { Attempts: 6 } } }": 1
          }
        }
      ]
    },
    {
      "type": "leveled",
      "levels": [
        {
          "level": 0,
          "type": "weighted_target",
          "target": "ispawner:spawner",
          "output": {
            "ispawner:spawner{ Manager: { Settings: { PlayerRadius: 12 } } }": 1
          }
        }
      ]
    },
    {
      "type": "leveled",
      "levels": [
        {
          "level": 0,
          "type": "weighted_target",
          "target": "ispawner:spawner",
          "output": {
            "ispawner:spawner{ Manager:{ UsesLeft:3, Settings: { SpawnDelay: 40 } } } }": 1,
            "ispawner:spawner{ Manager:{ UsesLeft:4, Settings: { SpawnDelay: 50 } } } }": 4,
            "ispawner:spawner{ Manager:{ UsesLeft:5, Settings: { SpawnDelay: 50 } } } }": 1,
            "ispawner:spawner": 20
          }
        }
      ]
    },
    {
      "type": "weighted_target",
      "target": "the_vault:placeholder[type=wooden_chest]",
      "output": {
        "the_vault:placeholder[type=wooden_chest]": 13,
        "minecraft:air": 7
      }
    },
    {
      "type": "weighted_target",
      "target": "the_vault:placeholder[type=ornate_chest]",
      "output": {
        "the_vault:placeholder[type=ornate_chest]": 7,
        "minecraft:air": 13
      }
    },
    {
      "type": "weighted_target",
      "target": "the_vault:placeholder[type=living_chest]",
      "output": {
        "the_vault:placeholder[type=living_chest]": 7,
        "minecraft:air": 13
      }
    },
    {
      "type": "weighted_target",
      "target": "the_vault:placeholder[type=gilded_chest]",
      "output": {
        "the_vault:placeholder[type=gilded_chest]": 7,
        "minecraft:air": 13
      }
    },
    {
      "type": "weighted_target",
      "target": "the_vault:placeholder[type=coin_stacks]",
      "output": {
        "the_vault:placeholder[type=coin_stacks]": 9,
        "minecraft:air": 11
      }
    },
    {
      "type": "weighted_target",
      "target": "the_vault:placeholder[type=wooden_chest_waterlogged]",
      "output": {
        "the_vault:placeholder[type=wooden_chest_waterlogged]": 13,
        "minecraft:air": 7
      }
    },
    {
      "type": "weighted_target",
      "target": "the_vault:placeholder[type=ornate_chest_waterlogged]",
      "output": {
        "the_vault:placeholder[type=ornate_chest_waterlogged]": 7,
        "minecraft:air": 13
      }
    },
    {
      "type": "weighted_target",
      "target": "the_vault:placeholder[type=living_chest_waterlogged]",
      "output": {
        "the_vault:placeholder[type=living_chest_waterlogged]": 7,
        "minecraft:air": 13
      }
    },
    {
      "type": "weighted_target",
      "target": "the_vault:placeholder[type=gilded_chest_waterlogged]",
      "output": {
        "the_vault:placeholder[type=gilded_chest_waterlogged]": 7,
        "minecraft:air": 13
      }
    },
    {
      "type": "weighted_target",
      "target": "the_vault:placeholder[type=coin_stacks_waterlogged]",
      "output": {
        "the_vault:placeholder[type=coin_stacks_waterlogged]": 9,
        "minecraft:air": 11
      }
    },
    {
        "type": "leveled",
        "levels": [
            {
                "level": 0,
                "type": "weighted_target",
                "target": "ispawner:spawner",
                "output": {
                    "ispawner:spawner{ rarity:epic }": 1
                }
            }
        ]
    },
    {
        "type": "leveled",
        "levels": [
          {
              "level": 0,
              "type": "weighted_target",
              "target": "ispawner:spawner",
              "output": {
                  "ispawner:spawner{ group:tank }": 0,
                  "ispawner:spawner{ group:assassin }": 0,
                  "ispawner:spawner{ group:horde }": 2,
                  "ispawner:spawner{ group:standard }": 6
              }
          },
          {
              "level": 20,
              "type": "weighted_target",
              "target": "ispawner:spawner",
              "output": {
                  "ispawner:spawner{ group:tank }": 4,
                  "ispawner:spawner{ group:assassin }": 2,
                  "ispawner:spawner{ group:horde }": 7,
                  "ispawner:spawner{ group:standard }": 7
              }
          }
        ]
    }
  ]
}