{
    "parent": "izzy_vault:materials/vault_dust",
    "display": {
      "icon": {
        "item": "the_vault:driftwood"
      },
      "title": {"text": "Is this even Wood?"},
      "description": {"text": "Find some driftwood"}
    },
    "criteria": {
      "craft_item": {
        "trigger": "minecraft:inventory_changed",
        "conditions": {
          "items": [
            {
              "items": [
                "the_vault:driftwood"
              ]
            }
          ]
        }
      }
    }
  }