{
  "type": "minecraft:bee",
  "subtypes": [],
  "name": "entity.minecraft.bee",
  "name_color": "0xFFFF00",
  "gui_scale": 1.0,
  "gui_x_offset": 0.0,
  "gui_y_offset": 0.0,
  "gui_z_offset": 0.0,
  "sim_cost": 96,
  "input": {
    "item": "hostilenetworks:empty_prediction",
    "count": 1
  },
  "base_drop": {
    "item": "hostilenetworks:overworld_prediction",
    "count": 1
  },
  "trivia": "hostilenetworks.trivia.bee",
  "fabricator_drops": [
    {
      "item": "minecraft:honeycomb",
      "count": 8
    },
    {
      "item": "minecraft:honey_bottle",
      "count": 3
    }
  ]
}