{
    "parent": "izzy_vault:the_vault",
    "display": {
      "icon": {
        "item": "the_vault:god_altar",
        "nbt": "{god:'tenos'}"
      },
      "title": {"text": "Are you Ready for a Sacrifice?!"},
      "description": {"text": "Interact with a God Altar"}
    },
    "criteria": {
      "altar": {
        "trigger": "minecraft:item_used_on_block",
        "conditions": {
          "location": {
            "block": {
              "blocks": [
                "the_vault:god_altar"
              ]
            }
          }
        }
      }
    },
    "requirements": [
        ["altar"]
    ]
  }