{
    "type": "quark:toretoise",
    "name": "entity.quark.toretoise",
    "name_color": "0xFFD528",
    "gui_scale": 1,
    "gui_x_offset": 0,
    "gui_y_offset": 0,
    "gui_z_offset": 0,
    "sim_cost": 512,
    "input": {
        "item": "hostilenetworks:empty_prediction"
    },
    "base_drop": {
        "item": "hostilenetworks:overworld_prediction"
    },
    "trivia": "hostilenetworks.trivia.toretoise",
    "fabricator_drops": [
        {
            "item": "minecraft:coal",
            "count": 16
        },
        {
            "item": "minecraft:lapis_lazuli",
            "count": 8
        },
        {
            "item": "minecraft:raw_iron",
            "count": 4
        },
        {
            "item": "minecraft:raw_gold",
            "count": 4
        },
        {
            "item": "minecraft:redstone",
            "count": 8
        }
    ]
}