{
    "parent": "izzy_vault:blocks/modifier_workbench",
    "display": {
      "icon": {
        "item": "the_vault:modifier_discovery"
      },
      "title": {"text": "Expanding Knowledge"},
      "description": {"text": "Interact with a Modifier Archive in a Vault"},
      "frame": "goal"
    },
    "criteria": {
        "iskallium": {
          "trigger": "minecraft:item_used_on_block",
          "conditions": {
            "location": {
              "block": {
                "blocks": [
                  "the_vault:modifier_discovery"
                ]
              }
            }
          }
        }
      }
  }