{
  "MOD_RESEARCHES": [
    {
      "modIds": [
        "davespotioneering"
      ],
      "restrictions": {
        "restricts": {
          "HITTABILITY": true,
          "BLOCK_INTERACTABILITY": true,
          "USABILITY": true,
          "CRAFTABILITY": true,
          "ENTITY_INTERACTABILITY": false
        }
      },
      "name": "Dave's Potioneering",
      "cost": 2,
      "usesKnowledge": true
    },
    {
      "modIds": [
        "immersiveengineering",
        "controlengineering",
        "more_immersive_wires",
        "immersivepetroleum"
      ],
      "restrictions": {
        "restricts": {
          "HITTABILITY": false,
          "BLOCK_INTERACTABILITY": false,
          "USABILITY": false,
          "CRAFTABILITY": true,
          "ENTITY_INTERACTABILITY": false
        }
      },
      "name": "Immersive Engineering",
      "cost": 6,
      "usesKnowledge": true
    },
    {
      "modIds": [
        "rftoolspower"
      ],
      "restrictions": {
        "restricts": {
          "HITTABILITY": true,
          "BLOCK_INTERACTABILITY": true,
          "USABILITY": true,
          "CRAFTABILITY": true,
          "ENTITY_INTERACTABILITY": true
        }
      },
      "name": "RFTools Power",
      "cost": 1,
      "usesKnowledge": true
    },
    {
      "modIds": [
        "compressedcreativity"
      ],
      "restrictions": {
        "restricts": {
          "HITTABILITY": true,
          "BLOCK_INTERACTABILITY": true,
          "USABILITY": true,
          "CRAFTABILITY": true,
          "ENTITY_INTERACTABILITY": true
        }
      },
      "name": "Compressed Creativity",
      "cost": 2,
      "usesKnowledge": true
    },
    {
      "modIds": [
        "advancedperipherals",
        "peripherals"
      ],
      "restrictions": {
        "restricts": {
          "HITTABILITY": true,
          "BLOCK_INTERACTABILITY": true,
          "USABILITY": true,
          "CRAFTABILITY": true,
          "ENTITY_INTERACTABILITY": true
        }
      },
      "name": "Advanced Peripherals",
      "cost": 2,
      "usesKnowledge": true
    },
    {
      "modIds": [
        "incorporeal"
      ],
      "restrictions": {
        "restricts": {
          "HITTABILITY": true,
          "BLOCK_INTERACTABILITY": true,
          "USABILITY": true,
          "CRAFTABILITY": true,
          "ENTITY_INTERACTABILITY": true
        }
      },
      "name": "Incorporeal",
      "cost": 2,
      "usesKnowledge": true
    },
    {
      "modIds": [
        "littlelogistics"
      ],
      "restrictions": {
        "restricts": {
          "HITTABILITY": true,
          "BLOCK_INTERACTABILITY": true,
          "USABILITY": true,
          "CRAFTABILITY": true,
          "ENTITY_INTERACTABILITY": true
        }
      },
      "name": "Little Logistics",
      "cost": 1,
      "usesKnowledge": true
    },
    {
      "modIds": [
        "cabletiers"
      ],
      "restrictions": {
        "restricts": {
          "HITTABILITY": true,
          "BLOCK_INTERACTABILITY": true,
          "USABILITY": true,
          "CRAFTABILITY": true,
          "ENTITY_INTERACTABILITY": true
        }
      },
      "name": "Cable Tiers",
      "cost": 3,
      "usesKnowledge": true
    },
    {
      "modIds": [
        "entangled"
      ],
      "restrictions": {
        "restricts": {
          "HITTABILITY": true,
          "BLOCK_INTERACTABILITY": true,
          "USABILITY": true,
          "CRAFTABILITY": true,
          "ENTITY_INTERACTABILITY": true
        }
      },
      "name": "Entangled",
      "cost": 2,
      "usesKnowledge": true
    },
    {
      "modIds": [
        "mysticalagriculture",
        "matc"
      ],
      "restrictions": {
        "restricts": {
          "HITTABILITY": true,
          "BLOCK_INTERACTABILITY": true,
          "USABILITY": true,
          "CRAFTABILITY": true,
          "ENTITY_INTERACTABILITY": true
        }
      },
      "name": "Mystical Agriculture",
      "cost": 16,
      "usesKnowledge": true
    },
    {
      "modIds": [
        "quarryplus"
      ],
      "restrictions": {
        "restricts": {
          "HITTABILITY": true,
          "BLOCK_INTERACTABILITY": true,
          "USABILITY": true,
          "CRAFTABILITY": true,
          "ENTITY_INTERACTABILITY": true
        }
      },
      "name": "QuarryPlus",
      "cost": 16,
      "usesKnowledge": true
    },
    {
      "modIds": [
        "rftoolsutility"
      ],
      "restrictions": {
        "restricts": {
          "HITTABILITY": false,
          "BLOCK_INTERACTABILITY": false,
          "USABILITY": false,
          "CRAFTABILITY": true,
          "ENTITY_INTERACTABILITY": false
        }
      },
      "name": "RFTools Utility",
      "cost": 3,
      "usesKnowledge": true
    },
    {
      "modIds": [
        "scannable"
      ],
      "restrictions": {
        "restricts": {
          "HITTABILITY": false,
          "BLOCK_INTERACTABILITY": false,
          "USABILITY": true,
          "CRAFTABILITY": true,
          "ENTITY_INTERACTABILITY": false
        }
      },
      "name": "Scanner",
      "cost": 8,
      "usesKnowledge": true
    },
    {
      "modIds": [
        "tiab",
        "weather_control"
      ],
      "restrictions": {
        "restricts": {
          "HITTABILITY": true,
          "BLOCK_INTERACTABILITY": true,
          "USABILITY": true,
          "CRAFTABILITY": true,
          "ENTITY_INTERACTABILITY": true
        }
      },
      "name": "Time in a Bottle",
      "cost": 4,
      "usesKnowledge": true
    },
    {
      "modIds": [
        "createdieselgenerators"
      ],
      "restrictions": {
        "restricts": {
          "HITTABILITY": true,
          "BLOCK_INTERACTABILITY": true,
          "USABILITY": true,
          "CRAFTABILITY": true,
          "ENTITY_INTERACTABILITY": true
        }
      },
      "name": "Create Diesel Generators",
      "cost": 2,
      "usesKnowledge": true
    },
    {
      "modIds": [
        "createaddition",
        "create_enchantment_industry"
      ],
      "restrictions": {
        "restricts": {
          "HITTABILITY": false,
          "BLOCK_INTERACTABILITY": false,
          "USABILITY": false,
          "CRAFTABILITY": true,
          "ENTITY_INTERACTABILITY": false
        }
      },
      "name": "Create Crafts and Additions",
      "cost": 4,
      "usesKnowledge": true
    },
    {
      "modIds": [
        "appbot",
        "appmek"
      ],
      "restrictions": {
        "restricts": {
          "HITTABILITY": false,
          "BLOCK_INTERACTABILITY": false,
          "USABILITY": false,
          "CRAFTABILITY": true,
          "ENTITY_INTERACTABILITY": false
        }
      },
      "name": "Applied Compatability",
      "cost": 1,
      "usesKnowledge": true
    },
    {
      "modIds": [
        "botanicalmachinery"
      ],
      "restrictions": {
        "restricts": {
          "HITTABILITY": false,
          "BLOCK_INTERACTABILITY": false,
          "USABILITY": false,
          "CRAFTABILITY": true,
          "ENTITY_INTERACTABILITY": false
        }
      },
      "name": "Botanical Machinery",
      "cost": 2,
      "usesKnowledge": true
    },
    {
      "modIds": [
        "extrastorage"
      ],
      "restrictions": {
        "restricts": {
          "HITTABILITY": false,
          "BLOCK_INTERACTABILITY": false,
          "USABILITY": false,
          "CRAFTABILITY": true,
          "ENTITY_INTERACTABILITY": false
        }
      },
      "name": "Extra Storage",
      "cost": 8,
      "usesKnowledge": true
    },
    {
      "modIds": [
        "megacells"
      ],
      "restrictions": {
        "restricts": {
          "HITTABILITY": false,
          "BLOCK_INTERACTABILITY": false,
          "USABILITY": false,
          "CRAFTABILITY": true,
          "ENTITY_INTERACTABILITY": false
        }
      },
      "name": "Mega Cells",
      "cost": 8,
      "usesKnowledge": true
    },
    {
      "modIds": [
        "colossalchests"
      ],
      "restrictions": {
        "restricts": {
          "HITTABILITY": false,
          "BLOCK_INTERACTABILITY": false,
          "USABILITY": false,
          "CRAFTABILITY": true,
          "ENTITY_INTERACTABILITY": false
        }
      },
      "name": "Colossal Chests",
      "cost": 1,
      "usesKnowledge": true
    },
    {
      "modIds": [
        "rftoolsstorage"
      ],
      "restrictions": {
        "restricts": {
          "HITTABILITY": false,
          "BLOCK_INTERACTABILITY": false,
          "USABILITY": false,
          "CRAFTABILITY": true,
          "ENTITY_INTERACTABILITY": false
        }
      },
      "name": "RFTools Storage",
      "cost": 1,
      "usesKnowledge": true
    },
    {
      "modIds": [
        "cloudstorage"
      ],
      "restrictions": {
        "restricts": {
          "HITTABILITY": false,
          "BLOCK_INTERACTABILITY": false,
          "USABILITY": false,
          "CRAFTABILITY": true,
          "ENTITY_INTERACTABILITY": false
        }
      },
      "name": "Cloud Storage",
      "cost": 1,
      "usesKnowledge": true
    },
    {
      "modIds": [
        "toms_storage"
      ],
      "restrictions": {
        "restricts": {
          "HITTABILITY": false,
          "BLOCK_INTERACTABILITY": false,
          "USABILITY": true,
          "CRAFTABILITY": true,
          "ENTITY_INTERACTABILITY": true
        }
      },
      "name": "Toms Simple Storage",
      "cost": 1,
      "usesKnowledge": true
    },
    {
      "modIds": [
        "waystones"
      ],
      "restrictions": {
        "restricts": {
          "HITTABILITY": false,
          "BLOCK_INTERACTABILITY": true,
          "USABILITY": true,
          "CRAFTABILITY": true,
          "ENTITY_INTERACTABILITY": false
        }
      },
      "name": "Waystones",
      "cost": 1,
      "usesKnowledge": true
    },
    {
      "modIds": [
        "torchmaster"
      ],
      "restrictions": {
        "restricts": {
          "HITTABILITY": false,
          "BLOCK_INTERACTABILITY": false,
          "USABILITY": false,
          "CRAFTABILITY": true,
          "ENTITY_INTERACTABILITY": false
        }
      },
      "name": "Torch Master",
      "cost": 2,
      "usesKnowledge": true,
      "discoversModels": [
        "the_vault:gear/armor/torch/helmet",
        "the_vault:gear/armor/torch/chestplate",
        "the_vault:gear/armor/torch/leggings",
        "the_vault:gear/armor/torch/boots"
      ]
    },
    {
      "modIds": [
        "trashcans"
      ],
      "restrictions": {
        "restricts": {
          "HITTABILITY": false,
          "BLOCK_INTERACTABILITY": false,
          "USABILITY": false,
          "CRAFTABILITY": true,
          "ENTITY_INTERACTABILITY": false
        }
      },
      "name": "Trashcans",
      "cost": 1,
      "usesKnowledge": true,
      "discoversModels": [
        "the_vault:gear/armor/trash/helmet",
        "the_vault:gear/armor/trash/chestplate",
        "the_vault:gear/armor/trash/leggings",
        "the_vault:gear/armor/trash/boots"
      ]
    },
    {
      "modIds": [
        "buildinggadgets",
        "enercell"
      ],
      "restrictions": {
        "restricts": {
          "HITTABILITY": false,
          "BLOCK_INTERACTABILITY": true,
          "USABILITY": false,
          "CRAFTABILITY": true,
          "ENTITY_INTERACTABILITY": false
        }
      },
      "name": "Building Gadgets",
      "cost": 2,
      "usesKnowledge": true,
      "discoversModels": [
        "the_vault:gear/armor/builder/helmet",
        "the_vault:gear/armor/builder/chestplate",
        "the_vault:gear/armor/builder/leggings",
        "the_vault:gear/armor/builder/boots"
      ]
    },
    {
      "modIds": [
        "mininggadgets"
      ],
      "restrictions": {
        "restricts": {
          "HITTABILITY": false,
          "BLOCK_INTERACTABILITY": true,
          "USABILITY": true,
          "CRAFTABILITY": true,
          "ENTITY_INTERACTABILITY": false
        }
      },
      "name": "Mining Gadgets",
      "cost": 3,
      "usesKnowledge": true
    },
    {
      "modIds": [
        "sophisticatedstorage"
      ],
      "restrictions": {
        "restricts": {
          "HITTABILITY": false,
          "BLOCK_INTERACTABILITY": false,
          "USABILITY": false,
          "CRAFTABILITY": true,
          "ENTITY_INTERACTABILITY": false
        }
      },
      "name": "Sophisticated Storage",
      "cost": 2,
      "usesKnowledge": true
    },
    {
      "modIds": [
        "storagedrawers",
        "fluiddrawerslegacy"
      ],
      "restrictions": {
        "restricts": {
          "HITTABILITY": false,
          "BLOCK_INTERACTABILITY": false,
          "USABILITY": false,
          "CRAFTABILITY": true,
          "ENTITY_INTERACTABILITY": false
        }
      },
      "name": "Drawers",
      "cost": 1,
      "usesKnowledge": true
    },
    {
      "modIds": [
        "functionalstorage"
      ],
      "restrictions": {
        "restricts": {
          "HITTABILITY": false,
          "BLOCK_INTERACTABILITY": false,
          "USABILITY": false,
          "CRAFTABILITY": true,
          "ENTITY_INTERACTABILITY": false
        }
      },
      "name": "Functional Storage",
      "cost": 2,
      "usesKnowledge": true
    },
    {
      "modIds": [
        "ironchests",
        "ironfurnaces",
        "irongenerators"
      ],
      "restrictions": {
        "restricts": {
          "HITTABILITY": false,
          "BLOCK_INTERACTABILITY": true,
          "USABILITY": true,
          "CRAFTABILITY": true,
          "ENTITY_INTERACTABILITY": false
        }
      },
      "name": "Oops, All Iron Mods",
      "cost": 2,
      "usesKnowledge": true
    },
    {
      "modIds": [
        "refinedstorage",
        "refinedcooking"
      ],
      "restrictions": {
        "restricts": {
          "HITTABILITY": false,
          "BLOCK_INTERACTABILITY": true,
          "USABILITY": true,
          "CRAFTABILITY": true,
          "ENTITY_INTERACTABILITY": false
        }
      },
      "name": "Refined Storage",
      "cost": 2,
      "usesKnowledge": true,
      "discoversModels": [
        "the_vault:gear/armor/arcade/helmet",
        "the_vault:gear/armor/arcade/chestplate",
        "the_vault:gear/armor/arcade/leggings",
        "the_vault:gear/armor/arcade/boots"
      ]
    },
    {
      "modIds": [
        "integratednbt",
        "integrateddynamics",
        "integratedterminals",
        "integratedtunnels"
      ],
      "restrictions": {
        "restricts": {
          "HITTABILITY": false,
          "BLOCK_INTERACTABILITY": true,
          "USABILITY": true,
          "CRAFTABILITY": true,
          "ENTITY_INTERACTABILITY": false
        }
      },
      "name": "Integrated Dynamics",
      "cost": 2,
      "usesKnowledge": true
    },
    {
      "modIds": [
        "ae2",
        "appliedcooking",
        "merequester",
        "ae2additions"
      ],
      "restrictions": {
        "restricts": {
          "HITTABILITY": false,
          "BLOCK_INTERACTABILITY": true,
          "USABILITY": true,
          "CRAFTABILITY": true,
          "ENTITY_INTERACTABILITY": false
        }
      },
      "name": "Applied Energistics",
      "cost": 2,
      "usesKnowledge": true,
      "discoversModels": [
        "the_vault:gear/armor/robotic/helmet",
        "the_vault:gear/armor/robotic/chestplate",
        "the_vault:gear/armor/robotic/leggings",
        "the_vault:gear/armor/robotic/boots"
      ]
    },
    {
      "modIds": [
        "elevatorid",
        "travel_anchors"
      ],
      "restrictions": {
        "restricts": {
          "HITTABILITY": false,
          "BLOCK_INTERACTABILITY": false,
          "USABILITY": false,
          "CRAFTABILITY": true,
          "ENTITY_INTERACTABILITY": false
        }
      },
      "name": "Elevators",
      "cost": 1,
      "usesKnowledge": true
    },
    {
      "modIds": [
        "xnet"
      ],
      "restrictions": {
        "restricts": {
          "HITTABILITY": false,
          "BLOCK_INTERACTABILITY": false,
          "USABILITY": false,
          "CRAFTABILITY": true,
          "ENTITY_INTERACTABILITY": false
        }
      },
      "name": "Xnet",
      "cost": 4,
      "usesKnowledge": true,
      "discoversModels": [
        "the_vault:gear/armor/xnet/helmet",
        "the_vault:gear/armor/xnet/chestplate",
        "the_vault:gear/armor/xnet/leggings",
        "the_vault:gear/armor/xnet/boots"
      ]
    },
    {
      "modIds": [
        "sfm"
      ],
      "restrictions": {
        "restricts": {
          "HITTABILITY": false,
          "BLOCK_INTERACTABILITY": true,
          "USABILITY": true,
          "CRAFTABILITY": true,
          "ENTITY_INTERACTABILITY": false
        }
      },
      "name": "Super Factory Manager",
      "cost": 4,
      "usesKnowledge": true
    },
    {
      "modIds": [
        "laserio"
      ],
      "restrictions": {
        "restricts": {
          "HITTABILITY": false,
          "BLOCK_INTERACTABILITY": false,
          "USABILITY": false,
          "CRAFTABILITY": true,
          "ENTITY_INTERACTABILITY": false
        }
      },
      "name": "LaserIO",
      "cost": 2,
      "usesKnowledge": true
    },
    {
      "modIds": [
        "hexcasting"
      ],
      "restrictions": {
        "restricts": {
          "HITTABILITY": false,
          "BLOCK_INTERACTABILITY": true,
          "USABILITY": true,
          "CRAFTABILITY": true,
          "ENTITY_INTERACTABILITY": false
        }
      },
      "name": "Hexcasting",
      "cost": 3,
      "usesKnowledge": true
    },
    {
      "modIds": [
        "modularrouters"
      ],
      "restrictions": {
        "restricts": {
          "HITTABILITY": false,
          "BLOCK_INTERACTABILITY": false,
          "USABILITY": false,
          "CRAFTABILITY": true,
          "ENTITY_INTERACTABILITY": false
        }
      },
      "name": "Modular Routers",
      "cost": 3,
      "usesKnowledge": true
    },
    {
      "modIds": [
        "pipez"
      ],
      "restrictions": {
        "restricts": {
          "HITTABILITY": false,
          "BLOCK_INTERACTABILITY": false,
          "USABILITY": false,
          "CRAFTABILITY": true,
          "ENTITY_INTERACTABILITY": false
        }
      },
      "name": "Pipez",
      "cost": 1,
      "usesKnowledge": true
    },
    {
      "modIds": [
        "computercraft",
        "cccbridge"
      ],
      "restrictions": {
        "restricts": {
          "HITTABILITY": false,
          "BLOCK_INTERACTABILITY": true,
          "USABILITY": true,
          "CRAFTABILITY": true,
          "ENTITY_INTERACTABILITY": false
        }
      },
      "name": "ComputerCraft",
      "cost": 3,
      "usesKnowledge": true
    },
    {
      "modIds": [
        "psi"
      ],
      "restrictions": {
        "restricts": {
          "HITTABILITY": false,
          "BLOCK_INTERACTABILITY": true,
          "USABILITY": true,
          "CRAFTABILITY": true,
          "ENTITY_INTERACTABILITY": false
        }
      },
      "name": "Psi",
      "cost": 4,
      "usesKnowledge": true
    },
    {
      "modIds": [
        "ispawner"
      ],
      "restrictions": {
        "restricts": {
          "HITTABILITY": false,
          "BLOCK_INTERACTABILITY": true,
          "USABILITY": true,
          "CRAFTABILITY": true,
          "ENTITY_INTERACTABILITY": false
        }
      },
      "name": "Mob Spawners",
      "cost": 3,
      "usesKnowledge": true,
      "discoversModels": [
        "the_vault:gear/armor/zombie/helmet",
        "the_vault:gear/armor/zombie/chestplate",
        "the_vault:gear/armor/zombie/leggings",
        "the_vault:gear/armor/zombie/boots"
      ]
    },
    {
      "modIds": [
        "botania"
      ],
      "restrictions": {
        "restricts": {
          "HITTABILITY": false,
          "BLOCK_INTERACTABILITY": false,
          "USABILITY": false,
          "CRAFTABILITY": true,
          "ENTITY_INTERACTABILITY": false
        }
      },
      "name": "Botania",
      "cost": 6,
      "usesKnowledge": true,
      "discoversModels": [
        "the_vault:gear/armor/botania/helmet",
        "the_vault:gear/armor/botania/chestplate",
        "the_vault:gear/armor/botania/leggings",
        "the_vault:gear/armor/botania/boots"
      ]
    },
    {
      "modIds": [
        "pneumaticcraft"
      ],
      "restrictions": {
        "restricts": {
          "HITTABILITY": false,
          "BLOCK_INTERACTABILITY": false,
          "USABILITY": true,
          "CRAFTABILITY": true,
          "ENTITY_INTERACTABILITY": false
        }
      },
      "name": "PneumaticCraft",
      "cost": 2,
      "usesKnowledge": true
    },
    {
      "modIds": [
        "mekanism"
      ],
      "restrictions": {
        "restricts": {
          "HITTABILITY": false,
          "BLOCK_INTERACTABILITY": false,
          "USABILITY": false,
          "CRAFTABILITY": true,
          "ENTITY_INTERACTABILITY": false
        }
      },
      "name": "Mekanism",
      "cost": 6,
      "usesKnowledge": true,
      "discoversModels": [
        "the_vault:gear/armor/meka_light/helmet",
        "the_vault:gear/armor/meka_light/chestplate",
        "the_vault:gear/armor/meka_light/leggings",
        "the_vault:gear/armor/meka_light/boots"
      ]
    },
    {
      "modIds": [
        "industrialforegoing"
      ],
      "restrictions": {
        "restricts": {
          "HITTABILITY": false,
          "BLOCK_INTERACTABILITY": true,
          "USABILITY": true,
          "CRAFTABILITY": true,
          "ENTITY_INTERACTABILITY": false
        }
      },
      "name": "Industrial Foregoing",
      "cost": 6,
      "usesKnowledge": true
    },
    {
      "modIds": [
        "darkutils"
      ],
      "restrictions": {
        "restricts": {
          "HITTABILITY": false,
          "BLOCK_INTERACTABILITY": false,
          "USABILITY": false,
          "CRAFTABILITY": true,
          "ENTITY_INTERACTABILITY": false
        }
      },
      "name": "Dark Utilities",
      "cost": 1,
      "usesKnowledge": true
    },
    {
      "modIds": [
        "create"
      ],
      "restrictions": {
        "restricts": {
          "HITTABILITY": false,
          "BLOCK_INTERACTABILITY": false,
          "USABILITY": false,
          "CRAFTABILITY": true,
          "ENTITY_INTERACTABILITY": false
        }
      },
      "name": "Create",
      "cost": 6,
      "usesKnowledge": true,
      "discoversModels": [
        "the_vault:gear/armor/create/helmet",
        "the_vault:gear/armor/create/chestplate",
        "the_vault:gear/armor/create/leggings",
        "the_vault:gear/armor/create/boots"
      ]
    },
    {
      "modIds": [
        "create_mechanical_extruder"
      ],
      "restrictions": {
        "restricts": {
          "HITTABILITY": false,
          "BLOCK_INTERACTABILITY": false,
          "USABILITY": false,
          "CRAFTABILITY": true,
          "ENTITY_INTERACTABILITY": false
        }
      },
      "name": "Create Mechanical Extruder",
      "cost": 2,
      "usesKnowledge": true
    },
    {
      "modIds": [
        "hostilenetworks"
      ],
      "restrictions": {
        "restricts": {
          "HITTABILITY": false,
          "BLOCK_INTERACTABILITY": true,
          "USABILITY": true,
          "CRAFTABILITY": true,
          "ENTITY_INTERACTABILITY": false
        }
      },
      "name": "Hostile Neural Networks",
      "cost": 3,
      "usesKnowledge": true
    },
    {
      "modIds": [
        "cagerium"
      ],
      "restrictions": {
        "restricts": {
          "HITTABILITY": false,
          "BLOCK_INTERACTABILITY": true,
          "USABILITY": false,
          "CRAFTABILITY": true,
          "ENTITY_INTERACTABILITY": false
        }
      },
      "name": "Cagerium",
      "cost": 3,
      "usesKnowledge": true
    },
    {
      "modIds": [
        "bonsaitrees3"
      ],
      "restrictions": {
        "restricts": {
          "HITTABILITY": false,
          "BLOCK_INTERACTABILITY": true,
          "USABILITY": false,
          "CRAFTABILITY": true,
          "ENTITY_INTERACTABILITY": false
        }
      },
      "name": "Bonsai Pots",
      "cost": 2,
      "usesKnowledge": true
    },
    {
      "modIds": [
        "botanypots",
        "botanypotstiers"
      ],
      "restrictions": {
        "restricts": {
          "HITTABILITY": false,
          "BLOCK_INTERACTABILITY": true,
          "USABILITY": false,
          "CRAFTABILITY": true,
          "ENTITY_INTERACTABILITY": false
        }
      },
      "name": "Botany Pots",
      "cost": 4,
      "usesKnowledge": true,
      "discoversModels": [
        "the_vault:gear/armor/fairy/helmet",
        "the_vault:gear/armor/fairy/chestplate",
        "the_vault:gear/armor/fairy/leggings",
        "the_vault:gear/armor/fairy/boots"
      ]
    },
    {
      "modIds": [
        "fluxnetworks"
      ],
      "restrictions": {
        "restricts": {
          "HITTABILITY": true,
          "BLOCK_INTERACTABILITY": false,
          "USABILITY": false,
          "CRAFTABILITY": true,
          "ENTITY_INTERACTABILITY": true
        }
      },
      "name": "Flux Networks",
      "cost": 2,
      "usesKnowledge": true,
      "discoversModels": [
        "the_vault:gear/armor/flux/helmet",
        "the_vault:gear/armor/flux/chestplate",
        "the_vault:gear/armor/flux/leggings",
        "the_vault:gear/armor/flux/boots"
      ]
    },
    {
      "modIds": [
        "thermal"
      ],
      "restrictions": {
        "restricts": {
          "HITTABILITY": false,
          "BLOCK_INTERACTABILITY": false,
          "USABILITY": false,
          "CRAFTABILITY": true,
          "ENTITY_INTERACTABILITY": false
        }
      },
      "name": "Thermal Expansion",
      "cost": 4,
      "usesKnowledge": true,
      "discoversModels": [
        "the_vault:gear/armor/thermal/helmet",
        "the_vault:gear/armor/thermal/chestplate",
        "the_vault:gear/armor/thermal/leggings",
        "the_vault:gear/armor/thermal/boots"
      ]
    },
    {
      "modIds": [
        "powah"
      ],
      "restrictions": {
        "restricts": {
          "HITTABILITY": false,
          "BLOCK_INTERACTABILITY": false,
          "USABILITY": false,
          "CRAFTABILITY": true,
          "ENTITY_INTERACTABILITY": false
        }
      },
      "name": "Powah",
      "cost": 5,
      "usesKnowledge": true,
      "discoversModels": [
        "the_vault:gear/armor/powah/helmet",
        "the_vault:gear/armor/powah/chestplate",
        "the_vault:gear/armor/powah/leggings",
        "the_vault:gear/armor/powah/boots"
      ]
    },
    {
      "modIds": [
        "mekanismgenerators"
      ],
      "restrictions": {
        "restricts": {
          "HITTABILITY": false,
          "BLOCK_INTERACTABILITY": false,
          "USABILITY": false,
          "CRAFTABILITY": true,
          "ENTITY_INTERACTABILITY": false
        }
      },
      "name": "Mekanism Generators",
      "cost": 6,
      "usesKnowledge": true,
      "discoversModels": [
        "the_vault:gear/armor/meka_dark/helmet",
        "the_vault:gear/armor/meka_dark/chestplate",
        "the_vault:gear/armor/meka_dark/leggings",
        "the_vault:gear/armor/meka_dark/boots"
      ]
    }
  ],
  "CUSTOM_RESEARCHES": [
    {
      "itemRestrictions": {
        "ae2:molecular_assembler": {
          "restricts": {
            "HITTABILITY": true,
            "USABILITY": true,
            "CRAFTABILITY": true
          }
        },
        "mekanism:formulaic_assemblicator": {
          "restricts": {
            "HITTABILITY": true,
            "USABILITY": true,
            "CRAFTABILITY": true
          }
        },
        "refinedstorage:pattern_grid": {
          "restricts": {
            "USABILITY": true,
            "HITTABILITY": true,
            "CRAFTABILITY": true
          }
        },
        "ae2:pattern_encoding_terminal": {
          "restricts": {
            "USABILITY": true,
            "HITTABILITY": true,
            "CRAFTABILITY": true
          }
        },
        "ae2:pattern_access_terminal": {
          "restricts": {
            "USABILITY": true,
            "HITTABILITY": true,
            "CRAFTABILITY": true
          }
        },
        "ae2:pattern_provider": {
          "restricts": {
            "USABILITY": true,
            "HITTABILITY": true,
            "CRAFTABILITY": true
          }
        },
        "ae2:cable_pattern_provider": {
          "restricts": {
            "USABILITY": true,
            "HITTABILITY": true,
            "CRAFTABILITY": true
          }
        },
        "refinedstorage:crafter": {
          "restricts": {
            "HITTABILITY": true,
            "USABILITY": true,
            "CRAFTABILITY": true
          }
        },
        "rftoolsutility:crafter1": {
          "restricts": {
            "HITTABILITY": true,
            "USABILITY": true,
            "CRAFTABILITY": true
          }
        },
        "rftoolsutility:crafter2": {
          "restricts": {
            "HITTABILITY": true,
            "USABILITY": true,
            "CRAFTABILITY": true
          }
        },
        "rftoolsutility:crafter3": {
          "restricts": {
            "HITTABILITY": true,
            "USABILITY": true,
            "CRAFTABILITY": true
          }
        },
        "thermal:machine_crafter": {
          "restricts": {
            "HITTABILITY": true,
            "USABILITY": true,
            "CRAFTABILITY": true
          }
        },
        "create:mechanical_crafter": {
          "restricts": {
            "HITTABILITY": true,
            "USABILITY": true,
            "CRAFTABILITY": true
          }
        },
        "botania:crafting_halo": {
          "restricts": {
            "HITTABILITY": true,
            "USABILITY": true,
            "CRAFTABILITY": true
          }
        },
        "botania:auto_crafting_halo": {
          "restricts": {
            "HITTABILITY": true,
            "USABILITY": true,
            "CRAFTABILITY": true
          }
        },
        "botania:crafty_crate": {
          "restricts": {
            "HITTABILITY": true,
            "USABILITY": true,
            "CRAFTABILITY": true
          }
        },
        "ae2:blank_pattern": {
          "restricts": {
            "HITTABILITY": true,
            "USABILITY": true,
            "CRAFTABILITY": true
          }
        },
        "refinedstorage:pattern": {
          "restricts": {
            "HITTABILITY": true,
            "USABILITY": true,
            "CRAFTABILITY": true
          }
        },
        "integratedcrafting:part_crafting_writer": {
          "restricts": {
            "HITTABILITY": true,
            "USABILITY": true,
            "CRAFTABILITY": true
          }
        },
        "integratedcrafting:part_interface_crafting": {
          "restricts": {
            "HITTABILITY": true,
            "USABILITY": true,
            "CRAFTABILITY": true
          }
        },
        "integratedcrafting:part_terminal_crafting_job": {
          "restricts": {
            "HITTABILITY": true,
            "USABILITY": true,
            "CRAFTABILITY": true
          }
        },
        "extrastorage:iron_crafter": {
          "restricts": {
            "HITTABILITY": true,
            "USABILITY": true,
            "CRAFTABILITY": true
          }
        },
        "extrastorage:gold_crafter": {
          "restricts": {
            "HITTABILITY": true,
            "USABILITY": true,
            "CRAFTABILITY": true
          }
        },
        "extrastorage:diamond_crafter": {
          "restricts": {
            "HITTABILITY": true,
            "USABILITY": true,
            "CRAFTABILITY": true
          }
        },
        "extrastorage:netherite_crafter": {
          "restricts": {
            "HITTABILITY": true,
            "USABILITY": true,
            "CRAFTABILITY": true
          }
        },
        "megacells:mega_crafting_unit": {
          "restricts": {
            "HITTABILITY": true,
            "USABILITY": true,
            "CRAFTABILITY": true
          }
        },
        "megacells:mega_crafting_accelerator": {
          "restricts": {
            "HITTABILITY": true,
            "USABILITY": true,
            "CRAFTABILITY": true
          }
        },
        "megacells:mega_crafting_monitor": {
          "restricts": {
            "HITTABILITY": true,
            "USABILITY": true,
            "CRAFTABILITY": true
          }
        }
      },
      "blockRestrictions": {},
      "entityRestrictions": {},
      "name": "Automatic Genius",
      "cost": 36,
      "usesKnowledge": true,
      "discoversModels": [
        "the_vault:gear/armor/atomatic/helmet",
        "the_vault:gear/armor/atomatic/chestplate",
        "the_vault:gear/armor/atomatic/leggings",
        "the_vault:gear/armor/atomatic/boots"
      ]
    },
    {
      "itemRestrictions": {
        "createoreexcavation:drilling_machine": {
          "restricts": {
            "HITTABILITY": true,
            "USABILITY": true,
            "CRAFTABILITY": true
          }
        },
        "createoreexcavation:extractor": {
          "restricts": {
            "HITTABILITY": true,
            "USABILITY": true,
            "CRAFTABILITY": true
          }
        },
        "createoreexcavation:vein_finder": {
          "restricts": {
            "HITTABILITY": true,
            "USABILITY": true,
            "CRAFTABILITY": true
          }
        },
        "createoreexcavation:drill": {
          "restricts": {
            "HITTABILITY": true,
            "USABILITY": true,
            "CRAFTABILITY": true
          }
        },
        "createoreexcavation:diamond_drill": {
          "restricts": {
            "HITTABILITY": true,
            "USABILITY": true,
            "CRAFTABILITY": true
          }
        },
        "createoreexcavation:netherite_drill": {
          "restricts": {
            "HITTABILITY": true,
            "USABILITY": true,
            "CRAFTABILITY": true
          }
        }
      },
      "blockRestrictions": {},
      "entityRestrictions": {},
      "name": "Create Ore Excavation",
      "cost": 4,
      "usesKnowledge": true
    },
    {
      "itemRestrictions": {
        "mekanism:portable_qio_dashboard": {
          "restricts": {
            "HITTABILITY": true,
            "USABILITY": true,
            "CRAFTABILITY": true
          }
        },
        "mekanism:qio_drive_base": {
          "restricts": {
            "HITTABILITY": true,
            "USABILITY": true,
            "CRAFTABILITY": true
          }
        },
        "mekanism:qio_drive_hyper_dense": {
          "restricts": {
            "HITTABILITY": true,
            "USABILITY": true,
            "CRAFTABILITY": true
          }
        },
        "mekanism:qio_drive_time_dilating": {
          "restricts": {
            "HITTABILITY": true,
            "USABILITY": true,
            "CRAFTABILITY": true
          }
        },
        "mekanism:qio_drive_supermassive": {
          "restricts": {
            "HITTABILITY": true,
            "USABILITY": true,
            "CRAFTABILITY": true
          }
        },
        "mekanism:qio_drive_array": {
          "restricts": {
            "HITTABILITY": true,
            "USABILITY": true,
            "CRAFTABILITY": true
          }
        },
        "mekanism:qio_dashboard": {
          "restricts": {
            "HITTABILITY": true,
            "USABILITY": true,
            "CRAFTABILITY": true
          }
        },
        "mekanism:qio_importer": {
          "restricts": {
            "HITTABILITY": true,
            "USABILITY": true,
            "CRAFTABILITY": true
          }
        },
        "mekanism:qio_exporter": {
          "restricts": {
            "HITTABILITY": true,
            "USABILITY": true,
            "CRAFTABILITY": true
          }
        },
        "mekanism:qio_redstone_adapter": {
          "restricts": {
            "HITTABILITY": true,
            "USABILITY": true,
            "CRAFTABILITY": true
          }
        }
      },
      "blockRestrictions": {},
      "entityRestrictions": {},
      "name": "Mekanism QIO",
      "cost": 1,
      "usesKnowledge": true
    },
    {
      "itemRestrictions": {
        "the_vault:vault_compass": {
          "restricts": {
            "HITTABILITY": true,
            "USABILITY": true,
            "CRAFTABILITY": true
          }
        },
        "playertrackingcompass:tracking_compass": {
          "restricts": {
            "HITTABILITY": true,
            "USABILITY": true,
            "CRAFTABILITY": true
          }
        }
      },
      "blockRestrictions": {},
      "entityRestrictions": {},
      "name": "Vault Compass",
      "cost": 1,
      "usesKnowledge": true
    },
    {
      "itemRestrictions": {
        "vaultintegrations:altar_conduit": {
          "restricts": {
            "HITTABILITY": true,
            "USABILITY": true,
            "CRAFTABILITY": true
          }
        },
        "vaultintegrations:speed_enhancement": {
          "restricts": {
            "HITTABILITY": true,
            "USABILITY": true,
            "CRAFTABILITY": true
          }
        },
        "vaultintegrations:quantity_enhancement": {
          "restricts": {
            "HITTABILITY": true,
            "USABILITY": true,
            "CRAFTABILITY": true
          }
        },
        "vaultintegrations:teleport_enhancement": {
          "restricts": {
            "HITTABILITY": true,
            "USABILITY": true,
            "CRAFTABILITY": true
          }
        }
      },
      "blockRestrictions": {},
      "entityRestrictions": {},
      "name": "Altar Automation",
      "cost": 16,
      "usesKnowledge": true
    },
    {
      "itemRestrictions": {
        "thermal:dynamo_stirling": {
          "restricts": {
            "HITTABILITY": true,
            "USABILITY": true,
            "CRAFTABILITY": true
          }
        },
        "thermal:dynamo_compression": {
          "restricts": {
            "HITTABILITY": true,
            "USABILITY": true,
            "CRAFTABILITY": true
          }
        },
        "thermal:dynamo_magmatic": {
          "restricts": {
            "HITTABILITY": true,
            "USABILITY": true,
            "CRAFTABILITY": true
          }
        },
        "thermal:dynamo_numismatic": {
          "restricts": {
            "HITTABILITY": true,
            "USABILITY": true,
            "CRAFTABILITY": true
          }
        },
        "thermal:dynamo_lapidary": {
          "restricts": {
            "HITTABILITY": true,
            "USABILITY": true,
            "CRAFTABILITY": true
          }
        },
        "thermal:dynamo_disenchantment": {
          "restricts": {
            "HITTABILITY": true,
            "USABILITY": true,
            "CRAFTABILITY": true
          }
        },
        "thermal:dynamo_gourmand": {
          "restricts": {
            "HITTABILITY": true,
            "USABILITY": true,
            "CRAFTABILITY": true
          }
        }
      },
      "blockRestrictions": {},
      "entityRestrictions": {},
      "name": "Thermal Dynamos",
      "cost": 2,
      "usesKnowledge": true
    },
    {
      "itemRestrictions": {
        "the_vault:bottle{type:\"potion\"}": {
          "restricts": {
            "HITTABILITY": true,
            "USABILITY": true,
            "CRAFTABILITY": true
          }
        }
      },
      "blockRestrictions": {},
      "entityRestrictions": {},
      "name": "Potions",
      "cost": 2,
      "usesKnowledge": true
    },
    {
      "itemRestrictions": {
        "the_vault:bottle{type:\"mixture\"}": {
          "restricts": {
            "HITTABILITY": true,
            "USABILITY": true,
            "CRAFTABILITY": true
          }
        }
      },
      "blockRestrictions": {},
      "entityRestrictions": {},
      "name": "Mixtures",
      "cost": 2,
      "usesKnowledge": true
    },
    {
      "itemRestrictions": {
        "the_vault:bottle{type:\"brew\"}": {
          "restricts": {
            "HITTABILITY": true,
            "USABILITY": true,
            "CRAFTABILITY": true
          }
        }
      },
      "blockRestrictions": {},
      "entityRestrictions": {},
      "name": "Brews",
      "cost": 2,
      "usesKnowledge": true
    },
    {
      "itemRestrictions": {
        "mekanism:digital_miner": {
          "restricts": {
            "HITTABILITY": true,
            "USABILITY": true,
            "CRAFTABILITY": true
          }
        }
      },
      "blockRestrictions": {},
      "entityRestrictions": {},
      "name": "Digital Miner",
      "cost": 6,
      "usesKnowledge": true
    },
    {
      "itemRestrictions": {
        "thermal:machine_insolator": {
          "restricts": {
            "HITTABILITY": true,
            "USABILITY": true,
            "CRAFTABILITY": true
          }
        }
      },
      "blockRestrictions": {},
      "entityRestrictions": {},
      "name": "Phytogenic Insulator",
      "cost": 2,
      "usesKnowledge": true
    },
    {
      "itemRestrictions": {
        "the_vault:vault_charm_controller": {
          "restricts": {
            "HITTABILITY": true,
            "USABILITY": true,
            "CRAFTABILITY": true
          }
        },
        "the_vault:vault_charm": {
          "restricts": {
            "HITTABILITY": true,
            "USABILITY": true,
            "CRAFTABILITY": true
          }
        },
        "the_vault:vault_charm_upgrade_tier_1": {
          "restricts": {
            "HITTABILITY": true,
            "USABILITY": true,
            "CRAFTABILITY": true
          }
        },
        "the_vault:vault_charm_upgrade_tier_2": {
          "restricts": {
            "HITTABILITY": true,
            "USABILITY": true,
            "CRAFTABILITY": true
          }
        },
        "the_vault:vault_charm_upgrade_tier_3": {
          "restricts": {
            "HITTABILITY": true,
            "USABILITY": true,
            "CRAFTABILITY": true
          }
        }
      },
      "blockRestrictions": {},
      "entityRestrictions": {},
      "name": "Junk Management",
      "cost": 2,
      "usesKnowledge": true,
      "discoversModels": [
        "the_vault:gear/armor/dank/helmet",
        "the_vault:gear/armor/dank/chestplate",
        "the_vault:gear/armor/dank/leggings",
        "the_vault:gear/armor/dank/boots"
      ]
    },
    {
      "itemRestrictions": {},
      "blockRestrictions": {},
      "entityRestrictions": {},
      "name": "Pouches",
      "cost": 1,
      "usesKnowledge": true
    },
    {
      "itemRestrictions": {
        "sophisticatedbackpacks:stack_upgrade_tier_1": {
          "restricts": {
            "HITTABILITY": false,
            "USABILITY": false,
            "CRAFTABILITY": true
          }
        },
        "sophisticatedbackpacks:stack_upgrade_tier_2": {
          "restricts": {
            "HITTABILITY": false,
            "USABILITY": false,
            "CRAFTABILITY": true
          }
        },
        "sophisticatedbackpacks:stack_upgrade_tier_3": {
          "restricts": {
            "HITTABILITY": false,
            "USABILITY": false,
            "CRAFTABILITY": true
          }
        },
        "sophisticatedbackpacks:stack_upgrade_tier_4": {
          "restricts": {
            "HITTABILITY": false,
            "USABILITY": false,
            "CRAFTABILITY": true
          }
        }
      },
      "blockRestrictions": {},
      "entityRestrictions": {},
      "name": "Stack Upgrading",
      "cost": 1,
      "usesKnowledge": true
    },
    {
      "itemRestrictions": {
        "sophisticatedbackpacks:refill_upgrade": {
          "restricts": {
            "HITTABILITY": false,
            "USABILITY": false,
            "CRAFTABILITY": true
          }
        },
        "sophisticatedbackpacks:advanced_refill_upgrade": {
          "restricts": {
            "HITTABILITY": false,
            "USABILITY": false,
            "CRAFTABILITY": true
          }
        },
        "sophisticatedbackpacks:feeding_upgrade": {
          "restricts": {
            "HITTABILITY": false,
            "USABILITY": false,
            "CRAFTABILITY": true
          }
        },
        "sophisticatedbackpacks:advanced_feeding_upgrade": {
          "restricts": {
            "HITTABILITY": false,
            "USABILITY": false,
            "CRAFTABILITY": true
          }
        },
        "sophisticatedbackpacks:compacting_upgrade": {
          "restricts": {
            "HITTABILITY": false,
            "USABILITY": false,
            "CRAFTABILITY": true
          }
        },
        "sophisticatedbackpacks:advanced_compacting_upgrade": {
          "restricts": {
            "HITTABILITY": false,
            "USABILITY": false,
            "CRAFTABILITY": true
          }
        },
        "sophisticatedbackpacks:auto_smelting_upgrade": {
          "restricts": {
            "HITTABILITY": false,
            "USABILITY": false,
            "CRAFTABILITY": true
          }
        },
        "sophisticatedbackpacks:auto_smoking_upgrade": {
          "restricts": {
            "HITTABILITY": false,
            "USABILITY": false,
            "CRAFTABILITY": true
          }
        },
        "sophisticatedbackpacks:auto_blasting_upgrade": {
          "restricts": {
            "HITTABILITY": false,
            "USABILITY": false,
            "CRAFTABILITY": true
          }
        }
      },
      "blockRestrictions": {},
      "entityRestrictions": {},
      "name": "Auto Feeding",
      "cost": 4,
      "usesKnowledge": true
    },
    {
      "itemRestrictions": {},
      "blockRestrictions": {},
      "entityRestrictions": {},
      "name": "Auto Refill",
      "cost": 1,
      "usesKnowledge": true
    },
    {
      "itemRestrictions": {
        "lightmanscurrency:wallet_gold": {
          "restricts": {
            "HITTABILITY": false,
            "USABILITY": true,
            "CRAFTABILITY": true
          }
        },
        "lightmanscurrency:wallet_emerald": {
          "restricts": {
            "HITTABILITY": false,
            "USABILITY": true,
            "CRAFTABILITY": true
          }
        },
        "lightmanscurrency:wallet_diamond": {
          "restricts": {
            "HITTABILITY": false,
            "USABILITY": true,
            "CRAFTABILITY": true
          }
        },
        "lightmanscurrency:wallet_netherite": {
          "restricts": {
            "HITTABILITY": false,
            "USABILITY": true,
            "CRAFTABILITY": true
          }
        }
      },
      "blockRestrictions": {},
      "entityRestrictions": {},
      "name": "Better Wallets",
      "cost": 1,
      "usesKnowledge": true
    },
    {
      "itemRestrictions": {
        "sophisticatedbackpacks:iron_backpack": {
          "restricts": {
            "HITTABILITY": false,
            "USABILITY": false,
            "CRAFTABILITY": true
          }
        }
      },
      "blockRestrictions": {},
      "entityRestrictions": {},
      "name": "Double Pouches",
      "cost": 1,
      "usesKnowledge": true
    },
    {
      "itemRestrictions": {
        "sophisticatedbackpacks:gold_backpack": {
          "restricts": {
            "HITTABILITY": false,
            "USABILITY": false,
            "CRAFTABILITY": true
          }
        }
      },
      "blockRestrictions": {},
      "entityRestrictions": {},
      "name": "Belts",
      "cost": 1,
      "usesKnowledge": true
    },
    {
      "itemRestrictions": {
        "sophisticatedbackpacks:diamond_backpack": {
          "restricts": {
            "HITTABILITY": false,
            "USABILITY": false,
            "CRAFTABILITY": true
          }
        }
      },
      "blockRestrictions": {},
      "entityRestrictions": {},
      "name": "Backpacks",
      "cost": 2,
      "usesKnowledge": true
    },
    {
      "itemRestrictions": {
        "sophisticatedbackpacks:netherite_backpack": {
          "restricts": {
            "HITTABILITY": false,
            "USABILITY": false,
            "CRAFTABILITY": true
          }
        }
      },
      "blockRestrictions": {},
      "entityRestrictions": {},
      "name": "Big Backpacks",
      "cost": 3,
      "usesKnowledge": true
    },
    {
      "itemRestrictions": {
        "the_vault:vault_harvester": {
          "restricts": {
            "HITTABILITY": true,
            "USABILITY": true,
            "CRAFTABILITY": true
          }
        },
        "the_vault:vault_salvager": {
          "restricts": {
            "HITTABILITY": true,
            "USABILITY": true,
            "CRAFTABILITY": true
          }
        }
      },
      "blockRestrictions": {},
      "entityRestrictions": {},
      "name": "Soul Harvester",
      "cost": 3,
      "usesKnowledge": true
    },
    {
      "itemRestrictions": {
        "botania:mana_fluxfield": {
          "restricts": {
            "HITTABILITY": true,
            "USABILITY": true,
            "CRAFTABILITY": true
          }
        }
      },
      "blockRestrictions": {},
      "entityRestrictions": {},
      "name": "Botania Flux Field",
      "cost": 2,
      "usesKnowledge": true
    },
    {
      "itemRestrictions": {
        "easy_villagers:auto_trader": {
          "restricts": {
            "HITTABILITY": true,
            "USABILITY": true,
            "CRAFTABILITY": true
          }
        },
        "easy_villagers:farmer": {
          "restricts": {
            "HITTABILITY": false,
            "USABILITY": false,
            "CRAFTABILITY": true
          }
        },
        "easy_villagers:iron_farm": {
          "restricts": {
            "HITTABILITY": false,
            "USABILITY": false,
            "CRAFTABILITY": true
          }
        },
        "easy_piglins:barterer": {
          "restricts": {
            "HITTABILITY": false,
            "USABILITY": false,
            "CRAFTABILITY": true
          }
        }
      },
      "blockRestrictions": {},
      "entityRestrictions": {},
      "name": "Easy Villagers",
      "cost": 3,
      "usesKnowledge": true,
      "discoversModels": [
        "the_vault:gear/armor/villager/helmet",
        "the_vault:gear/armor/villager/chestplate",
        "the_vault:gear/armor/villager/leggings",
        "the_vault:gear/armor/villager/boots"
      ]
    }
  ]
}