{
	"credit": "Made with Blockbench",
	"parent": "block/block",
	"texture_size": [32, 32],
	"textures": {
		"0": "the_vault:block/ascension_forge",
		"particle": "the_vault:block/ascension_forge"
	},
	"elements": [
		{
			"from": [0, 0, 0],
			"to": [4, 8, 4],
			"faces": {
				"north": {"uv": [14, 2, 16, 6], "texture": "#0"},
				"east": {"uv": [14, 2, 16, 6], "texture": "#0"},
				"south": {"uv": [14, 2, 16, 6], "texture": "#0"},
				"west": {"uv": [14, 2, 16, 6], "texture": "#0"},
				"up": {"uv": [14, 0, 16, 2], "texture": "#0"},
				"down": {"uv": [14, 6, 16, 8], "texture": "#0"}
			}
		},
		{
			"from": [12, 0, 0],
			"to": [16, 8, 4],
			"rotation": {"angle": 0, "axis": "y", "origin": [12, 0, 0]},
			"faces": {
				"north": {"uv": [14, 2, 16, 6], "texture": "#0"},
				"east": {"uv": [14, 2, 16, 6], "texture": "#0"},
				"south": {"uv": [14, 2, 16, 6], "texture": "#0"},
				"west": {"uv": [14, 2, 16, 6], "texture": "#0"},
				"up": {"uv": [14, 0, 16, 2], "texture": "#0"},
				"down": {"uv": [14, 6, 16, 8], "texture": "#0"}
			}
		},
		{
			"from": [12, 0, 12],
			"to": [16, 8, 16],
			"rotation": {"angle": 0, "axis": "y", "origin": [12, 0, 12]},
			"faces": {
				"north": {"uv": [14, 2, 16, 6], "texture": "#0"},
				"east": {"uv": [14, 2, 16, 6], "texture": "#0"},
				"south": {"uv": [14, 2, 16, 6], "texture": "#0"},
				"west": {"uv": [14, 2, 16, 6], "texture": "#0"},
				"up": {"uv": [14, 0, 16, 2], "texture": "#0"},
				"down": {"uv": [14, 6, 16, 8], "texture": "#0"}
			}
		},
		{
			"from": [0, 0, 12],
			"to": [4, 8, 16],
			"rotation": {"angle": 0, "axis": "y", "origin": [0, 0, 12]},
			"faces": {
				"north": {"uv": [14, 2, 16, 6], "texture": "#0"},
				"east": {"uv": [14, 2, 16, 6], "texture": "#0"},
				"south": {"uv": [14, 2, 16, 6], "texture": "#0"},
				"west": {"uv": [14, 2, 16, 6], "texture": "#0"},
				"up": {"uv": [14, 0, 16, 2], "texture": "#0"},
				"down": {"uv": [14, 6, 16, 8], "texture": "#0"}
			}
		},
		{
			"from": [1, 2, 1],
			"to": [15, 13, 15],
			"rotation": {"angle": 0, "axis": "y", "origin": [1, 2, 1]},
			"faces": {
				"north": {"uv": [0, 7.5, 7, 13], "texture": "#0"},
				"east": {"uv": [0, 7.5, 7, 13], "texture": "#0"},
				"south": {"uv": [0, 7.5, 7, 13], "texture": "#0"},
				"west": {"uv": [0, 7.5, 7, 13], "texture": "#0"},
				"up": {"uv": [0, 0, 7, 7], "texture": "#0"},
				"down": {"uv": [7, 8, 14, 15], "texture": "#0"}
			}
		},
		{
			"from": [2, 13, 2],
			"to": [14, 14, 14],
			"rotation": {"angle": 0, "axis": "y", "origin": [2, 13, 2]},
			"faces": {
				"north": {"uv": [0.5, 7, 6.5, 7.5], "texture": "#0"},
				"east": {"uv": [0.5, 7, 6.5, 7.5], "texture": "#0"},
				"south": {"uv": [0.5, 7, 6.5, 7.5], "texture": "#0"},
				"west": {"uv": [0.5, 7, 6.5, 7.5], "texture": "#0"},
				"up": {"uv": [0.5, 0.5, 6.5, 6.5], "texture": "#0"},
				"down": {"uv": [0.5, 0.5, 6.5, 6.5], "texture": "#0"}
			}
		},
		{
			"from": [1, 14, 1],
			"to": [15, 16, 3],
			"rotation": {"angle": 0, "axis": "y", "origin": [1, 14, 1]},
			"faces": {
				"north": {"uv": [7, 7, 14, 8], "texture": "#0"},
				"east": {"uv": [13, 7, 14, 8], "texture": "#0"},
				"south": {"uv": [7, 1, 14, 2], "texture": "#0"},
				"west": {"uv": [7, 7, 8, 8], "texture": "#0"},
				"up": {"uv": [7, 0, 14, 1], "texture": "#0"},
				"down": {"uv": [7, 6, 14, 7], "texture": "#0"}
			}
		},
		{
			"from": [1, 14, 13],
			"to": [15, 16, 15],
			"rotation": {"angle": 0, "axis": "y", "origin": [1, 14, 13]},
			"faces": {
				"north": {"uv": [7, 1, 14, 2], "texture": "#0"},
				"east": {"uv": [7, 7, 8, 8], "texture": "#0"},
				"south": {"uv": [7, 7, 14, 8], "texture": "#0"},
				"west": {"uv": [13, 7, 14, 8], "texture": "#0"},
				"up": {"uv": [7, 6, 14, 7], "texture": "#0"},
				"down": {"uv": [7, 0, 14, 1], "texture": "#0"}
			}
		},
		{
			"from": [1, 14, 3],
			"to": [3, 16, 13],
			"rotation": {"angle": 0, "axis": "y", "origin": [1, 14, 3]},
			"faces": {
				"north": {"uv": [8, 1, 9, 2], "texture": "#0"},
				"east": {"uv": [8, 1, 13, 2], "texture": "#0"},
				"south": {"uv": [8, 1, 9, 2], "texture": "#0"},
				"west": {"uv": [8, 7, 13, 8], "texture": "#0"},
				"up": {"uv": [7, 1, 8, 6], "texture": "#0"},
				"down": {"uv": [7, 1, 8, 6], "texture": "#0"}
			}
		},
		{
			"from": [13, 14, 3],
			"to": [15, 16, 13],
			"rotation": {"angle": 0, "axis": "y", "origin": [13, 14, 3]},
			"faces": {
				"north": {"uv": [8, 1, 9, 2], "texture": "#0"},
				"east": {"uv": [8, 7, 13, 8], "texture": "#0"},
				"south": {"uv": [8, 1, 9, 2], "texture": "#0"},
				"west": {"uv": [8, 1, 13, 2], "texture": "#0"},
				"up": {"uv": [13, 1, 14, 6], "texture": "#0"},
				"down": {"uv": [13, 1, 14, 6], "texture": "#0"}
			}
		}
	],
	"display": {
		"thirdperson_righthand": {
			"rotation": [75, 45, 0],
			"translation": [0, 2.5, 0],
			"scale": [0.375, 0.375, 0.375]
		},
		"thirdperson_lefthand": {
			"rotation": [75, 45, 0],
			"translation": [0, 2.5, 0],
			"scale": [0.375, 0.375, 0.375]
		},
		"firstperson_righthand": {
			"rotation": [0, 45, 0],
			"scale": [0.4, 0.4, 0.4]
		},
		"firstperson_lefthand": {
			"rotation": [0, 225, 0],
			"scale": [0.4, 0.4, 0.4]
		},
		"ground": {
			"translation": [0, 3, 0],
			"scale": [0.25, 0.25, 0.25]
		},
		"gui": {
			"rotation": [30, 225, 0],
			"scale": [0.625, 0.625, 0.625]
		},
		"fixed": {
			"scale": [0.5, 0.5, 0.5]
		}
	}
}