{
	"credit": "Made with Blockbench",
	"texture_size": [32, 32],
	"textures": {
		"0": "the_vault:block/card_essence_extractor",
		"particle": "the_vault:block/card_essence_extractor"
	},
	"elements": [
		{
			"from": [4, 0, 2],
			"to": [16, 4, 14],
			"rotation": {"angle": 0, "axis": "y", "origin": [4, 0, 14]},
			"faces": {
				"north": {"uv": [0, 14, 6, 16], "texture": "#0"},
				"east": {"uv": [0, 14, 6, 16], "texture": "#0"},
				"south": {"uv": [0, 14, 6, 16], "texture": "#0"},
				"west": {"uv": [0, 14, 6, 16], "texture": "#0"},
				"up": {"uv": [0, 0, 6, 6], "rotation": 270, "texture": "#0"},
				"down": {"uv": [0, 6, 6, 12], "rotation": 90, "texture": "#0"}
			}
		},
		{
			"from": [10, 4, 2],
			"to": [16, 12, 14],
			"rotation": {"angle": 0, "axis": "y", "origin": [10, 4, 14]},
			"faces": {
				"north": {"uv": [15, 0, 12, 4], "texture": "#0"},
				"east": {"uv": [6, 0, 12, 4], "texture": "#0"},
				"south": {"uv": [12, 0, 15, 4], "texture": "#0"},
				"west": {"uv": [6, 0, 12, 4], "texture": "#0"},
				"up": {"uv": [6, 4, 12, 7], "rotation": 270, "texture": "#0"},
				"down": {"uv": [6, 4, 12, 7], "rotation": 90, "texture": "#0"}
			}
		},
		{
			"from": [4, 12, 2],
			"to": [16, 14, 14],
			"rotation": {"angle": 0, "axis": "y", "origin": [4, 12, 14]},
			"faces": {
				"north": {"uv": [6, 13, 0, 14], "texture": "#0"},
				"east": {"uv": [0, 12, 6, 13], "texture": "#0"},
				"south": {"uv": [0, 13, 6, 14], "texture": "#0"},
				"west": {"uv": [0, 12, 6, 13], "texture": "#0"},
				"up": {"uv": [0, 0, 6, 6], "rotation": 270, "texture": "#0"},
				"down": {"uv": [0, 6, 6, 12], "rotation": 90, "texture": "#0"}
			}
		},
		{
			"from": [6, 14, 4],
			"to": [14, 16, 12],
			"rotation": {"angle": 0, "axis": "y", "origin": [6, 14, 12]},
			"faces": {
				"north": {"uv": [6, 15, 10, 16], "texture": "#0"},
				"east": {"uv": [6, 15, 10, 16], "texture": "#0"},
				"south": {"uv": [6, 15, 10, 16], "texture": "#0"},
				"west": {"uv": [6, 15, 10, 16], "texture": "#0"},
				"up": {"uv": [6, 11, 10, 15], "rotation": 90, "texture": "#0"},
				"down": {"uv": [6, 11, 10, 15], "rotation": 90, "texture": "#0"}
			}
		},
		{
			"from": [0, 0, 4],
			"to": [4, 2, 12],
			"rotation": {"angle": 0, "axis": "y", "origin": [0, 0, 12]},
			"faces": {
				"north": {"uv": [10, 8, 12, 9], "texture": "#0"},
				"east": {"uv": [6, 10, 10, 11], "texture": "#0"},
				"south": {"uv": [10, 8, 12, 9], "texture": "#0"},
				"west": {"uv": [6, 10, 10, 11], "texture": "#0"},
				"up": {"uv": [6, 7, 10, 9], "rotation": 270, "texture": "#0"},
				"down": {"uv": [6, 9, 10, 11], "rotation": 90, "texture": "#0"}
			}
		},
		{
			"from": [2, 3, 7],
			"to": [5, 5, 9],
			"rotation": {"angle": 0, "axis": "y", "origin": [2, 3, 9]},
			"faces": {
				"north": {"uv": [15, 1.5, 16, 3], "rotation": 90, "texture": "#0"},
				"east": {"uv": [15, 3, 16, 4], "texture": "#0"},
				"south": {"uv": [15, 1.5, 16, 3], "rotation": 90, "texture": "#0"},
				"west": {"uv": [15, 3, 16, 4], "texture": "#0"},
				"up": {"uv": [15, 0, 16, 1.5], "rotation": 270, "texture": "#0"},
				"down": {"uv": [15, 1.5, 16, 3], "rotation": 90, "texture": "#0"}
			}
		},
		{
			"from": [5, 4, 3],
			"to": [10, 12, 13],
			"rotation": {"angle": 0, "axis": "y", "origin": [5, 4, 13]},
			"faces": {
				"north": {"uv": [13.5, 4, 16, 8], "texture": "#0"},
				"east": {"uv": [11, 12, 16, 16], "texture": "#0"},
				"south": {"uv": [13.5, 8, 16, 12], "texture": "#0"},
				"west": {"uv": [11, 12, 16, 16], "texture": "#0"},
				"up": {"uv": [11, 12, 16, 14.5], "rotation": 270, "texture": "#0"},
				"down": {"uv": [11, 13.5, 16, 16], "rotation": 90, "texture": "#0"}
			}
		}
	],
	"display": {
		"thirdperson_righthand": {
			"rotation": [75, -45, 0],
			"translation": [0, 2.5, 0],
			"scale": [0.375, 0.375, 0.375]
		},
		"thirdperson_lefthand": {
			"rotation": [75, 135, 0],
			"translation": [0, 2.5, 0],
			"scale": [0.375, 0.375, 0.375]
		},
		"firstperson_righthand": {
			"rotation": [0, 45, 0],
			"scale": [0.4, 0.4, 0.4]
		},
		"firstperson_lefthand": {
			"rotation": [0, 225, 0],
			"scale": [0.4, 0.4, 0.4]
		},
		"ground": {
			"translation": [0, 3, 0],
			"scale": [0.25, 0.25, 0.25]
		},
		"gui": {
			"rotation": [30, 45, 0],
			"scale": [0.625, 0.625, 0.625]
		},
		"fixed": {
			"rotation": [0, -90, 0],
			"scale": [0.5, 0.5, 0.5]
		}
	}
}