{
	"credit": "Made with Blockbench",
	"texture_size": [64, 64],
	"textures": {
		"0": "the_vault:block/spirit_extractor",
		"1": "the_vault:block/spirit_extractor_eye",
		"particle": "the_vault:block/spirit_extractor"
	},
	"elements": [
		{
			"from": [0, 0, 0],
			"to": [16, 2, 16],
			"faces": {
				"north": {"uv": [0, 4, 4, 4.5], "texture": "#0"},
				"east": {"uv": [0, 4, 4, 4.5], "texture": "#0"},
				"south": {"uv": [0, 4, 4, 4.5], "texture": "#0"},
				"west": {"uv": [0, 4, 4, 4.5], "texture": "#0"},
				"up": {"uv": [4, 0, 8, 4], "texture": "#0"},
				"down": {"uv": [0, 4.5, 4, 8.5], "texture": "#0"}
			}
		},
		{
			"from": [1, 2, 1],
			"to": [15, 6, 15],
			"faces": {
				"north": {"uv": [7, 0, 14, 2], "texture": "#1"},
				"east": {"uv": [7, 0, 14, 2], "texture": "#1"},
				"south": {"uv": [7, 0, 14, 2], "texture": "#1"},
				"west": {"uv": [7, 0, 14, 2], "texture": "#1"},
				"up": {"uv": [0, 0, 7, 7], "texture": "#1"},
				"down": {"uv": [0, 7, 7, 14], "texture": "#1"}
			}
		},
		{
			"from": [0, 6, 0],
			"to": [16, 8, 16],
			"faces": {
				"north": {"uv": [0, 4, 4, 4.5], "texture": "#0"},
				"east": {"uv": [0, 4, 4, 4.5], "texture": "#0"},
				"south": {"uv": [0, 4, 4, 4.5], "texture": "#0"},
				"west": {"uv": [0, 4, 4, 4.5], "texture": "#0"},
				"up": {"uv": [0, 0, 4, 4], "texture": "#0"},
				"down": {"uv": [0, 4.5, 4, 8.5], "texture": "#0"}
			}
		}
	],
	"display": {
		"thirdperson_righthand": {
			"rotation": [75, 45, 0],
			"translation": [0, 2.5, 0],
			"scale": [0.375, 0.375, 0.375]
		},
		"firstperson_righthand": {
			"rotation": [0, 45, 0],
			"scale": [0.4, 0.4, 0.4]
		},
		"ground": {
			"scale": [0.25, 0.25, 0.25]
		},
		"gui": {
			"rotation": [30, 225, 0],
			"scale": [0.625, 0.625, 0.625]
		},
		"head": {
			"translation": [0, 4.25, 0],
			"scale": [1.15234, 1.15234, 1.15234]
		},
		"fixed": {
			"rotation": [0, 180, 0]
		}
	}
}