{
	"credit": "Made with Blockbench",
	"texture_size": [64, 64],
	"textures": {
		"0": "the_vault:block/tool_vise",
		"particle": "the_vault:block/tool_vise"
	},
	"elements": [
		{
			"from": [0, 0, 0],
			"to": [16, 4, 16],
			"faces": {
				"north": {"uv": [0, 4, 4, 5], "texture": "#0"},
				"east": {"uv": [0, 4, 4, 5], "texture": "#0"},
				"south": {"uv": [0, 4, 4, 5], "texture": "#0"},
				"west": {"uv": [0, 4, 4, 5], "texture": "#0"},
				"up": {"uv": [0, 0, 4, 4], "rotation": 180, "texture": "#0"},
				"down": {"uv": [0, 0, 4, 4], "texture": "#0"}
			}
		},
		{
			"from": [5, 4, 5],
			"to": [11, 8, 11],
			"faces": {
				"north": {"uv": [7.5, 3.75, 9, 4.75], "texture": "#0"},
				"east": {"uv": [7.5, 3.75, 9, 4.75], "texture": "#0"},
				"south": {"uv": [7.5, 3.75, 9, 4.75], "texture": "#0"},
				"west": {"uv": [7.5, 3.75, 9, 4.75], "texture": "#0"},
				"up": {"uv": [7.5, 2.25, 9, 3.75], "texture": "#0"},
				"down": {"uv": [7.5, 2.25, 9, 3.75], "texture": "#0"}
			}
		},
		{
			"from": [3, 6, 6],
			"to": [12, 10, 10],
			"faces": {
				"north": {"uv": [9, 0, 11.25, 1], "texture": "#0"},
				"east": {"uv": [9, 1, 10, 2], "texture": "#0"},
				"south": {"uv": [9, 0, 11.25, 1], "texture": "#0"},
				"west": {"uv": [9, 1, 10, 2], "texture": "#0"},
				"up": {"uv": [9, 0, 11.25, 1], "texture": "#0"},
				"down": {"uv": [9, 0, 11.25, 1], "texture": "#0"}
			}
		},
		{
			"from": [1, 5, 5],
			"to": [3, 11, 11],
			"faces": {
				"north": {"uv": [0, 6.5, 1.5, 7], "rotation": 90, "texture": "#0"},
				"east": {"uv": [0, 5, 1.5, 6.5], "texture": "#0"},
				"south": {"uv": [0, 6.5, 1.5, 7], "rotation": 90, "texture": "#0"},
				"west": {"uv": [0, 5, 1.5, 6.5], "texture": "#0"},
				"up": {"uv": [0, 6.5, 1.5, 7], "rotation": 90, "texture": "#0"},
				"down": {"uv": [0, 6.5, 1.5, 7], "rotation": 90, "texture": "#0"}
			}
		},
		{
			"from": [8.5, 6, 1],
			"to": [12.5, 15, 15],
			"faces": {
				"north": {"uv": [7.5, 0, 8.5, 2.25], "texture": "#0"},
				"east": {"uv": [4, 0, 7.5, 2.25], "texture": "#0"},
				"south": {"uv": [7.5, 0, 8.5, 2.25], "texture": "#0"},
				"west": {"uv": [11.25, 0, 14.75, 2.25], "texture": "#0"},
				"up": {"uv": [4, 2.25, 7.5, 3.25], "rotation": 90, "texture": "#0"},
				"down": {"uv": [4, 2.25, 7.5, 3.25], "rotation": 90, "texture": "#0"}
			}
		},
		{
			"from": [3.5, 6, 1],
			"to": [7.5, 15, 15],
			"faces": {
				"north": {"uv": [7.5, 0, 8.5, 2.25], "texture": "#0"},
				"east": {"uv": [11.25, 0, 14.75, 2.25], "texture": "#0"},
				"south": {"uv": [7.5, 0, 8.5, 2.25], "texture": "#0"},
				"west": {"uv": [4, 0, 7.5, 2.25], "texture": "#0"},
				"up": {"uv": [4, 2.25, 7.5, 3.25], "rotation": 90, "texture": "#0"},
				"down": {"uv": [4, 2.25, 7.5, 3.25], "rotation": 90, "texture": "#0"}
			}
		},
		{
			"from": [8.5, 12, 2],
			"to": [10.5, 16, 14],
			"faces": {
				"north": {"uv": [4.5, 5, 5, 6], "texture": "#0"},
				"east": {"uv": [1.5, 5, 4.5, 6], "texture": "#0"},
				"south": {"uv": [4.5, 5, 5, 6], "texture": "#0"},
				"west": {"uv": [1.5, 5, 4.5, 6], "texture": "#0"},
				"up": {"uv": [1.5, 6, 4.5, 6.5], "rotation": 90, "texture": "#0"},
				"down": {"uv": [1.5, 6, 4.5, 6.5], "rotation": 90, "texture": "#0"}
			}
		},
		{
			"from": [5.5, 12, 2],
			"to": [7.5, 16, 14],
			"faces": {
				"north": {"uv": [4.5, 5, 5, 6], "texture": "#0"},
				"east": {"uv": [1.5, 5, 4.5, 6], "texture": "#0"},
				"south": {"uv": [4.5, 5, 5, 6], "texture": "#0"},
				"west": {"uv": [1.5, 5, 4.5, 6], "texture": "#0"},
				"up": {"uv": [1.5, 6, 4.5, 6.5], "rotation": 90, "texture": "#0"},
				"down": {"uv": [1.5, 6, 4.5, 6.5], "rotation": 90, "texture": "#0"}
			}
		},
		{
			"from": [9, 6, 6],
			"to": [13, 10, 10],
			"faces": {
				"north": {"uv": [9, 0, 10, 1], "texture": "#0"},
				"east": {"uv": [9, 1, 10, 2], "texture": "#0"},
				"south": {"uv": [9, 0, 10, 1], "texture": "#0"},
				"west": {"uv": [9, 1, 10, 2], "texture": "#0"},
				"up": {"uv": [9, 0, 10, 1], "texture": "#0"},
				"down": {"uv": [9, 0, 10, 1], "texture": "#0"}
			}
		},
		{
			"from": [13, 5, 5],
			"to": [15, 11, 11],
			"faces": {
				"north": {"uv": [0, 6.5, 1.5, 7], "rotation": 90, "texture": "#0"},
				"east": {"uv": [0, 5, 1.5, 6.5], "texture": "#0"},
				"south": {"uv": [0, 6.5, 1.5, 7], "rotation": 90, "texture": "#0"},
				"west": {"uv": [0, 5, 1.5, 6.5], "texture": "#0"},
				"up": {"uv": [0, 6.5, 1.5, 7], "rotation": 90, "texture": "#0"},
				"down": {"uv": [0, 6.5, 1.5, 7], "rotation": 90, "texture": "#0"}
			}
		}
	],
	"display": {
		"thirdperson_righthand": {
			"rotation": [75, 315, 0],
			"translation": [0, 2.5, 0],
			"scale": [0.375, 0.375, 0.375]
		},
		"firstperson_righthand": {
			"rotation": [0, 315, 0],
			"translation": [0, 2.5, 0],
			"scale": [0.4, 0.4, 0.4]
		},
		"ground": {
			"translation": [0, 3, 0],
			"scale": [0.25, 0.25, 0.25]
		},
		"gui": {
			"rotation": [30, 45, 0],
			"scale": [0.625, 0.625, 0.625]
		},
		"head": {
			"rotation": [0, 180, 0]
		},
		"fixed": {
			"rotation": [0, 180, 0]
		}
	}
}