{
	"credit": "Made with Blockbench",
	"texture_size": [64, 64],
	"textures": {
		"0": "the_vault:block/vault_forge",
		"1": "block/lava_flow",
		"particle": "the_vault:block/vault_forge"
	},
	"elements": [
		{
			"from": [0, 0, 0],
			"to": [16, 2, 16],
			"faces": {
				"north": {"uv": [0, 3.5, 4, 4], "texture": "#0"},
				"east": {"uv": [0, 3.5, 4, 4], "texture": "#0"},
				"south": {"uv": [0, 3.5, 4, 4], "texture": "#0"},
				"west": {"uv": [0, 3.5, 4, 4], "texture": "#0"},
				"up": {"uv": [0, 0, 4, 4], "texture": "#0"},
				"down": {"uv": [0, 0, 4, 4], "texture": "#0"}
			}
		},
		{
			"from": [0, 14, 0],
			"to": [16, 16, 16],
			"faces": {
				"north": {"uv": [0, 0, 4, 0.5], "texture": "#0"},
				"east": {"uv": [0, 0, 4, 0.5], "texture": "#0"},
				"south": {"uv": [0, 0, 4, 0.5], "texture": "#0"},
				"west": {"uv": [0, 0, 4, 0.5], "texture": "#0"},
				"up": {"uv": [0, 0, 4, 4], "rotation": 180, "texture": "#0"},
				"down": {"uv": [0, 0, 4, 4], "texture": "#0"}
			}
		},
		{
			"from": [2, 2, 14],
			"to": [14, 14, 16],
			"faces": {
				"north": {"uv": [0.5, 4.5, 3.5, 7.5], "texture": "#0"},
				"east": {"uv": [3.5, 4.5, 4, 7.5], "texture": "#0"},
				"south": {"uv": [0.5, 4.5, 3.5, 7.5], "texture": "#0"},
				"west": {"uv": [0, 4.5, 0.5, 7.5], "texture": "#0"},
				"up": {"uv": [0.5, 4, 3.5, 4.5], "texture": "#0"},
				"down": {"uv": [0.5, 7.5, 3.5, 8], "texture": "#0"}
			}
		},
		{
			"from": [0, 2, 0],
			"to": [2, 14, 16],
			"faces": {
				"north": {"uv": [3.5, 0.5, 4, 3.5], "texture": "#0"},
				"east": {"uv": [0, 4.5, 4, 7.5], "texture": "#0"},
				"south": {"uv": [0, 0.5, 0.5, 3.5], "texture": "#0"},
				"west": {"uv": [0, 4.5, 4, 7.5], "texture": "#0"},
				"up": {"uv": [0, 0, 0.5, 4], "texture": "#0"},
				"down": {"uv": [0, 0, 0.5, 4], "texture": "#0"}
			}
		},
		{
			"from": [14, 2, 0],
			"to": [16, 14, 16],
			"faces": {
				"north": {"uv": [0, 0.5, 0.5, 3.5], "texture": "#0"},
				"east": {"uv": [0, 4.5, 4, 7.5], "texture": "#0"},
				"south": {"uv": [3.5, 0.5, 4, 3.5], "texture": "#0"},
				"west": {"uv": [0, 0.5, 4, 3.5], "texture": "#0"},
				"up": {"uv": [0, 0, 0.5, 4], "texture": "#0"},
				"down": {"uv": [0, 0, 0.5, 4], "texture": "#0"}
			}
		},
		{
			"from": [2, 2, 1],
			"to": [14, 6, 5],
			"faces": {
				"north": {"uv": [4, 1, 7, 2], "texture": "#0"},
				"east": {"uv": [7, 0, 8, 1], "texture": "#0"},
				"south": {"uv": [4, 1, 7, 2], "texture": "#0"},
				"west": {"uv": [7, 0, 8, 1], "texture": "#0"},
				"up": {"uv": [4, 1, 7, 2], "texture": "#0"},
				"down": {"uv": [4, 1, 7, 2], "texture": "#0"}
			}
		},
		{
			"from": [2, 10, 1],
			"to": [14, 14, 5],
			"faces": {
				"north": {"uv": [4, 0, 7, 1], "texture": "#0"},
				"east": {"uv": [7, 0, 8, 1], "texture": "#0"},
				"south": {"uv": [4, 1, 7, 2], "texture": "#0"},
				"west": {"uv": [7, 0, 8, 1], "texture": "#0"},
				"up": {"uv": [4, 1, 7, 2], "texture": "#0"},
				"down": {"uv": [4, 1, 7, 2], "texture": "#0"}
			}
		},
		{
			"from": [2, 2, 3],
			"to": [14, 14, 5],
			"faces": {
				"north": {"uv": [1, 1, 7, 7], "texture": "#1"},
				"east": {"uv": [7, 1, 8, 7], "texture": "#1"},
				"south": {"uv": [1, 1, 7, 7], "texture": "#1"},
				"west": {"uv": [0, 1, 1, 7], "texture": "#1"},
				"up": {"uv": [1, 0, 7, 1], "texture": "#1"},
				"down": {"uv": [1, 7, 7, 8], "texture": "#1"}
			}
		},
		{
			"from": [12, 6, 2],
			"to": [13, 10, 3],
			"faces": {
				"north": {"uv": [4.25, 2, 4.5, 3], "texture": "#0"},
				"east": {"uv": [4.25, 2, 4.5, 3], "texture": "#0"},
				"south": {"uv": [4.25, 2, 4.5, 3], "texture": "#0"},
				"west": {"uv": [4.25, 2, 4.5, 3], "texture": "#0"},
				"up": {"uv": [4.25, 2, 4.5, 2.25], "texture": "#0"},
				"down": {"uv": [4.25, 2, 4.5, 2.25], "texture": "#0"}
			}
		},
		{
			"from": [9, 6, 2],
			"to": [10, 10, 3],
			"faces": {
				"north": {"uv": [4.25, 2, 4.5, 3], "texture": "#0"},
				"east": {"uv": [4.25, 2, 4.5, 3], "texture": "#0"},
				"south": {"uv": [4.25, 2, 4.5, 3], "texture": "#0"},
				"west": {"uv": [4.25, 2, 4.5, 3], "texture": "#0"},
				"up": {"uv": [4.25, 2, 4.5, 2.25], "texture": "#0"},
				"down": {"uv": [4.25, 2, 4.5, 2.25], "texture": "#0"}
			}
		},
		{
			"from": [6, 6, 2],
			"to": [7, 10, 3],
			"faces": {
				"north": {"uv": [4.25, 2, 4.5, 3], "texture": "#0"},
				"east": {"uv": [4.25, 2, 4.5, 3], "texture": "#0"},
				"south": {"uv": [4.25, 2, 4.5, 3], "texture": "#0"},
				"west": {"uv": [4.25, 2, 4.5, 3], "texture": "#0"},
				"up": {"uv": [4.25, 2, 4.5, 2.25], "texture": "#0"},
				"down": {"uv": [4.25, 2, 4.5, 2.25], "texture": "#0"}
			}
		},
		{
			"from": [3, 6, 2],
			"to": [4, 10, 3],
			"faces": {
				"north": {"uv": [4.25, 2, 4.5, 3], "texture": "#0"},
				"east": {"uv": [4.25, 2, 4.5, 3], "texture": "#0"},
				"south": {"uv": [4.25, 2, 4.5, 3], "texture": "#0"},
				"west": {"uv": [4.25, 2, 4.5, 3], "texture": "#0"},
				"up": {"uv": [4.25, 2, 4.5, 2.25], "texture": "#0"},
				"down": {"uv": [4.25, 2, 4.5, 2.25], "texture": "#0"}
			}
		}
	],
	"display": {
		"thirdperson_righthand": {
			"rotation": [75, 135, 0],
			"translation": [0, 2.5, 0],
			"scale": [0.375, 0.375, 0.375]
		},
		"firstperson_righthand": {
			"rotation": [0, 135, 0],
			"translation": [0, 2.5, 0],
			"scale": [0.4, 0.4, 0.4]
		},
		"ground": {
			"translation": [0, 3, 0],
			"scale": [0.25, 0.25, 0.25]
		},
		"gui": {
			"rotation": [30, 225, 0],
			"scale": [0.625, 0.625, 0.625]
		},
		"head": {
			"rotation": [0, 180, 0]
		}
	}
}