{
  "inscriptionRecipes": [
    {
      "id": "the_vault:inscription_empty",
      "output": {
        "AMOUNT": 1,
        "ITEM": "the_vault:inscription",
        "NBT": "{pool:\"the_vault:crafted_empty\", data:{color:7012096,model:0}, display:{Name:'{\"text\":\"Empty Inscription\",\"color\":\"#FFFFFF\"}' }}"
      },
      "inputs": [
        {
          "AMOUNT": 1,
          "ITEM": "the_vault:vault_gold",
          "NBT": "{}"
        },
        {
          "AMOUNT": 8,
          "ITEM": "the_vault:inscription_piece",
          "NBT": "{}"
        }
      ]
    },
    {
      "id": "the_vault:inscription_mushroom",
      "output": {
        "AMOUNT": 1,
        "ITEM": "the_vault:inscription",
        "NBT": "{pool:\"the_vault:mushroom\", data:{color:7012096,model:2}, display:{Name:'{\"text\":\"Mush Room Inscription\",\"color\":\"#6AFF00\"}' }}"
      },
      "inputs": [
        {
          "AMOUNT": 5,
          "ITEM": "the_vault:living_chest_scroll",
          "NBT": "{}"
        },
        {
          "AMOUNT": 16,
          "ITEM": "the_vault:vault_gold",
          "NBT": "{}"
        },
        {
          "AMOUNT": 32,
          "ITEM": "the_vault:inscription_piece",
          "NBT": "{}"
        },
        {
          "AMOUNT": 4,
          "ITEM": "the_vault:gem_echo",
          "NBT": "{}"
        }
      ]
    },
    {
      "id": "the_vault:inscription_blacksmith",
      "output": {
        "AMOUNT": 1,
        "ITEM": "the_vault:inscription",
        "NBT": "{pool:\"the_vault:blacksmith\", data:{color:7012096,model:1}, display:{Name:'{\"text\":\"Blacksmith Inscription\",\"color\":\"#6AFF00\"}' }}"
      },
      "inputs": [
        {
          "AMOUNT": 5,
          "ITEM": "the_vault:ornate_chest_scroll",
          "NBT": "{}"
        },
        {
          "AMOUNT": 16,
          "ITEM": "the_vault:vault_gold",
          "NBT": "{}"
        },
        {
          "AMOUNT": 32,
          "ITEM": "the_vault:inscription_piece",
          "NBT": "{}"
        },
        {
          "AMOUNT": 4,
          "ITEM": "the_vault:gem_echo",
          "NBT": "{}"
        }
      ]
    },
    {
      "id": "the_vault:inscription_mine",
      "output": {
        "AMOUNT": 1,
        "ITEM": "the_vault:inscription",
        "NBT": "{pool:\"the_vault:mine\", data:{color:7012096,model:9}, display:{Name:'{\"text\":\"Mine Inscription\",\"color\":\"#6AFF00\"}' }}"
      },
      "inputs": [
        {
          "AMOUNT": 256,
          "ITEM": "the_vault:gem_larimar",
          "NBT": "{}"
        },
        {
          "AMOUNT": 16,
          "ITEM": "the_vault:vault_gold",
          "NBT": "{}"
        },
        {
          "AMOUNT": 64,
          "ITEM": "the_vault:inscription_piece",
          "NBT": "{}"
        },
        {
          "AMOUNT": 8,
          "ITEM": "the_vault:gem_echo",
          "NBT": "{}"
        }
      ]
    },
    
    {
      "id": "the_vault:inscription_library",
      "output": {
        "AMOUNT": 1,
        "ITEM": "the_vault:inscription",
        "NBT": "{pool:\"the_vault:library\", data:{color:7012096,model:3}, display:{Name:'{\"text\":\"Library Inscription\",\"color\":\"#6AFF00\"}' }}"
      },
      "inputs": [
        {
          "AMOUNT": 5,
          "ITEM": "the_vault:gilded_chest_scroll",
          "NBT": "{}"
        },
        {
          "AMOUNT": 16,
          "ITEM": "the_vault:vault_gold",
          "NBT": "{}"
        },
        {
          "AMOUNT": 32,
          "ITEM": "the_vault:inscription_piece",
          "NBT": "{}"
        },
        {
          "AMOUNT": 4,
          "ITEM": "the_vault:gem_echo",
          "NBT": "{}"
        }
      ]
    },
    {
      "id": "the_vault:inscription_cove",
      "output": {
        "AMOUNT": 1,
        "ITEM": "the_vault:inscription",
        "NBT": "{pool:\"the_vault:cove\", data:{color:7012096,model:4}, display:{Name:'{\"text\":\"Cove Inscription\",\"color\":\"#6AFF00\"}' }}"
      },
      "inputs": [
        {
          "AMOUNT": 32,
          "ITEM": "the_vault:bounty_pearl",
          "NBT": "{}"
        },
        {
          "AMOUNT": 32,
          "ITEM": "the_vault:inscription_piece",
          "NBT": "{}"
        },
        {
          "AMOUNT": 8,
          "ITEM": "the_vault:gem_echo",
          "NBT": "{}"
        }
      ]
    },
    {
      "id": "the_vault:painting",
      "output": {
        "AMOUNT": 1,
        "ITEM": "the_vault:inscription",
        "NBT": "{pool:\"the_vault:painting\", data:{color:7012096,model:10}, display:{Name:'{\"text\":\"Painting Inscription\",\"color\":\"#6AFF00\"}' }}"
      },
      "inputs": [
        {
          "AMOUNT": 2,
          "ITEM": "the_vault:gilded_chest_scroll",
          "NBT": "{}"
        },
        {
          "AMOUNT": 2,
          "ITEM": "the_vault:ornate_chest_scroll",
          "NBT": "{}"
        },
        {
          "AMOUNT": 2,
          "ITEM": "the_vault:living_chest_scroll",
          "NBT": "{}"
        },
        {
          "AMOUNT": 2,
          "ITEM": "the_vault:wooden_chest_scroll",
          "NBT": "{}"
        },
        {
          "AMOUNT": 8,
          "ITEM": "the_vault:bounty_pearl",
          "NBT": "{}"
        },
        {
          "AMOUNT": 8,
          "ITEM": "the_vault:vault_gold",
          "NBT": "{}"
        },
        {
          "AMOUNT": 32,
          "ITEM": "the_vault:inscription_piece",
          "NBT": "{}"
        },
        {
          "AMOUNT": 4,
          "ITEM": "the_vault:gem_echo",
          "NBT": "{}"
        }
      ]
    },
    {
      "id": "the_vault:vendor",
      "output": {
        "AMOUNT": 1,
        "ITEM": "the_vault:inscription",
        "NBT": "{pool:\"the_vault:vendor\", data:{color:7012096,model:12}, display:{Name:'{\"text\":\"Vendor Inscription\",\"color\":\"#6AFF00\"}' }}"
      },
      "inputs": [
        {
          "AMOUNT": 32,
          "ITEM": "the_vault:inscription_piece",
          "NBT": "{}"
        },
        {
          "AMOUNT": 4,
          "ITEM": "the_vault:gem_echo",
          "NBT": "{}"
        }
      ]
    },
    {
      "id": "the_vault:inscription_xmark",
      "output": {
        "AMOUNT": 1,
        "ITEM": "the_vault:inscription",
        "NBT": "{pool:\"the_vault:xmark\", data:{color:7012096,model:15}, display:{Name:'{\"text\":\"X-Mark Inscription\",\"color\":\"#F09E00\"}' }}"
      },
      "inputs": [
        {
          "AMOUNT": 2,
          "ITEM": "the_vault:ornate_chest_scroll",
          "NBT": "{}"
        },
        {
          "AMOUNT": 8,
          "ITEM": "the_vault:vault_gold",
          "NBT": "{}"
        },
        {
          "AMOUNT": 8,
          "ITEM": "the_vault:inscription_piece",
          "NBT": "{}"
        }
      ]
    },
    {
      "id": "the_vault:dragon_room",
      "output": {
        "AMOUNT": 1,
        "ITEM": "the_vault:inscription",
        "NBT": "{pool:\"the_vault:dragon\", data:{color:7012096,model:7}, display:{Name:'{\"text\":\"Dragon Inscription\",\"color\":\"#F09E00\"}' }}"
      },
      "inputs": [
        {
          "AMOUNT": 32,
          "ITEM": "the_vault:bounty_pearl",
          "NBT": "{}"
        },
        {
          "AMOUNT": 16,
          "ITEM": "the_vault:inscription_piece",
          "NBT": "{}"
        },
        {
          "AMOUNT": 2,
          "ITEM": "the_vault:gem_echo",
          "NBT": "{}"
        }
      ]
    },
    {
      "id": "the_vault:wild_west",
      "output": {
        "AMOUNT": 1,
        "ITEM": "the_vault:inscription",
        "NBT": "{pool:\"the_vault:wild_west\", data:{color:7012096,model:14}, display:{Name:'{\"text\":\"Wild West Inscription\",\"color\":\"#F09E00\"}' }}"
      },
      "inputs": [
        {
          "AMOUNT": 2,
          "ITEM": "the_vault:gilded_chest_scroll",
          "NBT": "{}"
        },
        {
          "AMOUNT": 8,
          "ITEM": "the_vault:vault_gold",
          "NBT": "{}"
        },
        {
          "AMOUNT": 8,
          "ITEM": "the_vault:inscription_piece",
          "NBT": "{}"
        }
      ]
    },
    {
      "id": "the_vault:crystal_cave",
      "output": {
        "AMOUNT": 1,
        "ITEM": "the_vault:inscription",
        "NBT": "{pool:\"the_vault:crystal_cave\", data:{color:7012096,model:5}, display:{Name:'{\"text\":\"Crystal Caverns Inscription\",\"color\":\"#F09E00\"}' }}"
      },
      "inputs": [
        {
          "AMOUNT": 128,
          "ITEM": "the_vault:gem_larimar",
          "NBT": "{}"
        },
        {
          "AMOUNT": 8,
          "ITEM": "the_vault:vault_gold",
          "NBT": "{}"
        },
        {
          "AMOUNT": 16,
          "ITEM": "the_vault:inscription_piece",
          "NBT": "{}"
        }
      ]
    },
    {
      "id": "the_vault:factory",
      "output": {
        "AMOUNT": 1,
        "ITEM": "the_vault:inscription",
        "NBT": "{pool:\"the_vault:factory\", data:{color:7012096,model:8}, display:{Name:'{\"text\":\"Factory Inscription\",\"color\":\"#F09E00\"}' }}"
      },
      "inputs": [
        {
          "AMOUNT": 1,
          "ITEM": "minecraft:netherite_block",
          "NBT": "{}"
        },
        {
          "AMOUNT": 8,
          "ITEM": "the_vault:vault_gold",
          "NBT": "{}"
        },
        {
          "AMOUNT": 8,
          "ITEM": "the_vault:inscription_piece",
          "NBT": "{}"
        }
      ]
    },
    {
      "id": "the_vault:village",
      "output": {
        "AMOUNT": 1,
        "ITEM": "the_vault:inscription",
        "NBT": "{pool:\"the_vault:village\", data:{color:7012096,model:13}, display:{Name:'{\"text\":\"Village Inscription\",\"color\":\"#F09E00\"}' }}"
      },
      "inputs": [
        {
          "AMOUNT": 1,
          "ITEM": "the_vault:living_chest_scroll",
          "NBT": "{}"
        },
        {
          "AMOUNT": 1,
          "ITEM": "the_vault:gilded_chest_scroll",
          "NBT": "{}"
        },
        {
          "AMOUNT": 1,
          "ITEM": "the_vault:ornate_chest_scroll",
          "NBT": "{}"
        },
        {
          "AMOUNT": 12,
          "ITEM": "the_vault:vault_gold",
          "NBT": "{}"
        },
        {
          "AMOUNT": 16,
          "ITEM": "the_vault:inscription_piece",
          "NBT": "{}"
        }
      ]
    }
  ]
}