{
  "tile_processors": [
    {
      "type": "weighted_target",
      "target": "minecraft:red_glazed_terracotta",
      "output": {
        "tnt[unstable=true]": 1
      }
    },
    {
      "type": "leveled",
      "levels": [
        {
          "level": 0,
          "type": "weighted_target",
          "target": "minecraft:light_gray_glazed_terracotta",
          "output": {
            "minecraft:cobblestone": 40,
            "minecraft:stone": 40,
            "minecraft:sand": 40,
            "minecraft:gravel": 40,
            "minecraft:andesite": 40,
            "minecraft:snow_block": 40,
            "minecraft:diorite": 40,
            "minecraft:granite": 40,
            "minecraft:dirt": 40,
            "minecraft:netherrack": 40,
            "minecraft:obsidian": 30,
            "minecraft:soul_sand": 30,
            "minecraft:end_stone": 30,
            "minecraft:clay": 30,
            "compressium:cobblestone_2": 10,
            "compressium:stone_2": 10,
            "compressium:sand_2": 10,
            "compressium:gravel_2": 10,
            "compressium:andesite_2": 10,
            "compressium:snow_2": 10,
            "compressium:diorite_2": 10,
            "compressium:granite_2": 10,
            "compressium:dirt_2": 10,
            "compressium:netherrack_2": 10,
            "compressium:obsidian_2": 4,
            "compressium:soulsand_2": 4,
            "compressium:endstone_2": 4,
            "compressium:clay_2": 4
          }
        },
        {
          "level": 25,
          "type": "weighted_target",
          "target": "minecraft:light_gray_glazed_terracotta",
          "output": {
            "minecraft:cobblestone": 30,
            "minecraft:stone": 30,
            "minecraft:sand": 30,
            "minecraft:gravel": 30,
            "minecraft:andesite": 30,
            "minecraft:snow_block": 30,
            "minecraft:diorite": 30,
            "minecraft:granite": 30,
            "minecraft:dirt": 30,
            "minecraft:netherrack": 30,
            "minecraft:obsidian": 30,
            "minecraft:soul_sand": 30,
            "minecraft:end_stone": 30,
            "minecraft:clay": 30,
            "compressium:cobblestone_2": 15,
            "compressium:stone_2": 15,
            "compressium:sand_2": 15,
            "compressium:gravel_2": 15,
            "compressium:andesite_2": 15,
            "compressium:snow_2": 15,
            "compressium:diorite_2": 15,
            "compressium:granite_2": 15,
            "compressium:dirt_2": 15,
            "compressium:netherrack_2": 15,
            "compressium:obsidian_2": 8,
            "compressium:soulsand_2": 8,
            "compressium:endstone_2": 8,
            "compressium:clay_2": 8,
            "compressium:cobblestone_3": 1,
            "compressium:stone_3": 1,
            "compressium:sand_3": 1,
            "compressium:gravel_3": 1,
            "compressium:andesite_3": 1,
            "compressium:snow_3": 1,
            "compressium:diorite_3": 1,
            "compressium:granite_3": 1,
            "compressium:dirt_3": 1,
            "compressium:netherrack_3": 1,
            "minecraft:sponge_1": 4,
            "minecraft:glowstone_1": 8,
            "minecraft:amethyst_block_1": 2,
            "minecraft:slime_block_1": 2,
            "the_vault:vault_essence_2": 8,
            "the_vault:vault_diamond_block": 30,
            "the_vault:vault_essence_1": 16,
            "the_vault:magic_silk_block": 16,
            "the_vault:magic_silk_block_1": 2,
            "the_vault:vault_stone_2": 12,
            "the_vault:ancient_copper_block_1": 16,
            "the_vault:vault_plating_block": 40,
            "the_vault:vault_plating_block_1": 8,
            "the_vault:carbon_block": 40,
            "the_vault:gilded_block_1": 20,
            "the_vault:velvet_block_1": 20,
            "the_vault:compressed_soot_block": 20,
            "the_vault:chromatic_gold_block": 10,
            "the_vault:chromatic_iron_block": 25,
            "the_vault:chromatic_steel_block": 30,
            "compressium:emerald_1": 1,
            "compressium:gold_1": 1,
            "compressium:iron_2": 1,
            "compressium:diamond_1": 1,
            "compressium:copper_2": 2,
            "compressium:lapis_1": 1,
            "compressium:redstone_1": 2
          }
        },
        {
          "level": 50,
          "type": "weighted_target",
          "target": "minecraft:light_gray_glazed_terracotta",
          "output": {
            "minecraft:cobblestone": 30,
            "minecraft:stone": 30,
            "minecraft:sand": 30,
            "minecraft:gravel": 30,
            "minecraft:andesite": 30,
            "minecraft:snow_block": 30,
            "minecraft:diorite": 30,
            "minecraft:granite": 30,
            "minecraft:dirt": 30,
            "minecraft:netherrack": 30,
            "minecraft:obsidian": 30,
            "minecraft:soul_sand": 30,
            "minecraft:end_stone": 30,
            "minecraft:clay": 30,
            "compressium:cobblestone_2": 15,
            "compressium:stone_2": 15,
            "compressium:sand_2": 15,
            "compressium:gravel_2": 15,
            "compressium:andesite_2": 15,
            "compressium:snow_2": 15,
            "compressium:diorite_2": 15,
            "compressium:granite_2": 15,
            "compressium:dirt_2": 15,
            "compressium:netherrack_2": 15,
            "compressium:obsidian_2": 8,
            "compressium:soulsand_2": 8,
            "compressium:endstone_2": 8,
            "compressium:clay_2": 8,
            "compressium:cobblestone_3": 1,
            "compressium:stone_3": 1,
            "compressium:sand_3": 1,
            "compressium:gravel_3": 1,
            "compressium:andesite_3": 1,
            "compressium:snow_3": 1,
            "compressium:diorite_3": 1,
            "compressium:granite_3": 1,
            "compressium:dirt_3": 1,
            "compressium:netherrack_3": 1,
            "minecraft:sponge_1": 4,
            "minecraft:glowstone_1": 8,
            "minecraft:amethyst_block_1": 2,
            "minecraft:slime_block_1": 2,
            "the_vault:vault_essence_2": 2,
            "the_vault:vault_diamond_block": 30,
            "the_vault:vault_essence_1": 8,
            "the_vault:magic_silk_block": 8,
            "the_vault:magic_silk_block_1": 1,
            "the_vault:vault_stone_2": 12,
            "the_vault:ancient_copper_block_1": 4,
            "the_vault:vault_plating_block": 40,
            "the_vault:vault_plating_block_1": 3,
            "the_vault:carbon_block": 10,
            "the_vault:gilded_block_1": 10,
            "the_vault:velvet_block_1": 10,
            "the_vault:compressed_soot_block": 10,
            "the_vault:chromatic_gold_block": 10,
            "the_vault:chromatic_iron_block": 25,
            "the_vault:chromatic_steel_block": 30,
            "compressium:emerald_1": 1,
            "compressium:gold_1": 1,
            "compressium:iron_2": 1,
            "compressium:diamond_1": 1,
            "compressium:copper_2": 2,
            "compressium:lapis_1": 1,
            "compressium:redstone_1": 2
          }
        },
        {
          "level": 75,
          "type": "weighted_target",
          "target": "minecraft:light_gray_glazed_terracotta",
          "output": {
            "minecraft:cobblestone": 30,
            "minecraft:stone": 30,
            "minecraft:sand": 30,
            "minecraft:gravel": 30,
            "minecraft:andesite": 30,
            "minecraft:snow_block": 30,
            "minecraft:diorite": 30,
            "minecraft:granite": 30,
            "minecraft:dirt": 30,
            "minecraft:netherrack": 30,
            "minecraft:obsidian": 30,
            "minecraft:soul_sand": 30,
            "minecraft:end_stone": 30,
            "minecraft:clay": 30,
            "compressium:cobblestone_2": 15,
            "compressium:stone_2": 15,
            "compressium:sand_2": 15,
            "compressium:gravel_2": 15,
            "compressium:andesite_2": 15,
            "compressium:snow_2": 15,
            "compressium:diorite_2": 15,
            "compressium:granite_2": 15,
            "compressium:dirt_2": 15,
            "compressium:netherrack_2": 15,
            "compressium:obsidian_2": 8,
            "compressium:soulsand_2": 8,
            "compressium:endstone_2": 8,
            "compressium:clay_2": 8,
            "compressium:cobblestone_3": 1,
            "compressium:stone_3": 1,
            "compressium:sand_3": 1,
            "compressium:gravel_3": 1,
            "compressium:andesite_3": 1,
            "compressium:snow_3": 1,
            "compressium:diorite_3": 1,
            "compressium:granite_3": 1,
            "compressium:dirt_3": 1,
            "compressium:netherrack_3": 1,
            "minecraft:sponge_1": 4,
            "minecraft:glowstone_1": 8,
            "minecraft:amethyst_block_1": 2,
            "minecraft:slime_block_1": 2,
            "the_vault:vault_essence_2": 2,
            "the_vault:vault_diamond_block": 16,
            "the_vault:vault_essence_1": 8,
            "the_vault:magic_silk_block": 8,
            "the_vault:magic_silk_block_1": 1,
            "the_vault:vault_stone_2": 12,
            "the_vault:ancient_copper_block_1": 4,
            "the_vault:vault_plating_block": 40,
            "the_vault:vault_plating_block_1": 8,
            "the_vault:carbon_block": 10,
            "the_vault:gilded_block_1": 10,
            "the_vault:velvet_block_1": 10,
            "the_vault:compressed_soot_block": 10,
            "the_vault:black_chromatic_steel_block": 1,
            "the_vault:chromatic_gold_block": 10,
            "the_vault:chromatic_iron_block": 25,
            "the_vault:chromatic_steel_block": 30,
            "compressium:emerald_1": 1,
            "compressium:gold_1": 1,
            "compressium:iron_2": 1,
            "compressium:diamond_1": 1,
            "compressium:copper_2": 2,
            "compressium:lapis_1": 1,
            "compressium:redstone_1": 2
          }
        }
      ]
    },
    {
      "type": "leveled",
      "levels": [
        {
          "level": 0,
          "type": "weighted_target",
          "target": "minecraft:light_blue_glazed_terracotta",
          "output": {
            "minecraft:cobblestone": 30,
            "minecraft:stone": 30,
            "minecraft:sand": 30,
            "minecraft:gravel": 30,
            "minecraft:andesite": 30,
            "minecraft:snow_block": 30,
            "minecraft:diorite": 30,
            "minecraft:granite": 30,
            "minecraft:dirt": 30,
            "minecraft:netherrack": 30,
            "minecraft:obsidian": 30,
            "minecraft:soul_sand": 30,
            "minecraft:end_stone": 30,
            "minecraft:clay": 30,
            "compressium:cobblestone_2": 15,
            "compressium:stone_2": 15,
            "compressium:sand_2": 15,
            "compressium:gravel_2": 15,
            "compressium:andesite_2": 15,
            "compressium:snow_2": 15,
            "compressium:diorite_2": 15,
            "compressium:granite_2": 15,
            "compressium:dirt_2": 15,
            "compressium:netherrack_2": 15,
            "compressium:obsidian_2": 8,
            "compressium:soulsand_2": 8,
            "compressium:endstone_2": 8,
            "compressium:clay_2": 8,
            "compressium:cobblestone_3": 1,
            "compressium:stone_3": 1,
            "compressium:sand_3": 1,
            "compressium:gravel_3": 1,
            "compressium:andesite_3": 1,
            "compressium:snow_3": 1,
            "compressium:diorite_3": 1,
            "compressium:granite_3": 1,
            "compressium:dirt_3": 1,
            "compressium:netherrack_3": 1,
            "minecraft:sponge_1": 4,
            "minecraft:glowstone_1": 8,
            "minecraft:amethyst_block_1": 2,
            "minecraft:slime_block_1": 2,
            "the_vault:vault_essence_2": 2,
            "the_vault:vault_diamond_block": 8,
            "the_vault:vault_essence_1": 8,
            "the_vault:magic_silk_block": 8,
            "the_vault:magic_silk_block_1": 1,
            "the_vault:vault_stone_2": 12,
            "the_vault:ancient_copper_block_1": 4,
            "the_vault:vault_plating_block": 15,
            "the_vault:vault_plating_block_1": 3,
            "the_vault:carbon_block": 10,
            "the_vault:gilded_block_1": 10,
            "the_vault:velvet_block_1": 10,
            "the_vault:compressed_soot_block": 10,
            "the_vault:chromatic_gold_block": 10,
            "the_vault:chromatic_iron_block": 25,
            "the_vault:chromatic_steel_block": 30,
            "compressium:emerald_1": 1,
            "compressium:gold_1": 1,
            "compressium:iron_2": 1,
            "compressium:diamond_1": 1,
            "compressium:copper_2": 2,
            "compressium:lapis_1": 1,
            "compressium:redstone_1": 2
          }
        },
        {
          "level": 25,
          "type": "weighted_target",
          "target": "minecraft:light_blue_glazed_terracotta",
          "output": {
            "minecraft:cobblestone": 30,
            "minecraft:stone": 30,
            "minecraft:sand": 30,
            "minecraft:gravel": 30,
            "minecraft:andesite": 30,
            "minecraft:snow_block": 30,
            "minecraft:diorite": 30,
            "minecraft:granite": 30,
            "minecraft:dirt": 30,
            "minecraft:netherrack": 30,
            "minecraft:obsidian": 30,
            "minecraft:soul_sand": 30,
            "minecraft:end_stone": 30,
            "minecraft:clay": 30,
            "compressium:cobblestone_2": 15,
            "compressium:stone_2": 15,
            "compressium:sand_2": 15,
            "compressium:gravel_2": 15,
            "compressium:andesite_2": 15,
            "compressium:snow_2": 15,
            "compressium:diorite_2": 15,
            "compressium:granite_2": 15,
            "compressium:dirt_2": 15,
            "compressium:netherrack_2": 15,
            "compressium:obsidian_2": 8,
            "compressium:soulsand_2": 8,
            "compressium:endstone_2": 8,
            "compressium:clay_2": 8,
            "compressium:cobblestone_3": 1,
            "compressium:stone_3": 1,
            "compressium:sand_3": 1,
            "compressium:gravel_3": 1,
            "compressium:andesite_3": 1,
            "compressium:snow_3": 1,
            "compressium:diorite_3": 1,
            "compressium:granite_3": 1,
            "compressium:dirt_3": 1,
            "compressium:netherrack_3": 1,
            "minecraft:sponge_1": 4,
            "minecraft:glowstone_1": 8,
            "minecraft:amethyst_block_1": 2,
            "minecraft:slime_block_1": 2,
            "the_vault:vault_essence_2": 2,
            "the_vault:vault_diamond_block": 8,
            "the_vault:vault_essence_1": 8,
            "the_vault:magic_silk_block": 8,
            "the_vault:magic_silk_block_1": 1,
            "the_vault:vault_stone_2": 12,
            "the_vault:ancient_copper_block_1": 4,
            "the_vault:vault_plating_block": 15,
            "the_vault:vault_plating_block_1": 3,
            "the_vault:carbon_block": 10,
            "the_vault:gilded_block_1": 10,
            "the_vault:velvet_block_1": 10,
            "the_vault:compressed_soot_block": 10,
            "the_vault:chromatic_gold_block": 10,
            "the_vault:chromatic_iron_block": 25,
            "the_vault:chromatic_steel_block": 30,
            "compressium:emerald_1": 1,
            "compressium:gold_1": 1,
            "compressium:iron_2": 1,
            "compressium:diamond_1": 1,
            "compressium:copper_2": 2,
            "compressium:lapis_1": 1,
            "compressium:redstone_1": 2
          }
        },
        {
          "level": 50,
          "type": "weighted_target",
          "target": "minecraft:light_blue_glazed_terracotta",
          "output": {
            "minecraft:cobblestone": 30,
            "minecraft:stone": 30,
            "minecraft:sand": 30,
            "minecraft:gravel": 30,
            "minecraft:andesite": 30,
            "minecraft:snow_block": 30,
            "minecraft:diorite": 30,
            "minecraft:granite": 30,
            "minecraft:dirt": 30,
            "minecraft:netherrack": 30,
            "minecraft:obsidian": 30,
            "minecraft:soul_sand": 30,
            "minecraft:end_stone": 30,
            "minecraft:clay": 30,
            "compressium:cobblestone_2": 15,
            "compressium:stone_2": 15,
            "compressium:sand_2": 15,
            "compressium:gravel_2": 15,
            "compressium:andesite_2": 15,
            "compressium:snow_2": 15,
            "compressium:diorite_2": 15,
            "compressium:granite_2": 15,
            "compressium:dirt_2": 15,
            "compressium:netherrack_2": 15,
            "compressium:obsidian_2": 8,
            "compressium:soulsand_2": 8,
            "compressium:endstone_2": 8,
            "compressium:clay_2": 8,
            "compressium:cobblestone_3": 1,
            "compressium:stone_3": 1,
            "compressium:sand_3": 1,
            "compressium:gravel_3": 1,
            "compressium:andesite_3": 1,
            "compressium:snow_3": 1,
            "compressium:diorite_3": 1,
            "compressium:granite_3": 1,
            "compressium:dirt_3": 1,
            "compressium:netherrack_3": 1,
            "minecraft:sponge_1": 4,
            "minecraft:glowstone_1": 8,
            "minecraft:amethyst_block_1": 2,
            "minecraft:slime_block_1": 2,
            "the_vault:vault_essence_2": 2,
            "the_vault:vault_diamond_block": 8,
            "the_vault:vault_essence_1": 8,
            "the_vault:magic_silk_block": 8,
            "the_vault:magic_silk_block_1": 1,
            "the_vault:vault_stone_2": 12,
            "the_vault:ancient_copper_block_1": 4,
            "the_vault:vault_plating_block": 15,
            "the_vault:vault_plating_block_1": 3,
            "the_vault:carbon_block": 10,
            "the_vault:gilded_block_1": 10,
            "the_vault:velvet_block_1": 10,
            "the_vault:compressed_soot_block": 10,
            "the_vault:chromatic_gold_block": 10,
            "the_vault:chromatic_iron_block": 25,
            "the_vault:chromatic_steel_block": 30,
            "compressium:emerald_1": 1,
            "compressium:gold_1": 1,
            "compressium:iron_2": 1,
            "compressium:diamond_1": 1,
            "compressium:copper_2": 2,
            "compressium:lapis_1": 1,
            "compressium:redstone_1": 2
          }
        },
        {
          "level": 75,
          "type": "weighted_target",
          "target": "minecraft:light_blue_glazed_terracotta",
          "output": {
            "minecraft:cobblestone": 30,
            "minecraft:stone": 30,
            "minecraft:sand": 30,
            "minecraft:gravel": 30,
            "minecraft:andesite": 30,
            "minecraft:snow_block": 30,
            "minecraft:diorite": 30,
            "minecraft:granite": 30,
            "minecraft:dirt": 30,
            "minecraft:netherrack": 30,
            "minecraft:obsidian": 30,
            "minecraft:soul_sand": 30,
            "minecraft:end_stone": 30,
            "minecraft:clay": 30,
            "compressium:cobblestone_2": 15,
            "compressium:stone_2": 15,
            "compressium:sand_2": 15,
            "compressium:gravel_2": 15,
            "compressium:andesite_2": 15,
            "compressium:snow_2": 15,
            "compressium:diorite_2": 15,
            "compressium:granite_2": 15,
            "compressium:dirt_2": 15,
            "compressium:netherrack_2": 15,
            "compressium:obsidian_2": 8,
            "compressium:soulsand_2": 8,
            "compressium:endstone_2": 8,
            "compressium:clay_2": 8,
            "compressium:cobblestone_3": 1,
            "compressium:stone_3": 1,
            "compressium:sand_3": 1,
            "compressium:gravel_3": 1,
            "compressium:andesite_3": 1,
            "compressium:snow_3": 1,
            "compressium:diorite_3": 1,
            "compressium:granite_3": 1,
            "compressium:dirt_3": 1,
            "compressium:netherrack_3": 1,
            "minecraft:sponge_1": 4,
            "minecraft:glowstone_1": 8,
            "minecraft:amethyst_block_1": 2,
            "minecraft:slime_block_1": 2,
            "the_vault:vault_essence_2": 2,
            "the_vault:vault_diamond_block": 8,
            "the_vault:vault_essence_1": 8,
            "the_vault:magic_silk_block": 8,
            "the_vault:magic_silk_block_1": 1,
            "the_vault:vault_stone_2": 12,
            "the_vault:ancient_copper_block_1": 4,
            "the_vault:vault_plating_block": 15,
            "the_vault:vault_plating_block_1": 3,
            "the_vault:carbon_block": 10,
            "the_vault:gilded_block_1": 10,
            "the_vault:velvet_block_1": 10,
            "the_vault:compressed_soot_block": 10,
            "the_vault:chromatic_gold_block": 10,
            "the_vault:chromatic_iron_block": 25,
            "the_vault:chromatic_steel_block": 30,
            "compressium:emerald_1": 1,
            "compressium:gold_1": 1,
            "compressium:iron_2": 1,
            "compressium:diamond_1": 1,
            "compressium:copper_2": 2,
            "compressium:lapis_1": 1,
            "compressium:redstone_1": 2
          }
        }
      ]
    },
    {
      "type": "reference",
      "id": "the_vault:generic/challenge_elite_spawners"
    },
    {
      "type": "reference",
      "id": "the_vault:generic/room_base"
    }
  ],
  "entity_processors": [],
  "decorators": []
}