{
	"credit": "Made with Blockbench",
	"texture": "the_vault:item/gear/trident/rainwalker.png",
	"textureSize": [
		32,
		32
	],
	"models": [
		{
			"part": "body",
			"id": "body",
			"invertAxis": "xy",
			"translate": [
				0,
				-27,
				0
			],
			"boxes": [
				{
					"coordinates": [
						-1,
						25,
						-1,
						2,
						4,
						2
					],
					"textureOffset": [
						4,
						0
					]
				},
				{
					"coordinates": [
						-0.5,
						0,
						-0.5,
						1,
						31,
						1
					],
					"textureOffset": [
						0,
						0
					]
				},
				{
					"coordinates": [
						-1,
						1,
						-1,
						2,
						1,
						2
					],
					"textureOffset": [
						10,
						4
					]
				},
				{
					"coordinates": [
						-1,
						4,
						-1,
						2,
						1,
						2
					],
					"textureOffset": [
						10,
						4
					]
				},
				{
					"coordinates": [
						-1,
						23,
						-1,
						2,
						1,
						2
					],
					"textureOffset": [
						10,
						4
					]
				}
			]
		}
	]
}