{
    "parent": "item/generated",
    "textures": {
        "layer0": "the_vault:item/trinket/unidentified_trinket"
    },
    "overrides": [
        {
            "predicate": {
                "the_vault:trinket": 0
            },
            "model": "the_vault:item/trinket/carapace"
        },
        {
            "predicate": {
                "the_vault:trinket": 1
            },
            "model": "the_vault:item/trinket/cat_in_a_jar"
        },
        {
            "predicate": {
                "the_vault:trinket": 2
            },
            "model": "the_vault:item/trinket/centipede_feet"
        },
        {
            "predicate": {
                "the_vault:trinket": 3
            },
            "model": "the_vault:item/trinket/chromatic_feather"
        },
        {
            "predicate": {
                "the_vault:trinket": 4
            },
            "model": "the_vault:item/trinket/chromatic_powder"
        },
        {
            "predicate": {
                "the_vault:trinket": 5
            },
            "model": "the_vault:item/trinket/clover"
        },
        {
            "predicate": {
                "the_vault:trinket": 6
            },
            "model": "the_vault:item/trinket/crystal_ball"
        },
        {
            "predicate": {
                "the_vault:trinket": 7
            },
            "model": "the_vault:item/trinket/cufflinks"
        },
        {
            "predicate": {
                "the_vault:trinket": 8
            },
            "model": "the_vault:item/trinket/elven_socks"
        },
        {
            "predicate": {
                "the_vault:trinket": 9
            },
            "model": "the_vault:item/trinket/ender_anchor"
        },
        {
            "predicate": {
                "the_vault:trinket": 10
            },
            "model": "the_vault:item/trinket/giants_heart"
        },
        {
            "predicate": {
                "the_vault:trinket": 11
            },
            "model": "the_vault:item/trinket/gluttony_pendant"
        },
        {
            "predicate": {
                "the_vault:trinket": 12
            },
            "model": "the_vault:item/trinket/golden_burger"
        },
        {
            "predicate": {
                "the_vault:trinket": 13
            },
            "model": "the_vault:item/trinket/high_heels"
        },
        {
            "predicate": {
                "the_vault:trinket": 14
            },
            "model": "the_vault:item/trinket/idonas_blade"
        },
        {
            "predicate": {
                "the_vault:trinket": 15
            },
            "model": "the_vault:item/trinket/lucky_goose"
        },
        {
            "predicate": {
                "the_vault:trinket": 16
            },
            "model": "the_vault:item/trinket/miners_headlamp"
        },
        {
            "predicate": {
                "the_vault:trinket": 17
            },
            "model": "the_vault:item/trinket/night_vision_goggles"
        },
        {
            "predicate": {
                "the_vault:trinket": 18
            },
            "model": "the_vault:item/trinket/phylactery"
        },
        {
            "predicate": {
                "the_vault:trinket": 19
            },
            "model": "the_vault:item/trinket/running_shoes"
        },
        {
            "predicate": {
                "the_vault:trinket": 20
            },
            "model": "the_vault:item/trinket/spellbook"
        },
        {
            "predicate": {
                "the_vault:trinket": 21
            },
            "model": "the_vault:item/trinket/stone_of_jordan"
        },
        {
            "predicate": {
                "the_vault:trinket": 22
            },
            "model": "the_vault:item/trinket/tenos_charm"
        },
        {
            "predicate": {
                "the_vault:trinket": 23
            },
            "model": "the_vault:item/trinket/velaras_petal"
        },
        {
            "predicate": {
                "the_vault:trinket": 24
            },
            "model": "the_vault:item/trinket/wendarrs_hourglass"
        },
        {
            "predicate": {
                "the_vault:trinket": 25
            },
            "model": "the_vault:item/trinket/wings"
        }
    ]
}