[
      {
        "weight": 5,
        "reference": "the_vault:vault/rooms/paradox/idona/challenge/crystal_caves"
      },
      {
        "weight": 2,
        "reference": "the_vault:vault/rooms/paradox/idona/challenge/dragon"
      },
      {
        "weight": 10,
        "reference": "the_vault:vault/rooms/paradox/idona/challenge/village"
      },
      {
        "weight": 10,
        "reference": "the_vault:vault/rooms/paradox/idona/challenge/wildwest"
      },
      {
        "weight": 6,
        "reference": "the_vault:vault/rooms/paradox/idona/challenge/factory"
      },
      {
        "weight": 10,
        "reference": "the_vault:vault/rooms/paradox/idona/challenge/x-mark"
      }
]