{
  "tile_processors": [
    {
      "type": "reference",
      "id": "the_vault:generic/spawners/silverfish"
    },
    {
      "type": "leveled",
      "levels": [
        {
          "level": 0,
          "type": "weighted_target",
          "target": "ispawner:spawner",
          "output": {
            "ispawner:spawner{ Manager: { Settings: { Attempts: 2 } } }": 1
          }
        },
        {
          "level": 30,
          "type": "weighted_target",
          "target": "ispawner:spawner",
          "output": {
            "ispawner:spawner{ Manager: { Settings: { Attempts: 3 } } }": 1
          }
        },
        {
          "level": 65,
          "type": "weighted_target",
          "target": "ispawner:spawner",
          "output": {
            "ispawner:spawner{ Manager: { Settings: { Attempts: 4 } } }": 1
          }
        },
        {
          "level": 90,
          "type": "weighted_target",
          "target": "ispawner:spawner",
          "output": {
            "ispawner:spawner{ Manager: { Settings: { Attempts: 5 } } }": 1
          }
        }
      ]
    },
    {
      "type": "leveled",
      "levels": [
        {
          "level": 0,
          "type": "weighted_target",
          "target": "ispawner:spawner",
          "output": {
            "ispawner:spawner{ Manager: { Settings: { PlayerRadius: 8 } } }": 1
          }
        }
      ]
    },
    {
      "type": "leveled",
      "levels": [
        {
          "level": 0,
          "type": "weighted_target",
          "target": "ispawner:spawner",
          "output": {
            "ispawner:spawner{ Manager: { Settings: { SpawnDelay: 200 } } }": 1
          }
        },
        {
          "level": 5,
          "type": "weighted_target",
          "target": "ispawner:spawner",
          "output": {
            "ispawner:spawner{ Manager: { Settings: { SpawnDelay: 200 } } }": 1
          }
        },
        {
          "level": 50,
          "type": "weighted_target",
          "target": "ispawner:spawner",
          "output": {
            "ispawner:spawner{ Manager: { Settings: { SpawnDelay: 180 } } }": 1
          }
        },
        {
          "level": 65,
          "type": "weighted_target",
          "target": "ispawner:spawner",
          "output": {
            "ispawner:spawner{ Manager: { Settings: { SpawnDelay: 220 } } }": 1
          }
        },
        {
          "level": 80,
          "type": "weighted_target",
          "target": "ispawner:spawner",
          "output": {
            "ispawner:spawner{ Manager: { Settings: { SpawnDelay: 200 } } }": 1
          }
        },
        {
          "level": 90,
          "type": "weighted_target",
          "target": "ispawner:spawner",
          "output": {
            "ispawner:spawner{ Manager: { Settings: { SpawnDelay: 220 } } }": 1
          }
        },
        {
          "level": 100,
          "type": "weighted_target",
          "target": "ispawner:spawner",
          "output": {
            "ispawner:spawner{ Manager: { Settings: { SpawnDelay: 200 } } }": 1
          }
        }
      ]
    },
    {
      "type": "leveled",
      "levels": [
        {
          "level": 0,
          "type": "weighted_target",
          "target": "ispawner:spawner",
          "output": {
            "ispawner:spawner{ Manager:{ UsesLeft: 3, Settings: { SpawnDelay: 40 } } }": 1
          }
        },
        {
          "level": 5,
          "type": "weighted_target",
          "target": "ispawner:spawner",
          "output": {
            "ispawner:spawner": 1
          }
        }
      ]
    }
  ]
}