{
  "modifierGroup": {
    "IMPLICIT": [
      { "attribute": "the_vault:attack_damage",
        "group": "BaseAttackDamage",
        "identifier": "the_vault:base_attack_damage",
        "tiers": [
          {
            "minLevel": 0,
            "maxLevel": 15,
            "weight": 10,
            "value": {
              "min": 9.0,
              "max": 12.0,
              "step": 0.5
            }
          },
          {
            "minLevel": 10,
            "maxLevel": 47,
            "weight": 10,
            "value": {
              "min": 13.0,
              "max": 15.0,
              "step": 0.5
            }
          },
          {
            "minLevel": 16,
            "maxLevel": 57,
            "weight": 10,
            "value": {
              "min": 16.0,
              "max": 18.0,
              "step": 0.5
            }
          },
          {
            "minLevel": 25,
            "maxLevel": 63,
            "weight": 10,
            "value": {
              "min": 19.0,
              "max": 21.0,
              "step": 0.5
            }
          },
          {
            "minLevel": 36,
            "maxLevel": 71,
            "weight": 10,
            "value": {
              "min": 22.0,
              "max": 24.0,
              "step": 0.5
            }
          },
          {
            "minLevel": 48,
            "maxLevel": 82,
            "weight": 10,
            "value": {
              "min": 25.0,
              "max": 28.0,
              "step": 0.5
            }
          },
          {
            "minLevel": 58,
            "maxLevel": 89,
            "weight": 10,
            "value": {
              "min": 29.0,
              "max": 32.0,
              "step": 0.5
            }
          },
          {
            "minLevel": 64,
            "maxLevel": -1,
            "weight": 10,
            "value": {
              "min": 33.0,
              "max": 36.0,
              "step": 0.5
            }
          },
          {
            "minLevel": 72,
            "maxLevel": -1,
            "weight": 10,
            "value": {
              "min": 37.0,
              "max": 40.0,
              "step": 0.5
            }
          },
          {
            "minLevel": 83,
            "maxLevel": -1,
            "weight": 10,
            "value": {
              "min": 41.0,
              "max": 44.0,
              "step": 0.5
            }
          },
          {
            "minLevel": 90,
            "maxLevel": -1,
            "weight": 10,
            "value": {
              "min": 45.0,
              "max": 48.0,
              "step": 0.5
            }
          },
          {
            "minLevel": 95,
            "maxLevel": -1,
            "weight": 10,
            "value": {
              "min": 49.0,
              "max": 52.0,
              "step": 0.5
            }
          },
          {
            "minLevel": 100,
            "maxLevel": -1,
            "weight": 10,
            "value": {
              "min": 53.0,
              "max": 60.0,
              "step": 0.5
            }
          }
        ]
      },
      { "attribute": "the_vault:attack_speed",
        "group": "BaseAttackSpeed",
        "identifier": "the_vault:base_attack_speed",
        "tiers": [
          {
            "minLevel": 0,
            "maxLevel": -1,
            "weight": 10,
            "value": {
              "min": -3.0,
              "max": -2.9,
              "step": 0.01
            }
          },
          {
            "minLevel": 50,
            "maxLevel": -1,
            "weight": 10,
            "value": {
              "min": -2.89,
              "max": -2.7,
              "step": 0.01
            }
          }
        ]
      },
      { "attribute": "the_vault:durability",
        "group": "BaseDurability",
        "identifier": "the_vault:base_durability",
        "tiers": [
          {
            "minLevel": 0,
            "maxLevel": 40,
            "weight": 10,
            "value": {
              "min": 1400,
              "max": 2000,
              "step": 1
            }
          },
          {
            "minLevel": 8,
            "maxLevel": 70,
            "weight": 10,
            "value": {
              "min": 2001,
              "max": 2800,
              "step": 1
            }
          },
          {
            "minLevel": 18,
            "maxLevel": -1,
            "weight": 10,
            "value": {
              "min": 2801,
              "max": 3600,
              "step": 1
            }
          },
          {
            "minLevel": 34,
            "maxLevel": -1,
            "weight": 10,
            "value": {
              "min": 3601,
              "max": 4800,
              "step": 1
            }
          },
          {
            "minLevel": 49,
            "maxLevel": -1,
            "weight": 10,
            "value": {
              "min": 4801,
              "max": 6000,
              "step": 1
            }
          }
        ]
      },
      { "attribute": "the_vault:soulbound",
        "group": "BaseSoulbound",
        "identifier": "the_vault:base_soulbound",
        "tags": [
        ],
        "tiers": [
          {
            "minLevel": 0,
            "maxLevel": -1,
            "weight": 20,
            "value": {
              "flag": true
            }
          }
        ]
      },
      { "attribute": "the_vault:soulbound",
        "group": "BaseSoulbound",
        "identifier": "the_vault:base_no_soulbound",
        "tags": [
        ],
        "tiers": [
          {
            "minLevel": 0,
            "maxLevel": -1,
            "weight": 80,
            "value": {
              "flag": false
            }
          }
        ]
      }
    ],
    "PREFIX": [
      { "attribute": "the_vault:attack_damage",
        "group": "ModOnHitType",
        "identifier": "the_vault:mod_attack_damage",
        "tags": [
          "focusAttackDamage"
        ],
        "tiers": [
          {
            "minLevel": 0,
            "maxLevel": 47,
            "weight": 10,
            "value": {
              "min": 2.0,
              "max": 6.0,
              "step": 0.5
            }
          },
          {
            "minLevel": 22,
            "maxLevel": 50,
            "weight": 10,
            "value": {
              "min": 7.0,
              "max": 12.0,
              "step": 0.5
            }
          },
          {
            "minLevel": 35,
            "maxLevel": 86,
            "weight": 10,
            "value": {
              "min": 13.0,
              "max": 18.0,
              "step": 0.5
            }
          },
          {
            "minLevel": 48,
            "maxLevel": -1,
            "weight": 10,
            "value": {
              "min": 19.0,
              "max": 27.0,
              "step": 0.5
            }
          },
          {
            "minLevel": 59,
            "maxLevel": -1,
            "weight": 10,
            "value": {
              "min": 28.0,
              "max": 35.0,
              "step": 0.5
            }
          },
          {
            "minLevel": 70,
            "maxLevel": -1,
            "weight": 10,
            "value": {
              "min": 36.0,
              "max": 42.0,
              "step": 0.5
            }
          },
          {
            "minLevel": 80,
            "maxLevel": -1,
            "weight": 10,
            "value": {
              "min": 43.0,
              "max": 48.0,
              "step": 0.5
            }
          },
          {
            "minLevel": 87,
            "maxLevel": -1,
            "weight": 10,
            "value": {
              "min": 49.0,
              "max": 55.0,
              "step": 0.5
            }
          },
          {
            "minLevel": 101,
            "maxLevel": -1,
            "weight": 10,
            "value": {
              "min": 56.0,
              "max": 65.0,
              "step": 0.5
            }
          },
          {
            "minLevel": 102,
            "maxLevel": -1,
            "weight": 10,
            "value": {
              "min": 66.0,
              "max": 72.0,
              "step": 0.5
            }
          }
        ]
      },
      { "attribute": "the_vault:on_hit_chain",
        "group": "ModOnHitType",
        "identifier": "the_vault:mod_on_hit_chain",
        "tags": [
          "focusChaining"
        ],
        "tiers": [
          {
            "minLevel": 5,
            "maxLevel": -1,
            "weight": 10,
            "value": {
              "min": 1,
              "max": 2,
              "step": 1
            }
          },
          {
            "minLevel": 40,
            "maxLevel": -1,
            "weight": 10,
            "value": {
              "min": 3,
              "max": 4,
              "step": 1
            }
          },
          {
            "minLevel": 98,
            "maxLevel": -1,
            "weight": 10,
            "value": {
              "min": 5,
              "max": 6,
              "step": 1
            }
          },
          {
            "minLevel": 101,
            "maxLevel": -1,
            "weight": 10,
            "value": {
              "min": 7,
              "max": 8,
              "step": 1
            }
          },
          {
            "minLevel": 102,
            "maxLevel": -1,
            "weight": 10,
            "value": {
              "min": 9,
              "max": 9,
              "step": 1
            }
          }
        ]
      },
      { "attribute": "the_vault:soul_chance",
        "group": "ModSoulChance",
        "identifier": "the_vault:mod_soul_chance",
        "tags": [
          "focusSoulChance"
        ],
        "tiers": [
          {
            "minLevel": 0,
            "maxLevel": 70,
            "weight": 10,
            "value": {
              "min": 0.1,
              "max": 0.2,
              "step": 0.01
            }
          },
          {
            "minLevel": 28,
            "maxLevel": -1,
            "weight": 10,
            "value": {
              "min": 0.21,
              "max": 0.3,
              "step": 0.01
            }
          },
          {
            "minLevel": 45,
            "maxLevel": -1,
            "weight": 10,
            "value": {
              "min": 0.31,
              "max": 0.4,
              "step": 0.01
            }
          },
          {
            "minLevel": 75,
            "maxLevel": -1,
            "weight": 10,
            "value": {
              "min": 0.41,
              "max": 0.5,
              "step": 0.01
            }
          },
          {
            "minLevel": 101,
            "maxLevel": -1,
            "weight": 10,
            "value": {
              "min": 0.51,
              "max": 0.7,
              "step": 0.01
            }
          },
          {
            "minLevel": 102,
            "maxLevel": -1,
            "weight": 10,
            "value": {
              "min": 0.71,
              "max": 1.0,
              "step": 0.01
            }
          }
        ]
      },
      { "attribute": "the_vault:damage_illagers",
        "group": "ModDamageIllagers",
        "identifier": "the_vault:mod_damage_illagers",
        "tags": [
          "focusDamageIllager"
        ],
        "tiers": [
          {
            "minLevel": 0,
            "maxLevel": 79,
            "weight": 10,
            "value": {
              "min": 0.1,
              "max": 0.25,
              "step": 0.01
            }
          },
          {
            "minLevel": 36,
            "maxLevel": -1,
            "weight": 10,
            "value": {
              "min": 0.26,
              "max": 0.5,
              "step": 0.01
            }
          },
          {
            "minLevel": 62,
            "maxLevel": -1,
            "weight": 10,
            "value": {
              "min": 0.51,
              "max": 0.75,
              "step": 0.01
            }
          },
          {
            "minLevel": 80,
            "maxLevel": -1,
            "weight": 10,
            "value": {
              "min": 0.76,
              "max": 1.0,
              "step": 0.01
            }
          },
          {
            "minLevel": 101,
            "maxLevel": -1,
            "weight": 10,
            "value": {
              "min": 1.01,
              "max": 1.5,
              "step": 0.01
            }
          },
          {
            "minLevel": 102,
            "maxLevel": -1,
            "weight": 10,
            "value": {
              "min": 1.51,
              "max": 2.0,
              "step": 0.01
            }
          }
        ]
      },
      { "attribute": "the_vault:damage_spiders",
        "group": "ModDamageSpiders",
        "identifier": "the_vault:mod_damage_spiders",
        "tags": [
          "focusDamageSpiders",
          "noLegendary"
        ],
        "tiers": [
          {
            "minLevel": 0,
            "maxLevel": 79,
            "weight": 10,
            "value": {
              "min": 0.1,
              "max": 0.25,
              "step": 0.01
            }
          },
          {
            "minLevel": 36,
            "maxLevel": -1,
            "weight": 10,
            "value": {
              "min": 0.26,
              "max": 0.5,
              "step": 0.01
            }
          },
          {
            "minLevel": 62,
            "maxLevel": -1,
            "weight": 10,
            "value": {
              "min": 0.51,
              "max": 0.75,
              "step": 0.01
            }
          },
          {
            "minLevel": 80,
            "maxLevel": -1,
            "weight": 10,
            "value": {
              "min": 0.76,
              "max": 1.0,
              "step": 0.01
            }
          },
          {
            "minLevel": 101,
            "maxLevel": -1,
            "weight": 10,
            "value": {
              "min": 1.01,
              "max": 1.5,
              "step": 0.01
            }
          },
          {
            "minLevel": 102,
            "maxLevel": -1,
            "weight": 10,
            "value": {
              "min": 1.51,
              "max": 2.0,
              "step": 0.01
            }
          }
        ]
      },
      { "attribute": "the_vault:damage_undead",
        "group": "ModDamageUndead",
        "identifier": "the_vault:mod_damage_undead",
        "tags": [
          "focusDamageUndead",
          "noLegendary"
        ],
        "tiers": [
          {
            "minLevel": 0,
            "maxLevel": 79,
            "weight": 10,
            "value": {
              "min": 0.1,
              "max": 0.25,
              "step": 0.01
            }
          },
          {
            "minLevel": 36,
            "maxLevel": -1,
            "weight": 10,
            "value": {
              "min": 0.26,
              "max": 0.5,
              "step": 0.01
            }
          },
          {
            "minLevel": 62,
            "maxLevel": -1,
            "weight": 10,
            "value": {
              "min": 0.51,
              "max": 0.75,
              "step": 0.01
            }
          },
          {
            "minLevel": 80,
            "maxLevel": -1,
            "weight": 10,
            "value": {
              "min": 0.76,
              "max": 1.0,
              "step": 0.01
            }
          },
          {
            "minLevel": 101,
            "maxLevel": -1,
            "weight": 10,
            "value": {
              "min": 1.01,
              "max": 1.5,
              "step": 0.01
            }
          },
          {
            "minLevel": 102,
            "maxLevel": -1,
            "weight": 10,
            "value": {
              "min": 1.51,
              "max": 2.0,
              "step": 0.01
            }
          }
        ]
      },
      { "attribute": "the_vault:damage_nether",
        "group": "ModDamageNether",
        "identifier": "the_vault:mod_damage_nether",
        "tags": [
          "focusDamageNether",
          "noLegendary"
        ],
        "tiers": [
          {
            "minLevel": 0,
            "maxLevel": 79,
            "weight": 10,
            "value": {
              "min": 0.1,
              "max": 0.25,
              "step": 0.01
            }
          },
          {
            "minLevel": 36,
            "maxLevel": -1,
            "weight": 10,
            "value": {
              "min": 0.26,
              "max": 0.5,
              "step": 0.01
            }
          },
          {
            "minLevel": 62,
            "maxLevel": -1,
            "weight": 10,
            "value": {
              "min": 0.51,
              "max": 0.75,
              "step": 0.01
            }
          },
          {
            "minLevel": 80,
            "maxLevel": -1,
            "weight": 10,
            "value": {
              "min": 0.76,
              "max": 1.0,
              "step": 0.01
            }
          },
          {
            "minLevel": 101,
            "maxLevel": -1,
            "weight": 10,
            "value": {
              "min": 1.01,
              "max": 1.5,
              "step": 0.01
            }
          },
          {
            "minLevel": 102,
            "maxLevel": -1,
            "weight": 10,
            "value": {
              "min": 1.51,
              "max": 2.0,
              "step": 0.01
            }
          }
        ]
      }
    ],
    "SUFFIX": [
      { "attribute": "the_vault:durability",
        "group": "ModDurability",
        "identifier": "the_vault:mod_durability",
        "tags": [
          "focusDurability",
          "noLegendary"
        ],
        "tiers": [
          {
            "minLevel": 11,
            "maxLevel": -1,
            "weight": 10,
            "value": {
              "min": 500,
              "max": 900,
              "step": 1
            }
          },
          {
            "minLevel": 28,
            "maxLevel": -1,
            "weight": 10,
            "value": {
              "min": 901,
              "max": 1300,
              "step": 1
            }
          },
          {
            "minLevel": 46,
            "maxLevel": -1,
            "weight": 10,
            "value": {
              "min": 1301,
              "max": 1700,
              "step": 1
            }
          },
          {
            "minLevel": 67,
            "maxLevel": -1,
            "weight": 10,
            "value": {
              "min": 1701,
              "max": 2100,
              "step": 1
            }
          },
          {
            "minLevel": 89,
            "maxLevel": -1,
            "weight": 10,
            "value": {
              "min": 2101,
              "max": 2500,
              "step": 1
            }
          },
          {
            "minLevel": 101,
            "maxLevel": -1,
            "weight": 10,
            "value": {
              "min": 2501,
              "max": 3700,
              "step": 1
            }
          },
          {
            "minLevel": 102,
            "maxLevel": -1,
            "weight": 10,
            "value": {
              "min": 3701,
              "max": 5000,
              "step": 1
            }
          }
        ]
      },
      { "attribute": "the_vault:effect_cloud",
        "group": "ModOnHitAddition",
        "identifier": "the_vault:mod_healing_cloud",
        "tags": [
          "focusHealingCloud"
        ],
        "tiers": [
          {
            "minLevel": 0,
            "maxLevel": -1,
            "weight": 4,
            "value": {
              "tooltipDisplayName": "Healing",
              "potion": "minecraft:empty",
              "additionalEffects": [
                {
                  "effect": "minecraft:instant_health",
                  "duration": 20,
                  "amplifier": 0,
                  "showParticles": true,
                  "showIcon": true
                }
              ],
              "duration": 80,
              "radius": 4.0,
              "color": 16150747,
              "affectsOwner": true,
              "triggerChance": 0.02
            }
          },
          {
            "minLevel": 32,
            "maxLevel": -1,
            "weight": 4,
            "value": {
              "tooltipDisplayName": "Healing II",
              "potion": "minecraft:empty",
              "additionalEffects": [
                {
                  "effect": "minecraft:instant_health",
                  "duration": 20,
                  "amplifier": 0,
                  "showParticles": true,
                  "showIcon": true
                }
              ],
              "duration": 120,
              "radius": 4.0,
              "color": 16150747,
              "affectsOwner": true,
              "triggerChance": 0.02
            }
          },
          {
            "minLevel": 64,
            "maxLevel": -1,
            "weight": 4,
            "value": {
              "tooltipDisplayName": "Healing III",
              "potion": "minecraft:empty",
              "additionalEffects": [
                {
                  "effect": "minecraft:instant_health",
                  "duration": 20,
                  "amplifier": 0,
                  "showParticles": true,
                  "showIcon": true
                }
              ],
              "duration": 160,
              "radius": 5.0,
              "color": 16150747,
              "affectsOwner": true,
              "triggerChance": 0.02
            }
          },
          {
            "minLevel": 101,
            "maxLevel": -1,
            "weight": 4,
            "value": {
              "tooltipDisplayName": "Healing IV",
              "potion": "minecraft:empty",
              "additionalEffects": [
                {
                  "effect": "minecraft:instant_health",
                  "duration": 20,
                  "amplifier": 0,
                  "showParticles": true,
                  "showIcon": true
                }
              ],
              "duration": 200,
              "radius": 5.0,
              "color": 16150747,
              "affectsOwner": true,
              "triggerChance": 0.02
            }
          },
          {
            "minLevel": 102,
            "maxLevel": -1,
            "weight": 4,
            "value": {
              "tooltipDisplayName": "Healing V",
              "potion": "minecraft:empty",
              "additionalEffects": [
                {
                  "effect": "minecraft:instant_health",
                  "duration": 20,
                  "amplifier": 0,
                  "showParticles": true,
                  "showIcon": true
                }
              ],
              "duration": 240,
              "radius": 5.0,
              "color": 16150747,
              "affectsOwner": true,
              "triggerChance": 0.02
            }
          }
        ]
      },
      { "attribute": "the_vault:effect_cloud",
        "group": "ModOnHitAddition",
        "identifier": "the_vault:mod_poison_cloud",
        "tags": [
          "focusPoisonCloud"
        ],
        "tiers": [
          {
            "minLevel": 0,
            "maxLevel": -1,
            "weight": 10,
            "value": {
              "tooltipDisplayName": "Poison",
              "potion": "minecraft:empty",
              "additionalEffects": [
                {
                  "effect": "minecraft:poison",
                  "duration": 60,
                  "amplifier": 3,
                  "showParticles": true,
                  "showIcon": true
                }
              ],
              "duration": 120,
              "radius": 4.0,
              "color": 4236591,
              "affectsOwner": false,
              "triggerChance": 0.05
            }
          },
          {
            "minLevel": 32,
            "maxLevel": -1,
            "weight": 10,
            "value": {
              "tooltipDisplayName": "Poison II",
              "potion": "minecraft:empty",
              "additionalEffects": [
                {
                  "effect": "minecraft:poison",
                  "duration": 60,
                  "amplifier": 5,
                  "showParticles": true,
                  "showIcon": true
                }
              ],
              "duration": 160,
              "radius": 4.0,
              "color": 4236591,
              "affectsOwner": false,
              "triggerChance": 0.05
            }
          },
          {
            "minLevel": 64,
            "maxLevel": -1,
            "weight": 10,
            "value": {
              "tooltipDisplayName": "Poison III",
              "potion": "minecraft:empty",
              "additionalEffects": [
                {
                  "effect": "minecraft:poison",
                  "duration": 60,
                  "amplifier": 7,
                  "showParticles": true,
                  "showIcon": true
                }
              ],
              "duration": 200,
              "radius": 4.0,
              "color": 4236591,
              "affectsOwner": false,
              "triggerChance": 0.05
            }
          },
          {
            "minLevel": 101,
            "maxLevel": -1,
            "weight": 10,
            "value": {
              "tooltipDisplayName": "Poison IV",
              "potion": "minecraft:empty",
              "additionalEffects": [
                {
                  "effect": "minecraft:poison",
                  "duration": 60,
                  "amplifier": 9,
                  "showParticles": true,
                  "showIcon": true
                }
              ],
              "duration": 240,
              "radius": 4.0,
              "color": 4236591,
              "affectsOwner": false,
              "triggerChance": 0.05
            }
          },
          {
            "minLevel": 102,
            "maxLevel": -1,
            "weight": 10,
            "value": {
              "tooltipDisplayName": "Poison V",
              "potion": "minecraft:empty",
              "additionalEffects": [
                {
                  "effect": "minecraft:poison",
                  "duration": 60,
                  "amplifier": 12,
                  "showParticles": true,
                  "showIcon": true
                }
              ],
              "duration": 300,
              "radius": 4.0,
              "color": 4236591,
              "affectsOwner": false,
              "triggerChance": 0.05
            }
          }
        ]
      },
      { "attribute": "the_vault:effect_cloud",
        "group": "ModOnHitAddition",
        "identifier": "the_vault:mod_slowness_cloud",
        "tags": [
          "focusSlownessCloud"
        ],
        "tiers": [
          {
            "minLevel": 0,
            "maxLevel": -1,
            "weight": 10,
            "value": {
              "tooltipDisplayName": "Slowness",
              "potion": "minecraft:empty",
              "additionalEffects": [
                {
                  "effect": "minecraft:slowness",
                  "duration": 140,
                  "amplifier": 0,
                  "showParticles": true,
                  "showIcon": true
                }
              ],
              "duration": 120,
              "radius": 4.0,
              "color": 7400423,
              "affectsOwner": false,
              "triggerChance": 0.05
            }
          },
          {
            "minLevel": 32,
            "maxLevel": -1,
            "weight": 10,
            "value": {
              "tooltipDisplayName": "Slowness II",
              "potion": "minecraft:empty",
              "additionalEffects": [
                {
                  "effect": "minecraft:slowness",
                  "duration": 140,
                  "amplifier": 0,
                  "showParticles": true,
                  "showIcon": true
                }
              ],
              "duration": 160,
              "radius": 4.0,
              "color": 7400423,
              "affectsOwner": false,
              "triggerChance": 0.05
            }
          },
          {
            "minLevel": 64,
            "maxLevel": -1,
            "weight": 10,
            "value": {
              "tooltipDisplayName": "Slowness III",
              "potion": "minecraft:empty",
              "additionalEffects": [
                {
                  "effect": "minecraft:slowness",
                  "duration": 140,
                  "amplifier": 0,
                  "showParticles": true,
                  "showIcon": true
                }
              ],
              "duration": 200,
              "radius": 4.0,
              "color": 7400423,
              "affectsOwner": false,
              "triggerChance": 0.05
            }
          },
          {
            "minLevel": 101,
            "maxLevel": -1,
            "weight": 10,
            "value": {
              "tooltipDisplayName": "Slowness IV",
              "potion": "minecraft:empty",
              "additionalEffects": [
                {
                  "effect": "minecraft:slowness",
                  "duration": 140,
                  "amplifier": 1,
                  "showParticles": true,
                  "showIcon": true
                }
              ],
              "duration": 240,
              "radius": 4.0,
              "color": 7400423,
              "affectsOwner": false,
              "triggerChance": 0.05
            }
          },
          {
            "minLevel": 102,
            "maxLevel": -1,
            "weight": 10,
            "value": {
              "tooltipDisplayName": "Slowness V",
              "potion": "minecraft:empty",
              "additionalEffects": [
                {
                  "effect": "minecraft:slowness",
                  "duration": 140,
                  "amplifier": 1,
                  "showParticles": true,
                  "showIcon": true
                }
              ],
              "duration": 300,
              "radius": 4.0,
              "color": 7400423,
              "affectsOwner": false,
              "triggerChance": 0.05
            }
          }
        ]
      },
      { "attribute": "the_vault:effect_cloud",
        "group": "ModOnHitAddition",
        "identifier": "the_vault:mod_fear_cloud",
        "tags": [
          "focusFearCloud"
        ],
        "tiers": [
          {
            "minLevel": 0,
            "maxLevel": -1,
            "weight": 10,
            "value": {
              "tooltipDisplayName": "Fear",
              "potion": "minecraft:empty",
              "additionalEffects": [
                {
                  "effect": "the_vault:taunt_repel_mob",
                  "duration": 60,
                  "amplifier": 0,
                  "showParticles": true,
                  "showIcon": true
                }
              ],
              "duration": 120,
              "radius": 4.0,
              "color": 2818160,
              "affectsOwner": false,
              "triggerChance": 0.05
            }
          },
          {
            "minLevel": 32,
            "maxLevel": -1,
            "weight": 10,
            "value": {
              "tooltipDisplayName": "Fear II",
              "potion": "minecraft:empty",
              "additionalEffects": [
                {
                  "effect": "the_vault:taunt_repel_mob",
                  "duration": 60,
                  "amplifier": 0,
                  "showParticles": true,
                  "showIcon": true
                }
              ],
              "duration": 160,
              "radius": 4.0,
              "color": 2818160,
              "affectsOwner": false,
              "triggerChance": 0.05
            }
          },
          {
            "minLevel": 64,
            "maxLevel": -1,
            "weight": 10,
            "value": {
              "tooltipDisplayName": "Fear III",
              "potion": "minecraft:empty",
              "additionalEffects": [
                {
                  "effect": "the_vault:taunt_repel_mob",
                  "duration": 60,
                  "amplifier": 0,
                  "showParticles": true,
                  "showIcon": true
                }
              ],
              "duration": 200,
              "radius": 4.0,
              "color": 2818160,
              "affectsOwner": false,
              "triggerChance": 0.05
            }
          },
          {
            "minLevel": 101,
            "maxLevel": -1,
            "weight": 10,
            "value": {
              "tooltipDisplayName": "Fear IV",
              "potion": "minecraft:empty",
              "additionalEffects": [
                {
                  "effect": "the_vault:taunt_repel_mob",
                  "duration": 120,
                  "amplifier": 0,
                  "showParticles": true,
                  "showIcon": true
                }
              ],
              "duration": 260,
              "radius": 4.0,
              "color": 2818160,
              "affectsOwner": false,
              "triggerChance": 0.05
            }
          },
          {
            "minLevel": 102,
            "maxLevel": -1,
            "weight": 10,
            "value": {
              "tooltipDisplayName": "Fear V",
              "potion": "minecraft:empty",
              "additionalEffects": [
                {
                  "effect": "the_vault:taunt_repel_mob",
                  "duration": 120,
                  "amplifier": 0,
                  "showParticles": true,
                  "showIcon": true
                }
              ],
              "duration": 300,
              "radius": 4.0,
              "color": 2818160,
              "affectsOwner": false,
              "triggerChance": 0.05
            }
          }
        ]
      },
      { "attribute": "the_vault:effect_cloud",
        "group": "ModOnHitAddition",
        "identifier": "the_vault:mod_chilling_cloud",
        "tags": [
          "focusChillingCloud"
        ],
        "tiers": [
          {
            "minLevel": 0,
            "maxLevel": -1,
            "weight": 10,
            "value": {
              "tooltipDisplayName": "Chilling",
              "potion": "minecraft:empty",
              "additionalEffects": [
                {
                  "effect": "the_vault:chilled",
                  "duration": 140,
                  "amplifier": 0,
                  "showParticles": true,
                  "showIcon": true
                }
              ],
              "duration": 120,
              "radius": 4.0,
              "color": 3138042,
              "affectsOwner": false,
              "triggerChance": 0.05
            }
          },
          {
            "minLevel": 32,
            "maxLevel": -1,
            "weight": 10,
            "value": {
              "tooltipDisplayName": "Chilling II",
              "potion": "minecraft:empty",
              "additionalEffects": [
                {
                  "effect": "the_vault:chilled",
                  "duration": 140,
                  "amplifier": 0,
                  "showParticles": true,
                  "showIcon": true
                }
              ],
              "duration": 160,
              "radius": 4.0,
              "color": 3138042,
              "affectsOwner": false,
              "triggerChance": 0.05
            }
          },
          {
            "minLevel": 64,
            "maxLevel": -1,
            "weight": 10,
            "value": {
              "tooltipDisplayName": "Chilling III",
              "potion": "minecraft:empty",
              "additionalEffects": [
                {
                  "effect": "the_vault:chilled",
                  "duration": 140,
                  "amplifier": 0,
                  "showParticles": true,
                  "showIcon": true
                }
              ],
              "duration": 200,
              "radius": 4.0,
              "color": 3138042,
              "affectsOwner": false,
              "triggerChance": 0.05
            }
          },
          {
            "minLevel": 101,
            "maxLevel": -1,
            "weight": 10,
            "value": {
              "tooltipDisplayName": "Chilling IV",
              "potion": "minecraft:empty",
              "additionalEffects": [
                {
                  "effect": "the_vault:chilled",
                  "duration": 140,
                  "amplifier": 1,
                  "showParticles": true,
                  "showIcon": true
                }
              ],
              "duration": 240,
              "radius": 4.0,
              "color": 3138042,
              "affectsOwner": false,
              "triggerChance": 0.05
            }
          },
          {
            "minLevel": 102,
            "maxLevel": -1,
            "weight": 10,
            "value": {
              "tooltipDisplayName": "Chilling V",
              "potion": "minecraft:empty",
              "additionalEffects": [
                {
                  "effect": "the_vault:chilled",
                  "duration": 140,
                  "amplifier": 1,
                  "showParticles": true,
                  "showIcon": true
                }
              ],
              "duration": 300,
              "radius": 4.0,
              "color": 3138042,
              "affectsOwner": false,
              "triggerChance": 0.05
            }
          }
        ]
      },
      { "attribute": "the_vault:attack_speed_percent",
        "group": "ModAttackType",
        "identifier": "the_vault:mod_attack_speed_percent",
        "tags": [
          "focusAttackSpeedPercent",
          "noLegendary"
        ],
        "tiers": [
          {
            "minLevel": 0,
            "maxLevel": -1,
            "weight": 10,
            "value": {
              "min": 0.05,
              "max": 0.1,
              "step": 0.01
            }
          },
          {
            "minLevel": 36,
            "maxLevel": -1,
            "weight": 10,
            "value": {
              "min": 0.11,
              "max": 0.15,
              "step": 0.01
            }
          },
          {
            "minLevel": 65,
            "maxLevel": -1,
            "weight": 10,
            "value": {
              "min": 0.16,
              "max": 0.2,
              "step": 0.01
            }
          },
          {
            "minLevel": 96,
            "maxLevel": -1,
            "weight": 10,
            "value": {
              "min": 0.21,
              "max": 0.25,
              "step": 0.01
            }
          },
          {
            "minLevel": 101,
            "maxLevel": -1,
            "weight": 10,
            "value": {
              "min": 0.26,
              "max": 0.3,
              "step": 0.01
            }
          },
          {
            "minLevel": 102,
            "maxLevel": -1,
            "weight": 10,
            "value": {
              "min": 0.31,
              "max": 0.35,
              "step": 0.01
            }
          }
        ]
      },
      { "attribute": "the_vault:attack_range",
        "group": "ModAttackType",
        "identifier": "the_vault:mod_attack_range",
        "tags": [
          "focusAttackRange"
        ],
        "tiers": [
          {
            "minLevel": 0,
            "maxLevel": -1,
            "weight": 10,
            "value": {
              "min": 0.1,
              "max": 0.2,
              "step": 0.01
            }
          },
          {
            "minLevel": 20,
            "maxLevel": -1,
            "weight": 10,
            "value": {
              "min": 0.21,
              "max": 0.3,
              "step": 0.01
            }
          },
          {
            "minLevel": 45,
            "maxLevel": -1,
            "weight": 10,
            "value": {
              "min": 0.31,
              "max": 0.4,
              "step": 0.01
            }
          },
          {
            "minLevel": 75,
            "maxLevel": -1,
            "weight": 10,
            "value": {
              "min": 0.41,
              "max": 0.5,
              "step": 0.01
            }
          },
          {
            "minLevel": 101,
            "maxLevel": -1,
            "weight": 10,
            "value": {
              "min": 0.51,
              "max": 0.6,
              "step": 0.01
            }
          },
          {
            "minLevel": 102,
            "maxLevel": -1,
            "weight": 10,
            "value": {
              "min": 0.61,
              "max": 0.8,
              "step": 0.01
            }
          }
        ]
      },
      { "attribute": "the_vault:on_hit_stun",
        "group": "ModOnHitAddition",
        "identifier": "the_vault:mod_on_hit_stun",
        "tags": [
          "focusStun"
        ],
        "tiers": [
          {
            "minLevel": 0,
            "maxLevel": -1,
            "weight": 10,
            "value": {
              "min": 0.04,
              "max": 0.08,
              "step": 0.01
            }
          },
          {
            "minLevel": 30,
            "maxLevel": -1,
            "weight": 10,
            "value": {
              "min": 0.09,
              "max": 0.12,
              "step": 0.01
            }
          },
          {
            "minLevel": 45,
            "maxLevel": -1,
            "weight": 10,
            "value": {
              "min": 0.13,
              "max": 0.16,
              "step": 0.01
            }
          },
          {
            "minLevel": 65,
            "maxLevel": -1,
            "weight": 10,
            "value": {
              "min": 0.17,
              "max": 0.2,
              "step": 0.01
            }
          },
          {
            "minLevel": 86,
            "maxLevel": -1,
            "weight": 10,
            "value": {
              "min": 0.21,
              "max": 0.24,
              "step": 0.01
            }
          },
          {
            "minLevel": 101,
            "maxLevel": -1,
            "weight": 10,
            "value": {
              "min": 0.25,
              "max": 0.35,
              "step": 0.01
            }
          },
          {
            "minLevel": 102,
            "maxLevel": -1,
            "weight": 10,
            "value": {
              "min": 0.36,
              "max": 0.5,
              "step": 0.01
            }
          }
        ]
      },
      { "attribute": "the_vault:shocking_hit_chance",
        "group": "ModOnHitAddition",
        "identifier": "the_vault:mod_on_hit_shock",
        "tags": [
          "focusShocking"
        ],
        "tiers": [
          {
            "minLevel": 0,
            "maxLevel": -1,
            "weight": 10,
            "value": {
              "min": 0.04,
              "max": 0.08,
              "step": 0.01
            }
          },
          {
            "minLevel": 30,
            "maxLevel": -1,
            "weight": 10,
            "value": {
              "min": 0.09,
              "max": 0.12,
              "step": 0.01
            }
          },
          {
            "minLevel": 45,
            "maxLevel": -1,
            "weight": 10,
            "value": {
              "min": 0.13,
              "max": 0.16,
              "step": 0.01
            }
          },
          {
            "minLevel": 65,
            "maxLevel": -1,
            "weight": 10,
            "value": {
              "min": 0.17,
              "max": 0.2,
              "step": 0.01
            }
          },
          {
            "minLevel": 86,
            "maxLevel": -1,
            "weight": 10,
            "value": {
              "min": 0.21,
              "max": 0.24,
              "step": 0.01
            }
          },
          {
            "minLevel": 101,
            "maxLevel": -1,
            "weight": 10,
            "value": {
              "min": 0.25,
              "max": 0.35,
              "step": 0.01
            }
          },
          {
            "minLevel": 102,
            "maxLevel": -1,
            "weight": 10,
            "value": {
              "min": 0.36,
              "max": 0.5,
              "step": 0.01
            }
          }
        ]
      },
      { "attribute": "the_vault:lucky_hit_chance",
        "group": "ModOnHitAddition",
        "identifier": "the_vault:mod_lucky_hit_chance",
        "tags": [
          "focusLuckyHitChance"
        ],
        "tiers": [
          {
            "minLevel": 25,
            "maxLevel": 79,
            "weight": 10,
            "value": {
              "min": 0.03,
              "max": 0.05,
              "step": 0.01
            }
          },
          {
            "minLevel": 40,
            "maxLevel": -1,
            "weight": 10,
            "value": {
              "min": 0.06,
              "max": 0.07,
              "step": 0.01
            }
          },
          {
            "minLevel": 60,
            "maxLevel": -1,
            "weight": 10,
            "value": {
              "min": 0.08,
              "max": 0.1,
              "step": 0.01
            }
          },
          {
            "minLevel": 80,
            "maxLevel": -1,
            "weight": 10,
            "value": {
              "min": 0.11,
              "max": 0.13,
              "step": 0.01
            }
          },
          {
            "minLevel": 101,
            "maxLevel": -1,
            "weight": 10,
            "value": {
              "min": 0.15,
              "max": 0.17,
              "step": 0.01
            }
          },
          {
            "minLevel": 102,
            "maxLevel": -1,
            "weight": 10,
            "value": {
              "min": 0.18,
              "max": 0.24,
              "step": 0.01
            }
          }
        ]
      }
    ],
    "CRAFTED_PREFIX": [
      { "attribute": "the_vault:attack_damage",
        "group": "ModOnHitType",
        "identifier": "the_vault:crafted_attack_damage",
        "tags": [
          "focusAttackDamage"
        ],
        "tiers": [
          {
            "minLevel": 0,
            "maxLevel": 47,
            "weight": 10,
            "value": {
              "min": 2.0,
              "max": 6.0,
              "step": 0.5
            }
          },
          {
            "minLevel": 22,
            "maxLevel": 50,
            "weight": 10,
            "value": {
              "min": 7.0,
              "max": 12.0,
              "step": 0.5
            }
          },
          {
            "minLevel": 35,
            "maxLevel": 86,
            "weight": 10,
            "value": {
              "min": 13.0,
              "max": 18.0,
              "step": 0.5
            }
          },
          {
            "minLevel": 48,
            "maxLevel": -1,
            "weight": 10,
            "value": {
              "min": 19.0,
              "max": 27.0,
              "step": 0.5
            }
          },
          {
            "minLevel": 59,
            "maxLevel": -1,
            "weight": 10,
            "value": {
              "min": 28.0,
              "max": 35.0,
              "step": 0.5
            }
          },
          {
            "minLevel": 70,
            "maxLevel": -1,
            "weight": 10,
            "value": {
              "min": 36.0,
              "max": 42.0,
              "step": 0.5
            }
          },
          {
            "minLevel": 80,
            "maxLevel": -1,
            "weight": 10,
            "value": {
              "min": 43.0,
              "max": 48.0,
              "step": 0.5
            }
          },
          {
            "minLevel": 87,
            "maxLevel": -1,
            "weight": 10,
            "value": {
              "min": 49.0,
              "max": 55.0,
              "step": 0.5
            }
          }
        ]
      },
      { "attribute": "the_vault:on_hit_chain",
        "group": "ModOnHitType",
        "identifier": "the_vault:crafted_on_hit_chain",
        "tags": [
          "focusChaining"
        ],
        "tiers": [
          {
            "minLevel": 5,
            "maxLevel": -1,
            "weight": 10,
            "value": {
              "min": 1,
              "max": 2,
              "step": 1
            }
          },
          {
            "minLevel": 40,
            "maxLevel": -1,
            "weight": 10,
            "value": {
              "min": 3,
              "max": 4,
              "step": 1
            }
          },
          {
            "minLevel": 98,
            "maxLevel": -1,
            "weight": 10,
            "value": {
              "min": 5,
              "max": 6,
              "step": 1
            }
          }
        ]
      },
      { "attribute": "the_vault:soul_chance",
        "group": "ModSoulChance",
        "identifier": "the_vault:crafted_soul_chance",
        "tags": [
          "focusSoulChance"
        ],
        "tiers": [
          {
            "minLevel": 0,
            "maxLevel": 70,
            "weight": 10,
            "value": {
              "min": 0.1,
              "max": 0.2,
              "step": 0.01
            }
          },
          {
            "minLevel": 28,
            "maxLevel": -1,
            "weight": 10,
            "value": {
              "min": 0.21,
              "max": 0.3,
              "step": 0.01
            }
          },
          {
            "minLevel": 45,
            "maxLevel": -1,
            "weight": 10,
            "value": {
              "min": 0.31,
              "max": 0.4,
              "step": 0.01
            }
          },
          {
            "minLevel": 75,
            "maxLevel": -1,
            "weight": 10,
            "value": {
              "min": 0.41,
              "max": 0.5,
              "step": 0.01
            }
          }
        ]
      },
      { "attribute": "the_vault:damage_illagers",
        "group": "ModDamageIllagers",
        "identifier": "the_vault:crafted_damage_illagers",
        "tags": [
          "focusDamageIllager"
        ],
        "tiers": [
          {
            "minLevel": 0,
            "maxLevel": 79,
            "weight": 10,
            "value": {
              "min": 0.1,
              "max": 0.25,
              "step": 0.01
            }
          },
          {
            "minLevel": 36,
            "maxLevel": -1,
            "weight": 10,
            "value": {
              "min": 0.26,
              "max": 0.5,
              "step": 0.01
            }
          },
          {
            "minLevel": 62,
            "maxLevel": -1,
            "weight": 10,
            "value": {
              "min": 0.51,
              "max": 0.75,
              "step": 0.01
            }
          },
          {
            "minLevel": 80,
            "maxLevel": -1,
            "weight": 10,
            "value": {
              "min": 0.76,
              "max": 1.0,
              "step": 0.01
            }
          }
        ]
      },
      { "attribute": "the_vault:damage_spiders",
        "group": "ModDamageSpiders",
        "identifier": "the_vault:crafted_damage_spiders",
        "tags": [
          "focusDamageSpiders"
        ],
        "tiers": [
          {
            "minLevel": 0,
            "maxLevel": 79,
            "weight": 10,
            "value": {
              "min": 0.1,
              "max": 0.25,
              "step": 0.01
            }
          },
          {
            "minLevel": 36,
            "maxLevel": -1,
            "weight": 10,
            "value": {
              "min": 0.26,
              "max": 0.5,
              "step": 0.01
            }
          },
          {
            "minLevel": 62,
            "maxLevel": -1,
            "weight": 10,
            "value": {
              "min": 0.51,
              "max": 0.75,
              "step": 0.01
            }
          },
          {
            "minLevel": 80,
            "maxLevel": -1,
            "weight": 10,
            "value": {
              "min": 0.76,
              "max": 1.0,
              "step": 0.01
            }
          }
        ]
      },
      { "attribute": "the_vault:damage_undead",
        "group": "ModDamageUndead",
        "identifier": "the_vault:crafted_damage_undead",
        "tags": [
          "focusDamageUndead"
        ],
        "tiers": [
          {
            "minLevel": 0,
            "maxLevel": 79,
            "weight": 10,
            "value": {
              "min": 0.1,
              "max": 0.25,
              "step": 0.01
            }
          },
          {
            "minLevel": 36,
            "maxLevel": -1,
            "weight": 10,
            "value": {
              "min": 0.26,
              "max": 0.5,
              "step": 0.01
            }
          },
          {
            "minLevel": 62,
            "maxLevel": -1,
            "weight": 10,
            "value": {
              "min": 0.51,
              "max": 0.75,
              "step": 0.01
            }
          },
          {
            "minLevel": 80,
            "maxLevel": -1,
            "weight": 10,
            "value": {
              "min": 0.76,
              "max": 1.0,
              "step": 0.01
            }
          }
        ]
      },
      { "attribute": "the_vault:damage_nether",
        "group": "ModDamageNether",
        "identifier": "the_vault:crafted_damage_nether",
        "tags": [
          "focusDamageNether"
        ],
        "tiers": [
          {
            "minLevel": 0,
            "maxLevel": 79,
            "weight": 10,
            "value": {
              "min": 0.1,
              "max": 0.25,
              "step": 0.01
            }
          },
          {
            "minLevel": 36,
            "maxLevel": -1,
            "weight": 10,
            "value": {
              "min": 0.26,
              "max": 0.5,
              "step": 0.01
            }
          },
          {
            "minLevel": 62,
            "maxLevel": -1,
            "weight": 10,
            "value": {
              "min": 0.51,
              "max": 0.75,
              "step": 0.01
            }
          },
          {
            "minLevel": 80,
            "maxLevel": -1,
            "weight": 10,
            "value": {
              "min": 0.76,
              "max": 1.0,
              "step": 0.01
            }
          }
        ]
      }
    ],
    "CRAFTED_SUFFIX": [
      { "attribute": "the_vault:durability",
        "group": "ModDurability",
        "identifier": "the_vault:crafted_durability",
        "tags": [
          "focusDurability"
        ],
        "tiers": [
          {
            "minLevel": 11,
            "maxLevel": -1,
            "weight": 10,
            "value": {
              "min": 500,
              "max": 900,
              "step": 1
            }
          },
          {
            "minLevel": 28,
            "maxLevel": -1,
            "weight": 10,
            "value": {
              "min": 901,
              "max": 1300,
              "step": 1
            }
          },
          {
            "minLevel": 46,
            "maxLevel": -1,
            "weight": 10,
            "value": {
              "min": 1301,
              "max": 1700,
              "step": 1
            }
          },
          {
            "minLevel": 67,
            "maxLevel": -1,
            "weight": 10,
            "value": {
              "min": 1701,
              "max": 2100,
              "step": 1
            }
          },
          {
            "minLevel": 89,
            "maxLevel": -1,
            "weight": 10,
            "value": {
              "min": 2101,
              "max": 2500,
              "step": 1
            }
          }
        ]
      },
      { "attribute": "the_vault:effect_cloud",
        "group": "ModOnHitAddition",
        "identifier": "the_vault:crafted_healing_cloud",
        "tags": [
          "focusHealingCloud"
        ],
        "tiers": [
          {
            "minLevel": 0,
            "maxLevel": -1,
            "weight": 4,
            "value": {
              "tooltipDisplayName": "Healing",
              "potion": "minecraft:empty",
              "additionalEffects": [
                {
                  "effect": "minecraft:instant_health",
                  "duration": 20,
                  "amplifier": 0,
                  "showParticles": true,
                  "showIcon": true
                }
              ],
              "duration": 80,
              "radius": 4.0,
              "color": 16150747,
              "affectsOwner": true,
              "triggerChance": 0.02
            }
          },
          {
            "minLevel": 32,
            "maxLevel": -1,
            "weight": 4,
            "value": {
              "tooltipDisplayName": "Healing II",
              "potion": "minecraft:empty",
              "additionalEffects": [
                {
                  "effect": "minecraft:instant_health",
                  "duration": 20,
                  "amplifier": 0,
                  "showParticles": true,
                  "showIcon": true
                }
              ],
              "duration": 120,
              "radius": 4.0,
              "color": 16150747,
              "affectsOwner": true,
              "triggerChance": 0.02
            }
          },
          {
            "minLevel": 64,
            "maxLevel": -1,
            "weight": 4,
            "value": {
              "tooltipDisplayName": "Healing III",
              "potion": "minecraft:empty",
              "additionalEffects": [
                {
                  "effect": "minecraft:instant_health",
                  "duration": 20,
                  "amplifier": 0,
                  "showParticles": true,
                  "showIcon": true
                }
              ],
              "duration": 160,
              "radius": 5.0,
              "color": 16150747,
              "affectsOwner": true,
              "triggerChance": 0.02
            }
          }
        ]
      },
      { "attribute": "the_vault:effect_cloud",
        "group": "ModOnHitAddition",
        "identifier": "the_vault:crafted_poison_cloud",
        "tags": [
          "focusPoisonCloud"
        ],
        "tiers": [
          {
            "minLevel": 0,
            "maxLevel": -1,
            "weight": 10,
            "value": {
              "tooltipDisplayName": "Poison",
              "potion": "minecraft:empty",
              "additionalEffects": [
                {
                  "effect": "minecraft:poison",
                  "duration": 60,
                  "amplifier": 3,
                  "showParticles": true,
                  "showIcon": true
                }
              ],
              "duration": 120,
              "radius": 4.0,
              "color": 4236591,
              "affectsOwner": false,
              "triggerChance": 0.05
            }
          },
          {
            "minLevel": 32,
            "maxLevel": -1,
            "weight": 10,
            "value": {
              "tooltipDisplayName": "Poison II",
              "potion": "minecraft:empty",
              "additionalEffects": [
                {
                  "effect": "minecraft:poison",
                  "duration": 60,
                  "amplifier": 5,
                  "showParticles": true,
                  "showIcon": true
                }
              ],
              "duration": 160,
              "radius": 4.0,
              "color": 4236591,
              "affectsOwner": false,
              "triggerChance": 0.05
            }
          },
          {
            "minLevel": 64,
            "maxLevel": -1,
            "weight": 10,
            "value": {
              "tooltipDisplayName": "Poison III",
              "potion": "minecraft:empty",
              "additionalEffects": [
                {
                  "effect": "minecraft:poison",
                  "duration": 60,
                  "amplifier": 7,
                  "showParticles": true,
                  "showIcon": true
                }
              ],
              "duration": 200,
              "radius": 4.0,
              "color": 4236591,
              "affectsOwner": false,
              "triggerChance": 0.05
            }
          }
        ]
      },
      { "attribute": "the_vault:effect_cloud",
        "group": "ModOnHitAddition",
        "identifier": "the_vault:crafted_slowness_cloud",
        "tags": [
          "focusSlownessCloud"
        ],
        "tiers": [
          {
            "minLevel": 0,
            "maxLevel": -1,
            "weight": 10,
            "value": {
              "tooltipDisplayName": "Slowness",
              "potion": "minecraft:empty",
              "additionalEffects": [
                {
                  "effect": "minecraft:slowness",
                  "duration": 140,
                  "amplifier": 0,
                  "showParticles": true,
                  "showIcon": true
                }
              ],
              "duration": 120,
              "radius": 4.0,
              "color": 7400423,
              "affectsOwner": false,
              "triggerChance": 0.05
            }
          },
          {
            "minLevel": 32,
            "maxLevel": -1,
            "weight": 10,
            "value": {
              "tooltipDisplayName": "Slowness II",
              "potion": "minecraft:empty",
              "additionalEffects": [
                {
                  "effect": "minecraft:slowness",
                  "duration": 140,
                  "amplifier": 0,
                  "showParticles": true,
                  "showIcon": true
                }
              ],
              "duration": 160,
              "radius": 4.0,
              "color": 7400423,
              "affectsOwner": false,
              "triggerChance": 0.05
            }
          },
          {
            "minLevel": 64,
            "maxLevel": -1,
            "weight": 10,
            "value": {
              "tooltipDisplayName": "Slowness III",
              "potion": "minecraft:empty",
              "additionalEffects": [
                {
                  "effect": "minecraft:slowness",
                  "duration": 140,
                  "amplifier": 0,
                  "showParticles": true,
                  "showIcon": true
                }
              ],
              "duration": 200,
              "radius": 4.0,
              "color": 7400423,
              "affectsOwner": false,
              "triggerChance": 0.05
            }
          }
        ]
      },
      { "attribute": "the_vault:effect_cloud",
        "group": "ModOnHitAddition",
        "identifier": "the_vault:crafted_fear_cloud",
        "tags": [
          "focusFearCloud"
        ],
        "tiers": [
          {
            "minLevel": 0,
            "maxLevel": -1,
            "weight": 10,
            "value": {
              "tooltipDisplayName": "Fear",
              "potion": "minecraft:empty",
              "additionalEffects": [
                {
                  "effect": "the_vault:taunt_repel_mob",
                  "duration": 60,
                  "amplifier": 0,
                  "showParticles": true,
                  "showIcon": true
                }
              ],
              "duration": 120,
              "radius": 4.0,
              "color": 2818160,
              "affectsOwner": false,
              "triggerChance": 0.05
            }
          },
          {
            "minLevel": 32,
            "maxLevel": -1,
            "weight": 10,
            "value": {
              "tooltipDisplayName": "Fear II",
              "potion": "minecraft:empty",
              "additionalEffects": [
                {
                  "effect": "the_vault:taunt_repel_mob",
                  "duration": 60,
                  "amplifier": 0,
                  "showParticles": true,
                  "showIcon": true
                }
              ],
              "duration": 160,
              "radius": 4.0,
              "color": 2818160,
              "affectsOwner": false,
              "triggerChance": 0.05
            }
          },
          {
            "minLevel": 64,
            "maxLevel": -1,
            "weight": 10,
            "value": {
              "tooltipDisplayName": "Fear III",
              "potion": "minecraft:empty",
              "additionalEffects": [
                {
                  "effect": "the_vault:taunt_repel_mob",
                  "duration": 60,
                  "amplifier": 0,
                  "showParticles": true,
                  "showIcon": true
                }
              ],
              "duration": 200,
              "radius": 4.0,
              "color": 2818160,
              "affectsOwner": false,
              "triggerChance": 0.05
            }
          }
        ]
      },

      { "attribute": "the_vault:effect_cloud",
        "group": "ModOnHitAddition",
        "identifier": "the_vault:crafted_chilling_cloud",
        "tags": [
          "focusChillingCloud"
        ],
        "tiers": [
          {
            "minLevel": 0,
            "maxLevel": -1,
            "weight": 10,
            "value": {
              "tooltipDisplayName": "Chilling",
              "potion": "minecraft:empty",
              "additionalEffects": [
                {
                  "effect": "the_vault:chilled",
                  "duration": 140,
                  "amplifier": 0,
                  "showParticles": true,
                  "showIcon": true
                }
              ],
              "duration": 120,
              "radius": 4.0,
              "color": 3138042,
              "affectsOwner": false,
              "triggerChance": 0.05
            }
          },
          {
            "minLevel": 32,
            "maxLevel": -1,
            "weight": 10,
            "value": {
              "tooltipDisplayName": "Chilling II",
              "potion": "minecraft:empty",
              "additionalEffects": [
                {
                  "effect": "the_vault:chilled",
                  "duration": 140,
                  "amplifier": 0,
                  "showParticles": true,
                  "showIcon": true
                }
              ],
              "duration": 160,
              "radius": 4.0,
              "color": 3138042,
              "affectsOwner": false,
              "triggerChance": 0.05
            }
          },
          {
            "minLevel": 64,
            "maxLevel": -1,
            "weight": 10,
            "value": {
              "tooltipDisplayName": "Chilling III",
              "potion": "minecraft:empty",
              "additionalEffects": [
                {
                  "effect": "the_vault:chilled",
                  "duration": 140,
                  "amplifier": 0,
                  "showParticles": true,
                  "showIcon": true
                }
              ],
              "duration": 200,
              "radius": 4.0,
              "color": 3138042,
              "affectsOwner": false,
              "triggerChance": 0.05
            }
          }
        ]
      },

      { "attribute": "the_vault:attack_speed_percent",
        "group": "ModAttackType",
        "identifier": "the_vault:crafted_attack_speed_percent",
        "tags": [
          "focusAttackSpeedPercent"
        ],
        "tiers": [
          {
            "minLevel": 0,
            "maxLevel": -1,
            "weight": 10,
            "value": {
              "min": 0.05,
              "max": 0.1,
              "step": 0.01
            }
          },
          {
            "minLevel": 36,
            "maxLevel": -1,
            "weight": 10,
            "value": {
              "min": 0.11,
              "max": 0.15,
              "step": 0.01
            }
          },
          {
            "minLevel": 65,
            "maxLevel": -1,
            "weight": 10,
            "value": {
              "min": 0.16,
              "max": 0.2,
              "step": 0.01
            }
          },
          {
            "minLevel": 96,
            "maxLevel": -1,
            "weight": 10,
            "value": {
              "min": 0.21,
              "max": 0.25,
              "step": 0.01
            }
          }
        ]
      },
      { "attribute": "the_vault:attack_range",
        "group": "ModAttackType",
        "identifier": "the_vault:crafted_attack_range",
        "tags": [
          "focusAttackRange"
        ],
        "tiers": [
          {
            "minLevel": 0,
            "maxLevel": -1,
            "weight": 10,
            "value": {
              "min": 0.1,
              "max": 0.2,
              "step": 0.01
            }
          },
          {
            "minLevel": 20,
            "maxLevel": -1,
            "weight": 10,
            "value": {
              "min": 0.21,
              "max": 0.3,
              "step": 0.01
            }
          },
          {
            "minLevel": 45,
            "maxLevel": -1,
            "weight": 10,
            "value": {
              "min": 0.31,
              "max": 0.4,
              "step": 0.01
            }
          },
          {
            "minLevel": 75,
            "maxLevel": -1,
            "weight": 10,
            "value": {
              "min": 0.41,
              "max": 0.5,
              "step": 0.01
            }
          }
        ]
      },
      { "attribute": "the_vault:on_hit_stun",
      "group": "ModOnHitAddition",
      "identifier": "the_vault:crafted_on_hit_stun",
      "tags": [
        "focusStun"
      ],
      "tiers": [
        {
          "minLevel": 0,
          "maxLevel": -1,
          "weight": 10,
          "value": {
            "min": 0.04,
            "max": 0.08,
            "step": 0.01
          }
        },
        {
          "minLevel": 30,
          "maxLevel": -1,
          "weight": 10,
          "value": {
            "min": 0.09,
            "max": 0.12,
            "step": 0.01
          }
        },
        {
          "minLevel": 45,
          "maxLevel": -1,
          "weight": 10,
          "value": {
            "min": 0.13,
            "max": 0.16,
            "step": 0.01
          }
        },
        {
          "minLevel": 65,
          "maxLevel": -1,
          "weight": 10,
          "value": {
            "min": 0.17,
            "max": 0.2,
            "step": 0.01
          }
        },
        {
          "minLevel": 86,
          "maxLevel": -1,
          "weight": 10,
          "value": {
            "min": 0.21,
            "max": 0.24,
            "step": 0.01
          }
        }
      ]
      },
      { "attribute": "the_vault:shocking_hit_chance",
        "group": "ModOnHitAddition",
        "identifier": "the_vault:crafted_on_hit_shock",
        "tags": [
          "focusShocking"
        ],
        "tiers": [
          {
            "minLevel": 0,
            "maxLevel": -1,
            "weight": 10,
            "value": {
              "min": 0.04,
              "max": 0.08,
              "step": 0.01
            }
          },
          {
            "minLevel": 30,
            "maxLevel": -1,
            "weight": 10,
            "value": {
              "min": 0.09,
              "max": 0.12,
              "step": 0.01
            }
          },
          {
            "minLevel": 45,
            "maxLevel": -1,
            "weight": 10,
            "value": {
              "min": 0.13,
              "max": 0.16,
              "step": 0.01
            }
          },
          {
            "minLevel": 65,
            "maxLevel": -1,
            "weight": 10,
            "value": {
              "min": 0.17,
              "max": 0.2,
              "step": 0.01
            }
          },
          {
            "minLevel": 86,
            "maxLevel": -1,
            "weight": 10,
            "value": {
              "min": 0.21,
              "max": 0.24,
              "step": 0.01
            }
          }
        ]
      },
      { "attribute": "the_vault:lucky_hit_chance",
        "group": "ModOnHitAddition",
        "identifier": "the_vault:crafted_lucky_hit_chance",
        "tags": [
          "focusLuckyHitChance"
        ],
        "tiers": [
          {
            "minLevel": 25,
            "maxLevel": 79,
            "weight": 10,
            "value": {
              "min": 0.03,
              "max": 0.05,
              "step": 0.01
            }
          },
          {
            "minLevel": 40,
            "maxLevel": -1,
            "weight": 10,
            "value": {
              "min": 0.06,
              "max": 0.07,
              "step": 0.01
            }
          },
          {
            "minLevel": 60,
            "maxLevel": -1,
            "weight": 10,
            "value": {
              "min": 0.08,
              "max": 0.1,
              "step": 0.01
            }
          },
          {
            "minLevel": 80,
            "maxLevel": -1,
            "weight": 10,
            "value": {
              "min": 0.11,
              "max": 0.13,
              "step": 0.01
            }
          }
        ]
      }
    ]
  }
}