{
  "type": "minecraft:polar_bear",
  "subtypes": [],
  "name": "entity.minecraft.polar_bear",
  "name_color": "0xCCCCCC",
  "gui_scale": 1.0,
  "gui_x_offset": 0.0,
  "gui_y_offset": 0.0,
  "gui_z_offset": 0.0,
  "sim_cost": 64,
  "input": {
    "item": "hostilenetworks:empty_prediction",
    "count": 1
  },
  "base_drop": {
    "item": "hostilenetworks:overworld_prediction",
    "count": 1
  },
  "trivia": "hostilenetworks.trivia.polar_bear",
  "fabricator_drops": [
    {
      "item": "minecraft:cod",
      "count": 32
    },
    {
      "item": "minecraft:salmon",
      "count": 8
    }
  ]
}