{
  "tile_processors": [
    {
      "type": "weighted_target",
      "target": "minecraft:grass_block",
      "output": {
        "botania:vivid_grass": 1
      }
    },
    {
      "type": "weighted_target",
      "target": "minecraft:green_concrete",
      "output": {
        "the_vault:velara_dark_smooth_brick": 1
      }
    },
    {
      "type": "weighted_target",
      "target": "minecraft:green_terracotta",
      "output": {
        "the_vault:velara_dark_smooth_brick": 1
      }
    },
    {
      "type": "weighted_target",
      "target": "minecraft:moss_block",
      "output": {
        "the_vault:velara_gem_block": 1
      }
    },
    {
      "type": "weighted_target",
      "target": "minecraft:moss_carpet",
      "output": {
        "minecraft:lime_carpet": 1
      }
    },
    {
      "type": "weighted_target",
      "target": "ecologics:moss_layer",
      "output": {
        "minecraft:lime_carpet": 1
      }
    },
    {
      "type": "weighted_target",
      "target": "minecraft:lime_terracotta",
      "output": {
        "the_vault:velara_light_smooth_brick": 1
      }
    },
    {
      "type": "weighted_target",
      "target": "minecraft:green_concrete_powder",
      "output": {
        "the_vault:velara_light_smooth_brick": 1
      }
    },
    {
      "type": "weighted_target",
      "target": "minecraft:dark_oak_leaves",
      "output": {
        "the_vault:velara_leaves": 2,
        "the_vault:velara_bush": 1
      }
    },
    {
      "type": "weighted_target",
      "target": "minecraft:oak_leaves",
      "output": {
        "the_vault:velara_leaves": 2,
        "the_vault:velara_bush": 1
      }
    },
    {
      "type": "weighted_target",
      "target": "minecraft:andesite",
      "output": {
        "the_vault:velara_light_smooth_brick": 1,
        "the_vault:velara_dark_smooth_brick": 3,
        "the_vault:velara_gem_block": 1
      }
    },
    {
      "type": "weighted_target",
      "target": "minecraft:gravel",
      "output": {
        "the_vault:velara_light_smooth_brick": 1,
        "the_vault:velara_dark_smooth_brick": 3,
        "the_vault:velara_gem_block": 1
      }
    },
    {
      "type": "weighted_target",
      "target": "minecraft:stone",
      "output": {
        "the_vault:velara_light_smooth_brick": 1
      }
    },
    {
      "type": "weighted_target",
      "target": "minecraft:stone_slab",
      "output": {
        "quark:azalea_planks_slab": 1
      }
    },
    {
      "type": "weighted_target",
      "target": "minecraft:stone_stairs",
      "output": {
        "quark:azalea_planks_stairs": 1
      }
    },
    {
      "type": "weighted_target",
      "target": "minecraft:cobblestone",
      "output": {
        "quark:azalea_planks": 1
      }
    },
    {
      "type": "weighted_target",
      "target": "minecraft:cobblestone_slab",
      "output": {
        "quark:azalea_planks_slab": 1
      }
    },
    {
      "type": "weighted_target",
      "target": "minecraft:cobblestone_stairs",
      "output": {
        "quark:azalea_planks_stairs": 1
      }
    },
    {
      "type": "weighted_target",
      "target": "minecraft:cobblestone_wall",
      "output": {
        "mcwfences:azalea_hedge": 2,
        "mcwfences:flowering_azalea_hedge": 1
      }
    },
    {
      "type": "weighted_target",
      "target": "minecraft:mossy_cobblestone_slab",
      "output": {
        "quark:azalea_planks_slab": 1
      }
    },
    {
      "type": "weighted_target",
      "target": "minecraft:mossy_cobblestone_stairs",
      "output": {
        "quark:azalea_planks_stairs": 1
      }
    },
    {
      "type": "weighted_target",
      "target": "minecraft:andesite",
      "output": {
        "quark:azalea_planks": 1
      }
    },
    {
      "type": "weighted_target",
      "target": "minecraft:andesite_slab",
      "output": {
        "quark:azalea_planks_slab": 1
      }
    },
    {
      "type": "weighted_target",
      "target": "minecraft:andesite_stairs",
      "output": {
        "quark:azalea_planks_stairs": 1
      }
    },
    {
      "type": "weighted_target",
      "target": "minecraft:andesite_wall",
      "output": {
        "the_vault:velara_leaves": 2,
        "the_vault:velara_bush": 1
      }
    },
    {
      "type": "weighted_target",
      "target": "minecraft:stone_bricks",
      "output": {
        "the_vault:velara_brick_chiseled": 9,
        "the_vault:velara_brick": 1
      }
    },
    {
      "type": "weighted_target",
      "target": "minecraft:stone_brick_slab",
      "output": {
        "twigs:bamboo_thatch_slab": 1
      }
    },
    {
      "type": "weighted_target",
      "target": "minecraft:stone_brick_stairs",
      "output": {
        "twigs:bamboo_thatch_stairs": 1
      }
    },
    {
      "type": "weighted_target",
      "target": "minecraft:stone_brick_wall",
      "output": {
        "mcwfences:azalea_hedge": 3,
        "mcwfences:flowering_azalea_hedge": 1
      }
    },
    {
      "type": "weighted_target",
      "target": "minecraft:mossy_stone_bricks",
      "output": {
        "the_vault:velara_brick_chiseled": 9,
        "the_vault:velara_brick": 1
      }
    },
    {
      "type": "weighted_target",
      "target": "minecraft:cracked_stone_bricks",
      "output": {
        "the_vault:velara_brick_chiseled": 9,
        "the_vault:velara_brick": 1
      }
    },
    {
      "type": "weighted_target",
      "target": "minecraft:chiseled_stone_bricks",
      "output": {
        "the_vault:velara_brick_chiseled": 9,
        "the_vault:velara_brick": 1
      }
    },
    {
      "type": "weighted_target",
      "target": "minecraft:mossy_cobblestone",
      "output": {
        "the_vault:velara_dark_smooth_brick": 1
      }
    },
    {
      "type": "weighted_target",
      "target": "minecraft:mossy_cobblestone_slab",
      "output": {
        "quark:azalea_planks_slab": 1
      }
    },
    {
      "type": "weighted_target",
      "target": "minecraft:mossy_cobblestone_stairs",
      "output": {
        "quark:azalea_planks_stairs": 1
      }
    },
    {
      "type": "weighted_target",
      "target": "minecraft:mossy_cobblestone_wall",
      "output": {
        "mcwfences:azalea_hedge": 3,
        "mcwfences:flowering_azalea_hedge": 1
      }
    },
    {
      "type": "weighted_target",
      "target": "auxiliaryblocks:mossy_stone",
      "output": {
        "the_vault:velara_dark_smooth_brick": 1
      }
    },
    {
      "type": "weighted_target",
      "target": "architects_palette:heavy_mossy_stone_bricks",
      "output": {
        "the_vault:velara_dark_smooth_brick": 1
      }
    },
    {
      "type": "weighted_target",
      "target": "architects_palette:heavy_cracked_stone_bricks",
      "output": {
        "the_vault:velara_dark_smooth_brick": 1
      }
    },
    {
      "type": "weighted_target",
      "target": "minecraft:coal_ore",
      "output": {
        "quark:azalea_planks": 1
      }
    },
    {
      "type": "weighted_target",
      "target": "minecraft:lantern",
      "output": {
        "minecraft:soul_lantern": 1
      }
    },
    {
      "type": "weighted_target",
      "target": "minecraft:campfire",
      "output": {
        "minecraft:soul_campfire": 1
      }
    },
    {
        "type": "reference",
        "id": "the_vault:gate_lock/base"
    }
  ],
  "entity_processors": [],
  "decorators": []
}