{
    "parent": "izzy_vault:objectives/paradox_altar",
    "display": {
      "icon": {
        "item": "the_vault:vault_crate_paradox"
      },
      "title": {"text": "Paradoxical Loot"},
      "description": ["",{"text": "Should this even exist?","italic": true},{"text": "\nOpen a Paradox Crate after Completing a Divine Paradox Vault"}],
      "frame": "challenge",
      "hidden": true
    },
    "criteria": {
      "crake_place": {
        "trigger": "minecraft:placed_block",
        "conditions": {
          "block": "the_vault:vault_crate_paradox"
        }
      },
      "altar": {
        "trigger": "minecraft:item_used_on_block",
        "conditions": {
            "location": {
              "block": {
                "blocks": [
                  "the_vault:divine_altar"
                ]
              }
            },
            "item": {
              "items": [
                  "the_vault:god_blessing"
              ]
            }
        }
      }
    },
    "requirements": [
        ["crake_place"],
        ["altar"]
    ]
  }