{
    "tile_processors": [
        {
            "type": "reference",
            "id": "the_vault:generic/hidden_placeholder"
        },
        {
            "type": "reference",
            "id": "the_vault:chaos/x-mark/ornate_chest_placeholder"
        },
        {
            "type": "reference",
            "id": "the_vault:generic/treasure"
        },
        {
            "type": "reference",
            "id": "the_vault:generic/challenge_elite_spawners"
        }
    ],
    "entity_processors": [],
    "decorators": []
  }