{
  "listings": [
    {
      "modelId": "the_vault:gear/armor/soulflame/helmet",
      "cost": 25
    },
    {
      "modelId": "the_vault:gear/armor/soulflame/chestplate",
      "cost": 25
    },
    {
      "modelId": "the_vault:gear/armor/soulflame/leggings",
      "cost": 10
    },
    {
      "modelId": "the_vault:gear/armor/soulflame/boots",
      "cost": 5
    },
    {
      "modelId": "the_vault:gear/armor/goldflame/helmet",
      "cost": 25
    },
    {
      "modelId": "the_vault:gear/armor/goldflame/chestplate",
      "cost": 25
    },
    {
      "modelId": "the_vault:gear/armor/goldflame/leggings",
      "cost": 10
    },
    {
      "modelId": "the_vault:gear/armor/goldflame/boots",
      "cost": 5
    },
    {
      "modelId": "the_vault:gear/armor/penguin/helmet",
      "cost": 25
    },
    {
      "modelId": "the_vault:gear/armor/penguin/chestplate",
      "cost": 25
    },
    {
      "modelId": "the_vault:gear/armor/penguin/leggings",
      "cost": 10
    },
    {
      "modelId": "the_vault:gear/armor/penguin/boots",
      "cost": 5
    },
    {
      "modelId": "the_vault:gear/armor/scarecrow/helmet",
      "cost": 10
    },
    {
      "modelId": "the_vault:gear/armor/scarecrow/chestplate",
      "cost": 10
    },
    {
      "modelId": "the_vault:gear/armor/scarecrow/leggings",
      "cost": 4
    },
    {
      "modelId": "the_vault:gear/armor/scarecrow/boots",
      "cost": 4
    },
    {
      "modelId": "the_vault:gear/sword/nightfall",
      "cost": 4
    },
    {
      "modelId": "the_vault:gear/sword/glorem_glipsum",
      "cost": 4
    },
    {
      "modelId": "the_vault:gear/axe/greathammer",
      "cost": 4
    },
    {
      "stack": {
        "item": "the_vault:title_scroll",
        "nbt": "{Affix:\"PREFIX\",TitleId:\"omega\", display:{Name:\u0027{\"text\":\"Prefix Title: \", \"extra\":[{\"text\":\"Omega\",\"color\":\"#6AFF00\"}]}\u0027}}"
      },
      "cost": 2
    },
    {
      "stack": {
        "item": "the_vault:title_scroll",
        "nbt": "{Affix:\"PREFIX\",TitleId:\"epic\", display:{Name:\u0027{\"text\":\"Prefix Title: \", \"extra\":[{\"text\":\"Epic\",\"color\":\"#AAAAAA\"}]}\u0027}}"
      },
      "cost": 2
    },
    {
      "stack": {
        "item": "the_vault:title_scroll",
        "nbt": "{Affix:\"PREFIX\",TitleId:\"shady\", display:{Name:\u0027{\"text\":\"Prefix Title: \", \"extra\":[{\"text\":\"Shady\",\"color\":\"#AAAAAA\"}]}\u0027}}"
      },
      "cost": 2
    },
    {
      "stack": {
        "item": "the_vault:title_scroll",
        "nbt": "{Affix:\"PREFIX\",TitleId:\"scrappy\", display:{Name:\u0027{\"text\":\"Prefix Title: \", \"extra\":[{\"text\":\"Scrappy\",\"color\":\"#AAAAAA\"}]}\u0027}}"
      },
      "cost": 2
    },
    {
      "stack": {
        "item": "the_vault:title_scroll",
        "nbt": "{Affix:\"PREFIX\",TitleId:\"fantastic\", display:{Name:\u0027{\"text\":\"Prefix Title: \", \"extra\":[{\"text\":\"Fantastic\",\"color\":\"#AAAAAA\"}]}\u0027}}"
      },
      "cost": 2
    },
    {
      "stack": {
        "item": "the_vault:title_scroll",
        "nbt": "{Affix:\"PREFIX\",TitleId:\"stunning\", display:{Name:\u0027{\"text\":\"Prefix Title: \", \"extra\":[{\"text\":\"Stunning\",\"color\":\"#AAAAAA\"}]}\u0027}}"
      },
      "cost": 2
    },
    {
      "stack": {
        "item": "the_vault:title_scroll",
        "nbt": "{Affix:\"PREFIX\",TitleId:\"gorgeous\", display:{Name:\u0027{\"text\":\"Prefix Title: \", \"extra\":[{\"text\":\"Gorgeous\",\"color\":\"#ff64e7\"}]}\u0027}}"
      },
      "cost": 2
    },
    {
      "stack": {
        "item": "the_vault:title_scroll",
        "nbt": "{Affix:\"PREFIX\",TitleId:\"sir\", display:{Name:\u0027{\"text\":\"Prefix Title: \", \"extra\":[{\"text\":\"Sir\",\"color\":\"#AAAAAA\"}]}\u0027}}"
      },
      "cost": 2
    },
    {
      "stack": {
        "item": "the_vault:title_scroll",
        "nbt": "{Affix:\"PREFIX\",TitleId:\"lord\", display:{Name:\u0027{\"text\":\"Prefix Title: \", \"extra\":[{\"text\":\"Lord\",\"color\":\"#e4fcff\"}]}\u0027}}"
      },
      "cost": 2
    },
    {
      "stack": {
        "item": "the_vault:title_scroll",
        "nbt": "{Affix:\"PREFIX\",TitleId:\"lady\", display:{Name:\u0027{\"text\":\"Prefix Title: \", \"extra\":[{\"text\":\"Lady\",\"color\":\"#e4fcff\"}]}\u0027}}"
      },
      "cost": 2
    },
    {
      "stack": {
        "item": "the_vault:title_scroll",
        "nbt": "{Affix:\"PREFIX\",TitleId:\"captain\", display:{Name:\u0027{\"text\":\"Prefix Title: \", \"extra\":[{\"text\":\"Captain\",\"color\":\"#AAAAAA\"}]}\u0027}}"
      },
      "cost": 2
    },
    {
      "stack": {
        "item": "the_vault:title_scroll",
        "nbt": "{Affix:\"PREFIX\",TitleId:\"baron\", display:{Name:\u0027{\"text\":\"Prefix Title: \", \"extra\":[{\"text\":\"Baron\",\"color\":\"#AAAAAA\"}]}\u0027}}"
      },
      "cost": 2
    },
    {
      "stack": {
        "item": "the_vault:title_scroll",
        "nbt": "{Affix:\"PREFIX\",TitleId:\"master\", display:{Name:\u0027{\"text\":\"Prefix Title: \", \"extra\":[{\"text\":\"Master\",\"color\":\"#AAAAAA\"}]}\u0027}}"
      },
      "cost": 2
    },
    {
      "stack": {
        "item": "the_vault:title_scroll",
        "nbt": "{Affix:\"PREFIX\",TitleId:\"grand\", display:{Name:\u0027{\"text\":\"Prefix Title: \", \"extra\":[{\"text\":\"Grand\",\"color\":\"#AAAAAA\"}]}\u0027}}"
      },
      "cost": 2
    },
    {
      "stack": {
        "item": "the_vault:title_scroll",
        "nbt": "{Affix:\"PREFIX\",TitleId:\"commander\", display:{Name:\u0027{\"text\":\"Prefix Title: \", \"extra\":[{\"text\":\"Commander\",\"color\":\"#AAAAAA\"}]}\u0027}}"
      },
      "cost": 2
    },
    {
      "stack": {
        "item": "the_vault:title_scroll",
        "nbt": "{Affix:\"PREFIX\",TitleId:\"mega\", display:{Name:\u0027{\"text\":\"Prefix Title: \", \"extra\":[{\"text\":\"Mega\",\"color\":\"#AAAAAA\"}]}\u0027}}"
      },
      "cost": 2
    },
    {
      "stack": {
        "item": "the_vault:title_scroll",
        "nbt": "{Affix:\"PREFIX\",TitleId:\"humble\", display:{Name:\u0027{\"text\":\"Prefix Title: \", \"extra\":[{\"text\":\"Humble\",\"color\":\"#AAAAAA\"}]}\u0027}}"
      },
      "cost": 2
    },
    {
      "stack": {
        "item": "the_vault:title_scroll",
        "nbt": "{Affix:\"PREFIX\",TitleId:\"slayer\", display:{Name:\u0027{\"text\":\"Prefix Title: \", \"extra\":[{\"text\":\"Slayer\",\"color\":\"#f04848\"}]}\u0027}}"
      },
      "cost": 2
    },
    {
      "stack": {
        "item": "the_vault:title_scroll",
        "nbt": "{Affix:\"SUFFIX\",TitleId:\"of_doom\", display:{Name:\u0027{\"text\":\"Suffix Title: \", \"extra\":[{\"text\":\"Of Doom\",\"color\":\"#AAAAAA\"}]}\u0027}}"
      },
      "cost": 2
    },
    {
      "stack": {
        "item": "the_vault:title_scroll",
        "nbt": "{Affix:\"SUFFIX\",TitleId:\"the_great\", display:{Name:\u0027{\"text\":\"Suffix Title: \", \"extra\":[{\"text\":\"The Great\",\"color\":\"#AAAAAA\"}]}\u0027}}"
      },
      "cost": 2
    },
    {
      "stack": {
        "item": "the_vault:title_scroll",
        "nbt": "{Affix:\"SUFFIX\",TitleId:\"the_geezer\", display:{Name:\u0027{\"text\":\"Suffix Title: \", \"extra\":[{\"text\":\"The Geezer\",\"color\":\"#AAAAAA\"}]}\u0027}}"
      },
      "cost": 2
    },
    {
      "stack": {
        "item": "the_vault:title_scroll",
        "nbt": "{Affix:\"SUFFIX\",TitleId:\"the_plonker\", display:{Name:\u0027{\"text\":\"Suffix Title: \", \"extra\":[{\"text\":\"The Plonker\",\"color\":\"#AAAAAA\"}]}\u0027}}"
      },
      "cost": 2
    },
    {
      "stack": {
        "item": "the_vault:title_scroll",
        "nbt": "{Affix:\"SUFFIX\",TitleId:\"the_eternal\", display:{Name:\u0027{\"text\":\"Suffix Title: \", \"extra\":[{\"text\":\"The Eternal\",\"color\":\"#AAAAAA\"}]}\u0027}}"
      },
      "cost": 2
    },
    {
      "stack": {
        "item": "the_vault:title_scroll",
        "nbt": "{Affix:\"SUFFIX\",TitleId:\"the_magnificent\", display:{Name:\u0027{\"text\":\"Suffix Title: \", \"extra\":[{\"text\":\"The Magnificent\",\"color\":\"#AAAAAA\"}]}\u0027}}"
      },
      "cost": 2
    },
    {
      "stack": {
        "item": "the_vault:title_scroll",
        "nbt": "{Affix:\"SUFFIX\",TitleId:\"the_brave\", display:{Name:\u0027{\"text\":\"Suffix Title: \", \"extra\":[{\"text\":\"The Brave\",\"color\":\"#AAAAAA\"}]}\u0027}}"
      },
      "cost": 2
    },
    {
      "stack": {
        "item": "the_vault:title_scroll",
        "nbt": "{Affix:\"SUFFIX\",TitleId:\"the_wise\", display:{Name:\u0027{\"text\":\"Suffix Title: \", \"extra\":[{\"text\":\"The Wise\",\"color\":\"#AAAAAA\"}]}\u0027}}"
      },
      "cost": 2
    },
    {
      "stack": {
        "item": "the_vault:title_scroll",
        "nbt": "{Affix:\"SUFFIX\",TitleId:\"the_gray\", display:{Name:\u0027{\"text\":\"Suffix Title: \", \"extra\":[{\"text\":\"The Gray\",\"color\":\"#AAAAAA\"}]}\u0027}}"
      },
      "cost": 2
    },
    {
      "stack": {
        "item": "the_vault:title_scroll",
        "nbt": "{Affix:\"SUFFIX\",TitleId:\"the_terrible\", display:{Name:\u0027{\"text\":\"Suffix Title: \", \"extra\":[{\"text\":\"The Terrible\",\"color\":\"#AAAAAA\"}]}\u0027}}"
      },
      "cost": 2
    },
    {
      "stack": {
        "item": "the_vault:title_scroll",
        "nbt": "{Affix:\"SUFFIX\",TitleId:\"the_noob\", display:{Name:\u0027{\"text\":\"Suffix Title: \", \"extra\":[{\"text\":\"The Noob\",\"color\":\"#AAAAAA\"}]}\u0027}}"
      },
      "cost": 2
    },
    {
      "stack": {
        "item": "the_vault:title_scroll",
        "nbt": "{Affix:\"SUFFIX\",TitleId:\"the_creator\", display:{Name:\u0027{\"text\":\"Suffix Title: \", \"extra\":[{\"text\":\"The Creator\",\"color\":\"#AAAAAA\"}]}\u0027}}"
      },
      "cost": 2
    },
    {
      "stack": {
        "item": "the_vault:title_scroll",
        "nbt": "{Affix:\"SUFFIX\",TitleId:\"the_redstoner\", display:{Name:\u0027{\"text\":\"Suffix Title: \", \"extra\":[{\"text\":\"The Redstoner\",\"color\":\"#AAAAAA\"}]}\u0027}}"
      },
      "cost": 2
    },
    {
      "stack": {
        "item": "the_vault:title_scroll",
        "nbt": "{Affix:\"SUFFIX\",TitleId:\"the_slab\", display:{Name:\u0027{\"text\":\"Suffix Title: \", \"extra\":[{\"text\":\"The Slab\",\"color\":\"#AAAAAA\"}]}\u0027}}"
      },
      "cost": 2
    },
    {
      "stack": {
        "item": "the_vault:title_scroll",
        "nbt": "{Affix:\"SUFFIX\",TitleId:\"the_explorer\", display:{Name:\u0027{\"text\":\"Suffix Title: \", \"extra\":[{\"text\":\"The Explorer\",\"color\":\"#AAAAAA\"}]}\u0027}}"
      },
      "cost": 2
    },
    {
      "stack": {
        "item": "the_vault:title_scroll",
        "nbt": "{Affix:\"SUFFIX\",TitleId:\"the_hunter\", display:{Name:\u0027{\"text\":\"Suffix Title: \", \"extra\":[{\"text\":\"The Hunter\",\"color\":\"#AAAAAA\"}]}\u0027}}"
      },
      "cost": 2
    },
    {
      "stack": {
        "item": "the_vault:title_scroll",
        "nbt": "{Affix:\"SUFFIX\",TitleId:\"the_treasure_hunter\", display:{Name:\u0027{\"text\":\"Suffix Title: \", \"extra\":[{\"text\":\"The Treasure Hunter\",\"color\":\"#ffc926\"}]}\u0027}}"
      },
      "cost": 2
    },
    {
      "stack": {
        "item": "the_vault:title_scroll",
        "nbt": "{Affix:\"SUFFIX\",TitleId:\"of_chaos\", display:{Name:\u0027{\"text\":\"Suffix Title: \", \"extra\":[{\"text\":\"Of Chaos\",\"color\":\"#AAAAAA\"}]}\u0027}}"
      },
      "cost": 2
    },
    {
      "stack": {
        "item": "the_vault:title_scroll",
        "nbt": "{Affix:\"SUFFIX\",TitleId:\"of_destruction\", display:{Name:\u0027{\"text\":\"Suffix Title: \", \"extra\":[{\"text\":\"Of Destruction\",\"color\":\"#AAAAAA\"}]}\u0027}}"
      },
      "cost": 2
    },
    {
      "stack": {
        "item": "the_vault:title_scroll",
        "nbt": "{Affix:\"SUFFIX\",TitleId:\"of_the_stars\", display:{Name:\u0027{\"text\":\"Suffix Title: \", \"extra\":[{\"text\":\"Of the Stars\",\"color\":\"#AAAAAA\"}]}\u0027}}"
      },
      "cost": 2
    },
    {
      "stack": {
        "item": "the_vault:title_scroll",
        "nbt": "{Affix:\"SUFFIX\",TitleId:\"of_the_ancients\", display:{Name:\u0027{\"text\":\"Suffix Title: \", \"extra\":[{\"text\":\"Of the Ancients\", \"color\":\"#FF0000\"}]}\u0027}}"
      },
      "cost": 2
    },
    {
      "stack": {
        "item": "the_vault:title_scroll",
        "nbt": "{Affix:\"SUFFIX\",TitleId:\"of_yoge\", display:{Name:\u0027{\"text\":\"Suffix Title: \", \"extra\":[{\"text\":\"Of Yoge\", \"color\":\"#ff9900\"}]}\u0027}}"
      },
      "cost": 2
    },
    {
      "stack": {
        "item": "the_vault:title_scroll",
        "nbt": "{Affix:\"PREFIX\",TitleId:\"high_priest\", display:{Name:\u0027{\"text\":\"Prefix Title: \", \"extra\":[{\"text\":\"High Priest \", \"color\":\"#ff9900\"}]}\u0027}}"
      },
      "cost": 2
    },
    {
      "stack": {
        "item": "the_vault:title_scroll",
        "nbt": "{Affix:\"PREFIX\",TitleId:\"clearprefix\", display:{Name:\u0027{\"text\":\"Clear Prefix\"}\u0027}}"
      },
      "cost": 0
    },
    {
      "stack": {
        "item": "the_vault:title_scroll",
        "nbt": "{Affix:\"SUFFIX\",TitleId:\"clearsuffix\", display:{Name:\u0027{\"text\":\"Clear Suffix\"}\u0027}}"
      },
      "cost": 0
    }
  ]
}