{
	"EXP_MULTIPLIER": 100.0,
	"SAVE_PLAYER_SNAPSHOTS": true,
	"TICK_COUNTER": 30000,
	"NO_EXIT_CHANCE": 10,
	"OBELISK_DROP_CHANCE": 2,
	"ITEM_BLACKLIST": [
		"woldsvaults:mob_barrier_red",
		"cabletiers:*",
		"littlelogistics:*",
		"botania:odin_ring",
		"botania:thor_ring",
		"botania:loki_ring",
		"botania:king_key",
		"botania:infinite_fruit",
		"integratedterminals:*",
		"integrateddynamics:*",
		"integratedtunnels:*",
		"megacells:*",
		"extrastorage:*",
		"ae2additions:*",
		"botanicalmachinery:*",
		"appbot:*",
		"appmek:*",
		"laserio:*",
		"sfm:*",
		"toms_storage:*",
		"entangled:*",
		"sophisticatedstorage:*",
		"fluiddrawerslegacy:*",
		"mysticalagriculture:*",
		"industrialforegoing:*",
		"pneumaticcraft:*",
		"hostilenetworks:*",
		"quarryplus:*",
		"createaddition:*",
		"createoreexcavation:*",
		"createdieselgenerators:*",
		"refinedstorageaddons:*",
		"ecologics:coconut_boat",
		"ecologics:walnut_boat",
		"ecologics:azalea_boat",
		"ecologics:flowering_azalea_boat",
		"quark:blossom_boat",
		"quark:azalea_boat",
		"quark:slime_in_a_bucket",
		"twigs:stripped_bamboo_boat",
		"darkutils:*",
		"minecraft:ender_chest",
		"minecraft:lava_bucket",
		"industrialforegoing:mob_crusher",
		"industrialforegoing:mob_slaughter_factory",
		"dimstorage:*",
		"darkutils:rune_damage_player",
		"minecraft:minecart",
		"minecraft:oak_boat",
		"minecraft:spruce_boat",
		"minecraft:acacia_boat",
		"minecraft:birch_boat",
		"the_vault:animal_jar",
		"minecraft:jungle_boat",
		"minecraft:dark_oak_boat",
		"minecraft:egg",
		"minecraft:turtle_egg",
		"supplementaries:slingshot",
		"hexcasting:*",
		"supplementaries:globe",
		"supplementaries:globe_sepia",
		"byg:aspen_boat",
		"modularrouters:*",
		"fluxnetworks:*",
		"byg:baobab_boat",
		"byg:blue_enchanted_boat",
		"byg:cherry_boat",
		"byg:cika_boat",
		"byg:cypress_boat",
		"byg:ebony_boat",
		"byg:fir_boat",
		"byg:green_enchanted_boat",
		"byg:holly_boat",
		"byg:jacaranda_boat",
		"byg:mahogany_boat",
		"byg:mangrove_boat",
		"byg:maple_boat",
		"byg:palm_boat",
		"byg:pine_boat",
		"byg:rainbow_eucalyptus_boat",
		"byg:redwood_boat",
		"byg:skyris_boat",
		"byg:willow_boat",
		"byg:witch_hazel_boat",
		"byg:zelkova_boat",
		"the_vault:skill_orb",
		"endermail:*",
		"rftoolsutility:charged_porter",
		"rftoolsutility:advanced_charged_porter",
		"waystones:*",
		"rftoolsutility:matter_transmitter",
		"rftoolsutility:matter_receiver",
		"appliedenergistics2:wireless_terminal",
		"refinedstorageaddons:wireless_crafting_grid",
		"refinedstorage:wireless_grid",
		"rftoolsstorage:tablet_scanner",
		"minecraft:wither_skeleton_skull",
		"rftoolsutility:*",
		"sophisticatedstorage:*",
		"the_vault:key_press",
		"mekanism:digital_miner",
		"minecraft:armor_stand",
		"minecraft:chorus_fruit",
		"mekanism:cardboard_box",
		"create:cart_assembler",
		"create:schematicannon",
		"create:wrench",
		"create:deployer",
		"usefulrailroads:*",
		"minecraft:flint_and_steel",
		"minecraft:fire_charge",
		"mekanism:personal_chest",
		"the_vault:cryo_chamber",
		"mekanism:portable_teleporter",
		"ispawner:survival_spawner",
		"the_vault:knowledge_star",
		"cfm:post_box",
		"cfm:oak_mail_box",
		"cfm:spruce_mail_box",
		"cfm:birch_mail_box",
		"cfm:jungle_mail_box",
		"cfm:acacia_mail_box",
		"cfm:dark_oak_mail_box",
		"cfm:stripped_oak_mail_box",
		"cfm:stripped_spruce_mail_box",
		"cfm:stripped_birch_mail_box",
		"cfm:stripped_jungle_mail_box",
		"cfm:stripped_acacia_mail_box",
		"cfm:stripped_dark_oak_mail_box",
		"the_vault:vault_cookie",
		"the_vault:vault_burger",
		"the_vault:oozing_pizza",
		"the_vault:vault_stew_mystery",
		"the_vault:vault_stew_normal",
		"the_vault:vault_stew_rare",
		"the_vault:vault_stew_epic",
		"the_vault:vault_stew_omega",
		"rftoolsstorage:*",
		"industrialforegoing:*",
		"rftoolsbuilder:*",
		"mekanism:portable_qio_dashboard",
		"mekanism:quantum_entangloporter",
		"buildinggadgets:gadget_copy_paste",
		"buildinggadgets:gadget_destruction",
		"mekanism:teleporter_frame",
		"the_vault:skill_orb",
		"the_vault:*_burger",
		"the_vault:cheese_burger_feast",
		"the_vault:vault_stew_*",
		"the_vault:respec_flask",
		"the_vault:reset_flask",
		"the_vault:archetype_star",
		"the_vault:tool_vise",
		"botania:ender_hand",
		"the_vault:vault_artisan_station",
		"the_vault:vault_forge",
		"the_vault:magnet_modification_table",
		"the_vault:regret_orb",
		"the_vault:angel_block",
		"minecraft:lodestone",
		"minecraft:map",
		"minecraft:filled_map",
		"mekanism:*",
		"minecraft:*_banner",
		"mininggadgets:*",
		"buildinggadgets:*",
		"minecraft:splash_potion",
		"minecraft:suspicious_stew",
		"refinedstorage:portable_grid",
		"cfm:*_mail_box",
		"cfm:post_box",
		"the_vault:bounty_block",
		"dummmmmmy:target_dummy_placer",
		"easy_piglins:piglin",
		"cagerium:*",
		"botania:thorn_chakram",
		"botania:missile_rod",
		"ispawner:spawn_egg",
		"minecraft:*_spawn_*",
		"alexsmobs:spawn_egg_flutter",
		"botania:exchange_rod",
		"botania:divining_rod",
		"botania:water_rod",
		"botania:cobble_rod",
		"botania:flare_chakram",
		"botania:terraform_rod",
		"botania:skydirt_rod",
		"botania:dirt_rod",
		"botania:astrolobe",
		"botania:star_sword",
		"create:track",
		"botania:smelt_rod",
		"botania:rainbow_rod",
		"botania:gravity_rod",
		"botania:slingshot",
		"botania:fire_rod",
		"botania:terra_sword",
		"botania:thunder_sword",
		"botania:black_hole_talisman",
		"botania:tornado_rod",
		"botania:ender_dagger",
		"minecraft:enchanted_golden_apple",
		"supplementaries:safe",
		"framedcompactdrawers:*",
		"storagedrawers:*",
		"minecraft:ender_pearl",
		"ae2:portable_item_cell_1k",
		"ae2:portable_item_cell_4k",
		"ae2:portable_item_cell_16k",
		"ae2:portable_item_cell_64k",
		"ae2:portable_item_cell_256k",
		"minecraft:firework_rocket",
		"naturescompass:naturescompass",
		"supplementaries:bomb",
		"supplementaries:bomb_blue",
		"supplementaries:bomb_spiky",
		"integrateddynamics:*",
		"megacells:*",
		"extrastorage:*",
		"integratedterminals:*",
		"integratedtunnels:*",
		"integratednbt:*",
		"quarryplus:*",
		"mysticalagriculture:*",
		"createoreexcavation:*",
		"create_mechanical_extruder:*",
		"bonsaitrees3:*",
		"hostilenetworks:*",
		"pneumaticcraft:*",
		"industrialforegoing:*",
		"appbot:*",
		"appmek:*",
		"createdieselgenerators:*",
		"alexsmobs:dimensional_carver"
	],
	"BLOCK_BLACKLIST": [
		"entangled:*",
		"integratedterminals:*",
		"integrateddynamics:*",
		"integratedtunnels:*",
		"megacells:*",
		"extrastorage:*",
		"ae2additions:*",
		"botanicalmachinery:*",
		"appbot:*",
		"appmek:*",
		"laserio:*",
		"sfm:*",
		"toms_storage:*",
		"sophisticatedstorage:*",
		"fluiddrawerslegacy:*",
		"mysticalagriculture:*",
		"industrialforegoing:*",
		"pneumaticcraft:*",
		"hostilenetworks:*",
		"quarryplus:*",
		"createaddition:*",
		"createoreexcavation:*",
		"createdieselgenerators:*",
		"darkutils:*",
		"refinedstorage:portable_grid",
		"darkutils:vector_plate",
		"ae2:vibration_chamber",
		"ae2:debug_item_gen",
		"create:track",
		"ae2:fluix_stairs",
		"ae2:energy_cell",
		"ae2:quartz_glass",
		"ae2:drive",
		"ae2:inscriber",
		"ae2:cable_bus",
		"sophisticatedstorage:*",
		"ae2:interface",
		"supplementaries:globe",
		"supplementaries:globe_sepia",
		"ae2:controller",
		"ae2:spatial_anchor",
		"ae2:spatial_io_port",
		"ae2:debug_phantom_node",
		"ae2:sky_compass",
		"the_vault:animal_jar",
		"ae2:creative_energy_cell",
		"ae2:sky_stone_chest",
		"ae2:wireless_access_point",
		"ae2:molecular_assembler",
		"ae2:condenser",
		"ae2:debug_chunk_loader",
		"ae2:matrix_frame",
		"ae2:quantum_link",
		"ae2:quartz_stairs",
		"ae2:light_detector",
		"ae2:dense_energy_cell",
		"ae2:pattern_provider",
		"ae2:energy_acceptor",
		"ae2:paint",
		"ae2:chest",
		"ae2:1k_crafting_storage",
		"ae2:spatial_pylon",
		"ae2:charger",
		"ae2:64k_crafting_storage",
		"ae2:crafting_accelerator",
		"ae2:debug_cube_gen",
		"ae2:4k_crafting_storage",
		"ae2:debug_energy_gen",
		"ae2:quartz_vibrant_glass",
		"ae2:io_port",
		"ae2:quartz_growth_accelerator",
		"ae2:cell_workbench",
		"ae2:chiseled_quartz_stairs",
		"ae2:fluix_slab",
		"ae2:tiny_tnt",
		"ae2:quantum_ring",
		"ae2:fluix_block",
		"ae2:quartz_block",
		"ae2:crafting_unit",
		"ae2:fluix_wall",
		"ae2:crafting_monitor",
		"ae2:chiseled_quartz_slab",
		"ae2:security_station",
		"ae2:16k_crafting_storage",
		"ae2:quartz_pillar",
		"ae2:256k_crafting_storage",
		"ae2:smooth_sky_stone_chest",
		"storagedrawers:*",
		"framedcompactdrawers:*",
		"botania:*_spreader",
		"botania:*_pool",
		"botania:hourglass",
		"supplementaries:safe",
		"botania:thorn_chakram",
		"botania:missile_rod",
		"botania:exchange_rod",
		"botania:divining_rod",
		"botania:water_rod",
		"botania:cobble_rod",
		"botania:flare_chakram",
		"botania:terraform_rod",
		"botania:skydirt_rod",
		"botania:dirt_rod",
		"botania:astrolobe",
		"botania:fel_pumpkin",
		"botania:rannuncarpus",
		"botania:rannuncarpus_chibi",
		"botania:floating_rannuncarpus",
		"botania:floating_rannuncarpus_chibi",
		"botania:incense_plate",
		"cagerium:*",
		"dummmmmmy:target_dummy_placer",
		"refinedstorage:*",
		"rftoolsbuilder:*",
		"cfm:*_mail_box",
		"cfm:post_box",
		"rftoolsstorage:*",
		"rftoolsutility:*",
		"usefulrailroads:*",
		"mininggadgets:*",
		"buildinggadgets:*",
		"endermail:*",
		"mekanism:elite_bin",
		"mekanism:thermal_evaporation_valve",
		"mekanism:elite_logistical_transporter",
		"mekanism:ultimate_induction_cell",
		"mekanism:qio_dashboard",
		"mekanism:sps_casing",
		"mekanism:elite_fluid_tank",
		"mekanism:creative_chemical_tank",
		"mekanism:steel_casing",
		"mekanism:oxygen",
		"mekanism:teleporter_frame",
		"mekanism:antiprotonic_nucleosynthesizer",
		"mekanism:bounding_block",
		"mekanism:basic_chemical_tank",
		"mekanism:basic_compressing_factory",
		"mekanism:basic_fluid_tank",
		"mekanism:basic_pressurized_tube",
		"mekanism:teleporter",
		"mekanism:ultimate_induction_provider",
		"mekanism:ultimate_thermodynamic_conductor",
		"mekanism:advanced_induction_cell",
		"mekanism:ultimate_sawing_factory",
		"mekanism:thermal_evaporation_controller",
		"mekanism:advanced_universal_cable",
		"mekanism:basic_universal_cable",
		"mekanism:chlorine",
		"mekanism:cardboard_box",
		"mekanism:hydrogen_chloride",
		"mekanism:industrial_alarm",
		"mekanism:block_tin",
		"mekanism:energized_smelter",
		"mekanism:purification_chamber",
		"mekanism:formulaic_assemblicator",
		"mekanism:enrichment_chamber",
		"mekanism:superheated_sodium",
		"mekanism:block_raw_uranium",
		"mekanism:supercharged_coil",
		"mekanism:sulfur_dioxide",
		"mekanism:advanced_injecting_factory",
		"mekanism:logistical_sorter",
		"mekanism:advanced_combining_factory",
		"mekanism:nutritional_liquifier",
		"mekanism:elite_infusing_factory",
		"mekanism:uranium_oxide",
		"mekanism:block_raw_lead",
		"mekanism:structural_glass",
		"mekanism:ultimate_purifying_factory",
		"mekanism:boiler_casing",
		"mekanism:ultimate_fluid_tank",
		"mekanism:chemical_washer",
		"mekanism:chemical_infuser",
		"mekanism:basic_injecting_factory",
		"mekanism:thermal_evaporation_block",
		"mekanism:basic_combining_factory",
		"mekanism:resistive_heater",
		"mekanism:basic_enriching_factory",
		"mekanism:advanced_chemical_tank",
		"mekanism:sodium",
		"mekanism:pigment_mixer",
		"mekanism:block_lead",
		"mekanism:creative_fluid_tank",
		"mekanism:advanced_logistical_transporter",
		"mekanism:basic_energy_cube",
		"mekanism:personal_chest",
		"mekanism:block_salt",
		"mekanism:personal_barrel",
		"mekanism:block_refined_obsidian",
		"mekanism:ultimate_energy_cube",
		"mekanism:nutritional_paste",
		"mekanism:block_refined_glowstone",
		"mekanism:qio_redstone_adapter",
		"mekanism:advanced_thermodynamic_conductor",
		"mekanism:qio_importer",
		"mekanism:advanced_bin",
		"mekanism:sulfuric_acid",
		"mekanism:elite_energy_cube",
		"mekanism:qio_drive_array",
		"mekanism:sulfur_trioxide",
		"mekanism:laser_tractor_beam",
		"mekanism:fluidic_plenisher",
		"mekanism:solar_neutron_activator",
		"mekanism:ultimate_enriching_factory",
		"mekanism:chargepad",
		"mekanism:laser",
		"mekanism:advanced_infusing_factory",
		"mekanism:dimensional_stabilizer",
		"mekanism:advanced_compressing_factory",
		"mekanism:advanced_crushing_factory",
		"mekanism:basic_smelting_factory",
		"mekanism:ultimate_infusing_factory",
		"mekanism:elite_thermodynamic_conductor",
		"mekanism:basic_bin",
		"mekanism:elite_purifying_factory",
		"mekanism:brine",
		"mekanism:elite_sawing_factory",
		"mekanism:ultimate_chemical_tank",
		"mekanism:advanced_enriching_factory",
		"mekanism:elite_smelting_factory",
		"mekanism:block_raw_tin",
		"mekanism:dynamic_tank",
		"mekanism:radioactive_waste_barrel",
		"mekanism:precision_sawmill",
		"mekanism:quantum_entangloporter",
		"mekanism:dynamic_valve",
		"mekanism:metallurgic_infuser",
		"mekanism:creative_bin",
		"mekanism:elite_combining_factory",
		"mekanism:induction_port",
		"mekanism:elite_universal_cable",
		"mekanism:elite_injecting_factory",
		"mekanism:osmium_compressor",
		"mekanism:qio_exporter",
		"mekanism:superheating_element",
		"mekanism:block_steel",
		"mekanism:elite_compressing_factory",
		"mekanism:basic_induction_provider",
		"mekanism:ultimate_universal_cable",
		"mekanism:basic_induction_cell",
		"mekanism:basic_purifying_factory",
		"mekanism:elite_mechanical_pipe",
		"mekanism:chemical_oxidizer",
		"mekanism:pigment_extractor",
		"mekanism:advanced_mechanical_pipe",
		"mekanism:restrictive_transporter",
		"mekanism:induction_casing",
		"mekanism:isotopic_centrifuge",
		"mekanism:oredictionificator",
		"mekanism:ultimate_mechanical_pipe",
		"mekanism:digital_miner",
		"mekanism:sps_port",
		"mekanism:advanced_pressurized_tube",
		"mekanism:uranium_hexafluoride",
		"mekanism:laser_amplifier",
		"mekanism:ultimate_pressurized_tube",
		"mekanism:elite_induction_cell",
		"mekanism:crusher",
		"mekanism:advanced_energy_cube",
		"mekanism:elite_chemical_tank",
		"mekanism:basic_logistical_transporter",
		"mekanism:ultimate_bin",
		"mekanism:steam",
		"mekanism:elite_crushing_factory",
		"mekanism:pressure_disperser",
		"mekanism:seismic_vibrator",
		"mekanism:advanced_fluid_tank",
		"mekanism:basic_sawing_factory",
		"mekanism:lithium",
		"mekanism:ultimate_injecting_factory",
		"mekanism:rotary_condensentrator",
		"mekanism:ultimate_combining_factory",
		"mekanism:advanced_purifying_factory",
		"mekanism:pressurized_reaction_chamber",
		"mekanism:block_uranium",
		"mekanism:painting_machine",
		"mekanism:elite_enriching_factory",
		"mekanism:hydrogen",
		"mekanism:advanced_smelting_factory",
		"mekanism:basic_crushing_factory",
		"mekanism:block_osmium",
		"mekanism:ultimate_compressing_factory",
		"mekanism:electric_pump",
		"mekanism:combiner",
		"mekanism:chemical_injection_chamber",
		"mekanism:ultimate_smelting_factory",
		"mekanism:ethene",
		"mekanism:creative_energy_cube",
		"mekanism:security_desk",
		"mekanism:boiler_valve",
		"mekanism:block_bronze",
		"mekanism:basic_mechanical_pipe",
		"mekanism:hydrofluoric_acid",
		"mekanism:electrolytic_separator",
		"mekanism:advanced_induction_provider",
		"mekanism:advanced_sawing_factory",
		"mekanism:chemical_crystallizer",
		"mekanism:block_charcoal",
		"mekanism:block_raw_osmium",
		"mekanism:diversion_transporter",
		"mekanism:basic_thermodynamic_conductor",
		"mekanism:modification_station",
		"mekanism:block_fluorite",
		"mekanism:ultimate_logistical_transporter",
		"mekanism:elite_pressurized_tube",
		"mekanism:heavy_water",
		"mekanism:elite_induction_provider",
		"mekanism:basic_infusing_factory",
		"mekanism:ultimate_crushing_factory",
		"mekanism:fuelwood_heater",
		"mekanism:chemical_dissolution_chamber",
		"waystones:*",
		"modularrouters:*",
		"fluxnetworks:*",
		"dimstorage:*",
		"minecraft:lodestone",
		"create:belt_connector",
		"immersiveengineering:conveyor_basic",
		"darkutils:vector_plate_fast",
		"darkutils:vector_plate_extreme",
		"minecraft:dispenser",
		"rftoolsutility:syringe",
		"industrialforegoing:mob_imprisonment_tool",
		"engineersdecor:factory_placer",
		"industrialforegoing:block_placer",
		"appliedenergistics2:spatial_pylon",
		"mekanism:teleporter",
		"mekanism:teleporter_frame",
		"darkutils:rune_damage",
		"darkutils:rune_damage_player",
		"waystones:warp_plate",
		"buildinggadgets:gadget_copy_paste",
		"buildinggadgets:gadget_destruction",
		"minecraft:ender_chest",
		"fluxnetworks:*",
		"rftoolsutility:*",
		"industrialforegoing:mob_crusher",
		"industrialforegoing:mob_slaughter_factory",
		"dimstorage:dimensional_chest",
		"darkutils:rune_damage_player",
		"modularrouters:*",
		"minecraft:minecart",
		"minecraft:oak_boat",
		"minecraft:spruce_boat",
		"minecraft:acacia_boat",
		"minecraft:birch_boat",
		"minecraft:jungle_boat",
		"minecraft:dark_oak_boat",
		"byg:aspen_boat",
		"byg:baobab_boat",
		"byg:blue_enchanted_boat",
		"byg:cherry_boat",
		"byg:cika_boat",
		"byg:cypress_boat",
		"byg:ebony_boat",
		"byg:fir_boat",
		"byg:green_enchanted_boat",
		"byg:holly_boat",
		"byg:jacaranda_boat",
		"byg:mahogany_boat",
		"byg:mangrove_boat",
		"byg:maple_boat",
		"byg:palm_boat",
		"byg:pine_boat",
		"byg:rainbow_eucalyptus_boat",
		"byg:redwood_boat",
		"byg:skyris_boat",
		"byg:willow_boat",
		"byg:witch_hazel_boat",
		"byg:zelkova_boat",
		"endermail:package",
		"waystones:waystone",
		"waystones:mossy_waystone",
		"waystones:sandy_waystone",
		"rftoolsutility:matter_transmitter",
		"rftoolsutility:matter_receiver",
		"minecraft:wither_skeleton_skull",
		"waystones:warp_scroll",
		"the_vault:key_press",
		"mekanism:digital_miner",
		"minecraft:armor_stand",
		"botania:flugel_eye",
		"minecraft:chorus_fruit",
		"minecraft:enchanted_golden_apple",
		"mekanism:cardboard_box",
		"create:cart_assembler",
		"create:schematicannon",
		"create:wrench",
		"create:deployer",
		"usefulrailroads:teleport_rail",
		"minecraft:flint_and_steel",
		"minecraft:fire_charge",
		"mekanism:personal_chest",
		"mekanism:portable_teleporter",
		"ispawner:survival_spawner",
		"ispawner:spawn_egg",
		"minecraft:*_spawn_*",
		"the_vault:knowledge_star",
		"cfm:post_box",
		"cfm:oak_mail_box",
		"cfm:spruce_mail_box",
		"cfm:birch_mail_box",
		"cfm:jungle_mail_box",
		"cfm:acacia_mail_box",
		"cfm:dark_oak_mail_box",
		"cfm:stripped_oak_mail_box",
		"cfm:stripped_spruce_mail_box",
		"cfm:stripped_birch_mail_box",
		"cfm:stripped_jungle_mail_box",
		"cfm:stripped_acacia_mail_box",
		"cfm:stripped_dark_oak_mail_box",
		"the_vault:vault_cookie",
		"the_vault:vault_burger",
		"the_vault:oozing_pizza",
		"the_vault:vault_stew_mystery",
		"the_vault:vault_stew_normal",
		"the_vault:vault_stew_rare",
		"the_vault:vault_stew_epic",
		"the_vault:vault_stew_omega",
		"rftoolsstorage:modular_storage",
		"rftoolsstorage:storage_scanner",
		"rftoolsstorage:dimensional_tablet",
		"mekanism:portable_qio_dashboard",
		"mekanism:quantum_entangloporter",
		"the_vault:bounty_block",
		"the_vault:angel_block",
		"dummmmmmy:target_dummy_placer",
		"integrateddynamics:*",
		"megacells:*",
		"extrastorage:*",
		"integratedterminals:*",
		"integratedtunnels:*",
		"integratednbt:*",
		"quarryplus:*",
		"mysticalagriculture:*",
		"createoreexcavation:*",
		"create_mechanical_extruder:*",
		"bonsaitrees3:*",
		"hostilenetworks:*",
		"pneumaticcraft:*",
		"industrialforegoing:*",
		"appbot:*",
		"appmek:*",
		"createdieselgenerators:*",
		"woldsvaults:mob_barrier_red"
	],
	"VAULT_EXIT_TNL_MIN": 0.5,
	"VAULT_EXIT_TNL_MAX": 1.0,
	"MONTHS_TO_TAG_COLOR": {
		"1": "AQUA",
		"7": "DARK_AQUA",
		"13": "YELLOW",
		"25": "GOLD",
		"48": "RED"
	},
	"VAULT_OBJECTIVES": [
		{
			"level": 0,
			"outcomes": [
				{
					"value": "the_vault:summon_and_kill_boss",
					"weight": 14
				}
			]
		},
		{
			"level": 25,
			"outcomes": [
				{
					"value": "the_vault:summon_and_kill_boss",
					"weight": 14
				},
				{
					"value": "the_vault:scavenger_hunt",
					"weight": 2
				}
			]
		},
		{
			"level": 50,
			"outcomes": [
				{
					"value": "the_vault:summon_and_kill_boss",
					"weight": 14
				},
				{
					"value": "the_vault:scavenger_hunt",
					"weight": 5
				}
			]
		}
	],
	"VAULT_COOP_OBJECTIVES": [
		{
			"level": 0,
			"outcomes": [
				{
					"value": "the_vault:summon_and_kill_boss",
					"weight": 14
				}
			]
		},
		{
			"level": 25,
			"outcomes": [
				{
					"value": "the_vault:summon_and_kill_boss",
					"weight": 14
				},
				{
					"value": "the_vault:scavenger_hunt",
					"weight": 2
				}
			]
		},
		{
			"level": 50,
			"outcomes": [
				{
					"value": "the_vault:summon_and_kill_boss",
					"weight": 14
				},
				{
					"value": "the_vault:scavenger_hunt",
					"weight": 5
				}
			]
		}
	]
}