{
  "entries": [
    {
      "roll": {
        "type": "uniform",
        "min": 1,
        "max": 1
      },
      "pool": [
        {
          "weight": 70,
          "pool": [
            {
              "weight": 10,
              "item": {
                "id": "the_vault:wold_star_chunk",
                "count": {
                  "type": "uniform",
                  "min": 1,
                  "max": 1
                }
              }
            },
            {
              "weight": 40,
              "item": {
                "id": "the_vault:card_deck",
                "nbt": {
                  "id": "treasure"
                },
                "count": {
                  "type": "uniform",
                  "min": 1,
                  "max": 1
                }
              }
            },
            {
              "weight": 100,
              "item": {
                "id": "the_vault:loot_sack",
                "nbt": {
                  "the_vault:is_legendary": "true",
                  "the_vault:gear_roll_type_pool": "gear_treasure"
                },
                "count": {
                  "type": "uniform",
                  "min": 1,
                  "max": 1
                }
              }
            },
            {
              "weight": 100,
              "item": {
                "id": "the_vault:plushie",
                "nbt": {
                  "the_vault:is_legendary": "true",
                  "the_vault:gear_roll_type_pool": "gear_treasure"
                },
                "count": {
                  "type": "uniform",
                  "min": 1,
                  "max": 1
                }
              }
            },
            {
              "weight": 100,
              "item": {
                "id": "the_vault:battlestaff",
                "nbt": {
                  "the_vault:is_legendary": "true",
                  "the_vault:gear_roll_type_pool": "gear_treasure"
                },
                "count": {
                  "type": "uniform",
                  "min": 1,
                  "max": 1
                }
              }
            },
            {
              "weight": 100,
              "item": {
                "id": "the_vault:trident",
                "nbt": {
                  "the_vault:is_legendary": "true",
                  "the_vault:gear_roll_type_pool": "gear_treasure"
                },
                "count": {
                  "type": "uniform",
                  "min": 1,
                  "max": 1
                }
              }
            },
            {
              "weight": 100,
              "item": {
                "id": "the_vault:sword",
                "nbt": {
                  "the_vault:is_legendary": "true",
                  "the_vault:gear_roll_type_pool": "gear_treasure"
                },
                "count": {
                  "type": "uniform",
                  "min": 1,
                  "max": 1
                }
              }
            },
            {
              "weight": 100,
              "item": {
                "id": "the_vault:axe",
                "nbt": {
                  "the_vault:is_legendary": "true",
                  "the_vault:gear_roll_type_pool": "gear_treasure"
                },
                "count": {
                  "type": "uniform",
                  "min": 1,
                  "max": 1
                }
              }
            },
            {
              "weight": 100,
              "item": {
                "id": "the_vault:helmet",
                "nbt": {
                  "the_vault:is_legendary": "true",
                  "the_vault:gear_roll_type_pool": "gear_treasure"
                },
                "count": {
                  "type": "uniform",
                  "min": 1,
                  "max": 1
                }
              }
            },
            {
              "weight": 100,
              "item": {
                "id": "the_vault:chestplate",
                "nbt": {
                  "the_vault:is_legendary": "true",
                  "the_vault:gear_roll_type_pool": "gear_treasure"
                },
                "count": {
                  "type": "uniform",
                  "min": 1,
                  "max": 1
                }
              }
            },
            {
              "weight": 100,
              "item": {
                "id": "the_vault:leggings",
                "nbt": {
                  "the_vault:is_legendary": "true",
                  "the_vault:gear_roll_type_pool": "gear_treasure"
                },
                "count": {
                  "type": "uniform",
                  "min": 1,
                  "max": 1
                }
              }
            },
            {
              "weight": 100,
              "item": {
                "id": "the_vault:boots",
                "nbt": {
                  "the_vault:is_legendary": "true",
                  "the_vault:gear_roll_type_pool": "gear_treasure"
                },
                "count": {
                  "type": "uniform",
                  "min": 1,
                  "max": 1
                }
              }
            },
            {
              "weight": 80,
              "item": {
                "id": "the_vault:shield",
                "nbt": {
                  "the_vault:is_legendary": "true",
                  "the_vault:gear_roll_type_pool": "gear_treasure"
                },
                "count": {
                  "type": "uniform",
                  "min": 1,
                  "max": 1
                }
              }
            },
            {
              "weight": 80,
              "item": {
                "id": "the_vault:wand",
                "nbt": {
                  "the_vault:is_legendary": "true",
                  "the_vault:gear_roll_type_pool": "gear_treasure"
                },
                "count": {
                  "type": "uniform",
                  "min": 1,
                  "max": 1
                }
              }
            },
            {
              "weight": 80,
              "item": {
                "id": "the_vault:focus",
                "nbt": {
                  "the_vault:is_legendary": "true",
                  "the_vault:gear_roll_type_pool": "gear_treasure"
                },
                "count": {
                  "type": "uniform",
                  "min": 1,
                  "max": 1
                }
              }
            }
          ]
        }
      ]
    }
  ]
}