{
  "entries": [
    {
      "roll": {
        "type": "uniform",
        "min": 1,
        "max": 1
      },
      "pool": [
        {
          "weight": 120,
          "pool": [
            {
              "weight": 25,
              "item": {
                "id": "the_vault:vault_bronze",
                "count": {
                  "type": "uniform",
                  "min": 2,
                  "max": 6
                }
              }
            }
          ]
        },
        {
          "weight": 60,
          "pool": [
            {
              "weight": 8,
              "item": {
                "id": "the_vault:vault_bronze",
                "count": {
                  "type": "uniform",
                  "min": 2,
                  "max": 6
                }
              }
            },
            {
              "weight": 8,
              "item": {
                "id": "the_vault:vault_silver",
                "count": {
                  "type": "uniform",
                  "min": 2,
                  "max": 6
                }
              }
            }
          ]
        },
        {
          "weight": 30,
          "pool": [
            {
              "weight": 20,
              "item": {
                "id": "the_vault:vault_gold",
                "count": {
                  "type": "uniform",
                  "min": 1,
                  "max": 2
                }
              }
            },
            {
              "weight": 8,
              "item": {
                "id": "the_vault:vault_silver",
                "count": {
                  "type": "uniform",
                  "min": 2,
                  "max": 6
                }
              }
            },
            {
              "weight": 8,
              "item": {
                "id": "the_vault:gem_pog",
                "count": {
                  "type": "uniform",
                  "min": 1,
                  "max": 1
                }
              }
            }
          ]
        },
        {
          "weight": 1,
          "pool": [
            {
              "weight": 4,
              "item": {
                "id": "the_vault:gem_black_opal",
                "count": {
                  "type": "uniform",
                  "min": 2,
                  "max": 4
                }
              }
            },
            {
              "weight": 4,
              "item": {
                "id": "the_vault:lost_bounty",
                "count": {
                  "type": "uniform",
                  "min": 1,
                  "max": 1
                }
              }
            }
          ]
        }
      ]
    }
  ]
}