{
  "entries": [
    {
      "roll": {
        "type": "uniform",
        "min": 1,
        "max": 1
      },
      "pool": [
        {
          "weight": 70,
          "pool": [
            {
              "weight": 40,
              "item": {
                "id": "the_vault:gem_echo",
                "count": {
                  "type": "uniform",
                  "min": 1,
                  "max": 1
                }
              }
            },
            {
              "weight": 120,
              "item": {
                "id": "the_vault:perfect_black_opal",
                "count": {
                  "type": "uniform",
                  "min": 1,
                  "max": 2
                }
              }
            },
            {
              "weight": 40,
              "item": {
                "id": "the_vault:gem_box",
                "count": {
                  "type": "uniform",
                  "min": 1,
                  "max": 1
                }
              }
            },
            {
              "weight": 40,
              "item": {
                "id": "the_vault:augment_box",
                "count": {
                  "type": "uniform",
                  "min": 1,
                  "max": 1
                }
              }
            },
            {
              "weight": 10,
              "item": {
                "id": "woldsvaults:omega_box",
                "count": {
                  "type": "uniform",
                  "min": 1,
                  "max": 1
                }
              }
            },
            {
              "weight": 10,
              "item": {
                "id": "woldsvaults:inscription_box",
                "count": {
                  "type": "uniform",
                  "min": 1,
                  "max": 1
                }
              }
            },
            {
              "weight": 20,
              "item": {
                "id": "woldsvaults:catalyst_box",
                "count": {
                  "type": "uniform",
                  "min": 1,
                  "max": 1
                }
              }
            },
            {
              "weight": 40,
              "item": {
                "id": "the_vault:supply_box",
                "count": {
                  "type": "uniform",
                  "min": 1,
                  "max": 1
                }
              }
            },
            {
              "weight": 40,
              "item": {
                "id": "the_vault:mod_box",
                "count": {
                  "type": "uniform",
                  "min": 1,
                  "max": 1
                }
              }
            },
            {
              "weight": 20,
              "item": {
                "id": "woldsvaults:repair_augmenter",
                "count": {
                  "type": "uniform",
                  "min": 1,
                  "max": 1
                }
              }
            },
            {
              "weight": 20,
              "item": {
                "id": "the_vault:altar_recatalyzer",
                "count": {
                  "type": "uniform",
                  "min": 1,
                  "max": 1
                }
              }
            },
            {
              "weight": 10,
              "item": {
                "id": "woldsvaults:capstone_prosperous",
                "count": {
                  "type": "uniform",
                  "min": 1,
                  "max": 1
                }
              }
            },
            {
              "weight": 10,
              "item": {
                "id": "woldsvaults:capstone_frenzy",
                "count": {
                  "type": "uniform",
                  "min": 1,
                  "max": 1
                }
              }
            },
            {
              "weight": 8,
              "item": {
                "id": "woldsvaults:capstone_enchanted",
                "count": {
                  "type": "uniform",
                  "min": 1,
                  "max": 1
                }
              }
            },
            {
              "weight": 16,
              "item": {
                "id": "woldsvaults:capstone_vendoors",
                "count": {
                  "type": "uniform",
                  "min": 1,
                  "max": 1
                }
              }
            },
            {
              "weight": 5,
              "item": {
                "id": "the_vault:unidentified_treasure_key",
                "count": {
                  "type": "uniform",
                  "min": 1,
                  "max": 1
                }
              }
            },
            {
              "weight": 40,
              "item": {
                "id": "the_vault:gem_pog",
                "count": {
                  "type": "uniform",
                  "min": 1,
                  "max": 1
                }
              }
            },
            {
              "weight": 70,
              "item": {
                "id": "the_vault:pyretic_focus",
                "count": {
                  "type": "uniform",
                  "min": 1,
                  "max": 1
                }
              }
            },
            {
              "weight": 65,
              "item": {
                "id": "the_vault:cryonic_focus",
                "count": {
                  "type": "uniform",
                  "min": 1,
                  "max": 1
                }
              }
            },
            {
              "weight": 70,
              "item": {
                "id": "the_vault:empowered_chaotic_focus",
                "count": {
                  "type": "uniform",
                  "min": 1,
                  "max": 1
                }
              }
            },
            {
              "weight": 40,
              "item": {
                "id": "the_vault:opportunistic_focus",
                "count": {
                  "type": "uniform",
                  "min": 1,
                  "max": 1
                }
              }
            },
            {
              "weight": 80,
              "item": {
                "id": "the_vault:fundamental_focus",
                "count": {
                  "type": "uniform",
                  "min": 1,
                  "max": 1
                }
              }
            },
            {
              "weight": 80,
              "item": {
                "id": "the_vault:chaotic_focus",
                "count": {
                  "type": "uniform",
                  "min": 1,
                  "max": 1
                }
              }
            },
            {
              "weight": 60,
              "item": {
                "id": "the_vault:waxing_focus",
                "count": {
                  "type": "uniform",
                  "min": 1,
                  "max": 1
                }
              }
            },
            {
              "weight": 60,
              "item": {
                "id": "the_vault:waning_focus",
                "count": {
                  "type": "uniform",
                  "min": 1,
                  "max": 1
                }
              }
            }
          ]
        }
      ]
    }
  ]
}