{
  "spawnerGroups": {
    "burning": [
      {
        "minLevel": 0,
        "blockCheckRadius": 20,
        "entities": [
          {
            "value": {
              "type": "thermal:fire_grenade",
              "randomMotion": true
            },
            "weight": 3
          },
          {
            "value": {
              "type": "thermal:fire_tnt",
              "randomMotion": true
            },
            "weight": 2
          },
          {
            "value": {
              "type": "thermal:fire_grenade",
              "randomMotion": false
            },
            "weight": 3
          },
          {
            "value": {
              "type": "thermal:fire_tnt",
              "randomMotion": false
            },
            "weight": 2
          }
        ]
      }
    ],
    "fungal": [
      {
        "minLevel": 0,
        "blockCheckRadius": 20,
        "entities": [
          {
            "value": {
              "type": "the_vault:levishroom",
              "randomMotion": false
            },
            "weight": 2
          },
          {
            "value": {
              "type": "the_vault:deathcap",
              "randomMotion": true
            },
            "weight": 2
          },
          {
            "value": {
              "type": "alexsmobs:bunfungus",
              "randomMotion": true
            },
            "weight": 2
          },
          {
            "value": {
              "type": "the_vault:mushroom_t5",
              "randomMotion": true
            },
            "weight": 2
          },
          {
            "value": {
              "type": "the_vault:mushroom_t4",
              "randomMotion": true
            },
            "weight": 2
          },
          {
            "value": {
              "type": "the_vault:smolcap",
              "randomMotion": true
            },
            "weight": 2
          },
          {
            "value": {
              "type": "archers_paradox:spore_arrow",
              "randomMotion": true
            },
            "weight": 4
          }
        ]
      }
    ],
    "electric": [
      {
        "minLevel": 0,
        "blockCheckRadius": 20,
        "entities": [
          {
            "value": {
              "type": "thermal:blitz",
              "randomMotion": false
            },
            "weight": 2
          },
          {
            "value": {
              "type": "thermal:lightning_tnt",
              "randomMotion": true
            },
            "weight": 2
          },
          {
            "value": {
              "type": "alexsmobs:guster",
              "randomMotion": true
            },
            "weight": 2
          },
          {
            "value": {
              "type": "cloudstorage:bloviator",
              "randomMotion": true
            },
            "weight": 2
          }
        ]
      }
    ],
    "frosty": [
      {
        "minLevel": 0,
        "blockCheckRadius": 20,
        "entities": [
          {
            "value": {
              "type": "thermal:ice_grenade",
              "randomMotion": true
            },
            "weight": 2
          },
          {
            "value": {
              "type": "archers_paradox:frost_arrow",
              "randomMotion": true
            },
            "weight": 2
          },
          {
            "value": {
              "type": "the_vault:winter_wolf",
              "randomMotion": true
            },
            "weight": 2
          },
          {
            "value": {
              "type": "thermal:blizz",
              "randomMotion": true
            },
            "weight": 2
          },
          {
            "value": {
              "type": "the_vault:shiver",
              "randomMotion": true
            },
            "weight": 2
          },
          {
            "value": {
              "type": "the_vault:elite_stray",
              "randomMotion": true
            },
            "weight": 1
          },
          {
            "value": {
              "type": "the_vault:t1_stray",
              "randomMotion": true
            },
            "weight": 2
          },
          {
            "value": {
              "type": "auxiliaryblocks:snowdood",
              "randomMotion": true
            },
            "weight": 2
          }
        ]
      }
    ],
    "safari": [
      {
        "minLevel": 0,
        "blockCheckRadius": 20,
        "entities": [
          {
            "value": {
              "type": "alexsmobs:dropbear",
              "randomMotion": false
            },
            "weight": 2
          },
          {
            "value": {
              "type": "alexsmobs:tiger",
              "randomMotion": false
            },
            "weight": 2
          },
          {
            "value": {
              "type": "alexsmobs:alligator_snapping_turtle",
              "randomMotion": false
            },
            "weight": 2
          },
          {
            "value": {
              "type": "alexsmobs:centipede_head",
              "randomMotion": false
            },
            "weight": 2
          },
          {
            "value": {
              "type": "alexsmobs:crocodile",
              "randomMotion": false
            },
            "weight": 2
          },
          {
            "value": {
              "type": "alexsmobs:komodo_dragon",
              "randomMotion": false
            },
            "weight": 2
          },
          {
            "value": {
              "type": "alexsmobs:elephant",
              "randomMotion": false
            },
            "weight": 2
          }
        ]
      }
    ],
    "shulkerbullet": [
      {
        "minLevel": 0,
        "blockCheckRadius": 20,
        "entities": [
          {
            "value": {
              "type": "minecraft:shulker_bullet",
              "randomMotion": false
            },
            "weight": 2
          },
          {
            "value": {
              "type": "minecraft:shulker_bullet",
              "randomMotion": true
            },
            "weight": 2
          }
        ]
      }
    ],
    "tnt": [
      {
        "minLevel": 0,
        "blockCheckRadius": 10,
        "entities": [
          {
            "value": {
              "type": "minecraft:tnt",
              "nbt": "{Fuse:60s}",
              "randomMotion": true
            },
            "weight": 6
          },
          {
            "value": {
              "type": "minecraft:tnt",
              "nbt": "{Fuse:40s}",
              "randomMotion": true
            },
            "weight": 3
          },
          {
            "value": {
              "type": "minecraft:tnt",
              "nbt": "{Fuse:20s}",
              "randomMotion": true
            },
            "weight": 1
          }
        ]
      }
    ]
  }
}