{
  "pools": {
    "the_vault:bingo_task_modifiers_bad": [
      {
        "level": 0,
        "entries": [
          {
            "min": 1,
            "max": 1,
            "pool": [
              {
                "value": "the_vault:mob_increase",
                "weight": 1
              },
              {
                "value": "the_vault:harder_mobs",
                "weight": 1
              },
              {
                "value": "the_vault:vulnerable",
                "weight": 1
              },
              {
                "value": "the_vault:champion_paradox",
                "weight": 1
              },
              {
                "value": "the_vault:inert",
                "weight": 1
              },
              {
                "value": "the_vault:bingo_trapped",
                "weight": 1
              },
              {
                "value": "the_vault:frail",
                "weight": 1
              },
              {
                "value": "the_vault:bingo_drained",
                "weight": 1
              },
              {
                "value": "the_vault:dark",
                "weight": 1
              },
              {
                "value": "the_vault:ruthless_mobs",
                "weight": 1
              },
              {
                "value": "the_vault:chunky_mobs2",
                "weight": 1
              },
              {
                "value": "the_vault:bingo_critical_mobs",
                "weight": 1
              },
              {
                "value": "the_vault:infuriated_mobs",
                "weight": 1
              },
              {
                "value": "the_vault:archaic",
                "weight": 1
              }
            ]
          }
        ]
      }
    ],
    "the_vault:bingo_task_modifiers": [
      {
        "level": 0,
        "entries": [
          {
            "min": 1,
            "max": 1,
            "pool": [
              {
                "value": "the_vault:energizing",
                "weight": 1
              },
              {
                "value": "the_vault:swift",
                "weight": 1
              },
              {
                "value": "the_vault:soul_boost",
                "weight": 1
              },
              {
                "value": "the_vault:copiously",
                "weight": 1
              },
              {
                "value": "the_vault:strength",
                "weight": 1
              },
              {
                "value": "the_vault:springy",
                "weight": 1
              },
              {
                "value": "the_vault:kill_hunter",
                "weight": 1
              },
              {
                "value": "the_vault:bingo_quantity",
                "weight": 1
              },
              {
                "value": "the_vault:bingo_rarity",
                "weight": 1
              },
              {
                "value": "the_vault:bingo_kill_nuke",
                "weight": 1
              },
              {
                "value": "the_vault:bingo_kill_charm",
                "weight": 1
              },
              {
                "value": "the_vault:healthy",
                "weight": 1
              }
            ]
          }
        ]
      }
    ],
    "the_vault:bb_wither": [
      {
        "level": 0,
        "entries": [
          {
            "min": 1,
            "max": 1,
            "pool": [
              {
                "value": "the_vault:regeneration",
                "weight": 1
              },
              {
                "value": "the_vault:energizing",
                "weight": 1
              },
              {
                "value": "the_vault:healthy",
                "weight": 1
              }
            ]
          }
        ]
      }
    ],
    "the_vault:bb_webber": [
      {
        "level": 0,
        "entries": [
          {
            "min": 1,
            "max": 1,
            "pool": [
              {
                "value": "the_vault:swift",
                "weight": 1
              },
              {
                "value": "the_vault:springy",
                "weight": 1
              },
              {
                "value": "the_vault:disarming",
                "weight": 1
              }
            ]
          }
        ]
      }
    ],
    "the_vault:bb_weakness": [
      {
        "level": 0,
        "entries": [
          {
            "min": 1,
            "max": 1,
            "pool": [
              {
                "value": "the_vault:strength",
                "weight": 1
              }
            ]
          }
        ]
      }
    ],
    "the_vault:bb_vengeance": [
      {
        "level": 0,
        "entries": [
          {
            "min": 1,
            "max": 1,
            "pool": [
              {
                "value": "the_vault:reinforced",
                "weight": 1
              },
              {
                "value": "the_vault:plated",
                "weight": 1
              }
            ]
          }
        ]
      }
    ],
    "the_vault:bb_storm": [
      {
        "level": 0,
        "entries": [
          {
            "min": 1,
            "max": 1,
            "pool": [
              {
                "value": "the_vault:item_quantity",
                "weight": 1
              },
              {
                "value": "the_vault:item_rarity",
                "weight": 1
              },
              {
                "value": "the_vault:plentiful",
                "weight": 1
              }
            ]
          }
        ]
      }
    ],
    "the_vault:bb_sprint": [
      {
        "level": 0,
        "entries": [
          {
            "min": 1,
            "max": 1,
            "pool": [
              {
                "value": "the_vault:swift",
                "weight": 8
              },
              {
                "value": "the_vault:tailwind",
                "weight": 1
              }
            ]
          }
        ]
      }
    ],
    "the_vault:bb_sapper": [
      {
        "level": 0,
        "entries": [
          {
            "min": 1,
            "max": 1,
            "pool": [
              {
                "value": "the_vault:cherry",
                "weight": 1
              },
              {
                "value": "the_vault:extended",
                "weight": 1
              }
            ]
          }
        ]
      }
    ],
    "the_vault:bb_regen": [
      {
        "level": 0,
        "entries": [
          {
            "min": 1,
            "max": 1,
            "pool": [
              {
                "value": "the_vault:regeneration",
                "weight": 1
              }
            ]
          }
        ]
      }
    ],
    "the_vault:bb_quicksand": [
      {
        "level": 0,
        "entries": [
          {
            "min": 1,
            "max": 1,
            "pool": [
              {
                "value": "the_vault:item_rarity",
                "weight": 3
              },
              {
                "value": "the_vault:copiously",
                "weight": 4
              },
              {
                "value": "the_vault:orematic",
                "weight": 1
              }
            ]
          }
        ]
      }
    ],
    "the_vault:bb_poisonous": [
      {
        "level": 0,
        "entries": [
          {
            "min": 1,
            "max": 1,
            "pool": [
              {
                "value": "the_vault:item_quantity",
                "weight": 1
              },
              {
                "value": "the_vault:item_rarity",
                "weight": 1
              }
            ]
          }
        ]
      }
    ],
    "the_vault:bb_gravity": [
      {
        "level": 0,
        "entries": [
          {
            "min": 1,
            "max": 1,
            "pool": [
              {
                "value": "the_vault:swift",
                "weight": 1
              },
              {
                "value": "the_vault:energizing",
                "weight": 1
              },
              {
                "value": "the_vault:strength",
                "weight": 1
              },
              {
                "value": "the_vault:springy",
                "weight": 1
              }
            ]
          }
        ]
      }
    ],
    "the_vault:bb_ghastly": [
      {
        "level": 0,
        "entries": [
          {
            "min": 1,
            "max": 1,
            "pool": [
              {
                "value": "the_vault:item_quantity",
                "weight": 1
              },
              {
                "value": "the_vault:item_rarity",
                "weight": 1
              },
              {
                "value": "the_vault:copiously",
                "weight": 1
              }
            ]
          }
        ]
      }
    ],
    "the_vault:bb_fiery": [
      {
        "level": 0,
        "entries": [
          {
            "min": 1,
            "max": 1,
            "pool": [
              {
                "value": "the_vault:extended",
                "weight": 1
              },
              {
                "value": "the_vault:item_quantity",
                "weight": 1
              },
              {
                "value": "the_vault:item_rarity",
                "weight": 1
              }
            ]
          }
        ]
      }
    ],
    "the_vault:bb_exhaust": [
      {
        "level": 0,
        "entries": [
          {
            "min": 1,
            "max": 1,
            "pool": [
              {
                "value": "the_vault:swift",
                "weight": 8
              },
              {
                "value": "the_vault:strength",
                "weight": 8
              },
              {
                "value": "the_vault:tailwind",
                "weight": 1
              }
            ]
          }
        ]
      }
    ],
    "the_vault:bb_darkness": [
      {
        "level": 0,
        "entries": [
          {
            "min": 1,
            "max": 2,
            "pool": [
              {
                "value": "the_vault:copiously",
                "weight": 1
              },
              {
                "value": "the_vault:disarming",
                "weight": 1
              }
            ]
          }
        ]
      }
    ],
    "the_vault:bb_cloaking": [
      {
        "level": 0,
        "entries": [
          {
            "min": 1,
            "max": 1,
            "pool": [
              {
                "value": "the_vault:exorcising",
                "weight": 1
              }
            ]
          }
        ]
      }
    ],
    "the_vault:bb_choke": [
      {
        "level": 0,
        "entries": [
          {
            "min": 1,
            "max": 1,
            "pool": [
              {
                "value": "the_vault:energizing",
                "weight": 1
              },
              {
                "value": "the_vault:regeneration",
                "weight": 1
              },
              {
                "value": "the_vault:serendipitous",
                "weight": 1
              }
            ]
          }
        ]
      }
    ],
    "the_vault:bb_blastoff": [
      {
        "level": 0,
        "entries": [
          {
            "min": 1,
            "max": 1,
            "pool": [
              {
                "value": "the_vault:cherry",
                "weight": 1
              },
              {
                "value": "the_vault:plentiful",
                "weight": 1
              },
              {
                "value": "the_vault:copiously",
                "weight": 1
              }
            ]
          }
        ]
      }
    ],
    "the_vault:bb_berserk": [
      {
        "level": 0,
        "entries": [
          {
            "min": 1,
            "max": 1,
            "pool": [
              {
                "value": "the_vault:strength",
                "weight": 1
              }
            ]
          }
        ]
      }
    ],
    "the_vault:bb_alchemist": [
      {
        "level": 0,
        "entries": [
          {
            "min": 1,
            "max": 1,
            "pool": [
              {
                "value": "the_vault:energizing",
                "weight": 1
              },
              {
                "value": "the_vault:xp_gain",
                "weight": 1
              }
            ]
          }
        ]
      }
    ],
    "the_vault:bb_1up": [
      {
        "level": 0,
        "entries": [
          {
            "min": 1,
            "max": 1,
            "pool": [
              {
                "value": "the_vault:phoenix",
                "weight": 1
              },
              {
                "value": "the_vault:oneup",
                "weight": 1
              }
            ]
          }
        ]
      }
    ],
    "the_vault:bb_bulwark": [
      {
        "level": 0,
        "entries": [
          {
            "min": 1,
            "max": 1,
            "pool": [
              {
                "value": "the_vault:strength",
                "weight": 1
              },
              {
                "value": "the_vault:reinforced",
                "weight": 1
              },
              {
                "value": "the_vault:plated",
                "weight": 1
              }
            ]
          }
        ]
      }
    ],
    "the_vault:curses": [
      {
        "level": 0,
        "entries": [
          {
            "min": 1,
            "max": 1,
            "pool": [
              {
                "value": "the_vault:curse_ethereal",
                "weight": 1
              },
              {
                "value": "the_vault:soulless",
                "weight": 1
              },
              {
                "value": "the_vault:grievous_wounds",
                "weight": 1
              },
              {
                "value": "the_vault:rotten",
                "weight": 1
              },
              {
                "value": "the_vault:hunger",
                "weight": 1
              },
              {
                "value": "the_vault:mana_leak",
                "weight": 1
              },
              {
                "value": "the_vault:voiding",
                "weight": 1
              },
              {
                "value": "the_vault:unlucky",
                "weight": 1
              },
              {
                "value": "the_vault:baren",
                "weight": 1
              },
              {
                "value": "the_vault:void_pools",
                "weight": 1
              },
              {
                "value": "the_vault:explosive",
                "weight": 1
              }
            ]
          }
        ]
      }
    ],
    "the_vault:medium_positive": [
      {
        "level": 0,
        "entries": [
          {
            "min": 1,
            "max": 1,
            "pool": [
              {
                "value": "the_vault:orematic",
                "weight": 1
              },
              {
                "value": "the_vault:jumpy_deluxe",
                "weight": 1
              },
              {
                "value": "the_vault:plated",
                "weight": 1
              },
              {
                "value": "the_vault:healthy",
                "weight": 1
              },
              {
                "value": "the_vault:swift",
                "weight": 1
              },
              {
                "value": "the_vault:item_rarity",
                "weight": 1
              },
              {
                "value": "the_vault:item_quantity",
                "weight": 1
              },
              {
                "value": "the_vault:soul_boost",
                "weight": 1
              },
              {
                "value": "the_vault:prismatic",
                "weight": 1
              },
              {
                "value": "the_vault:pristine",
                "weight": 1
              },
              {
                "value": "the_vault:strength",
                "weight": 1
              },
              {
                "value": "the_vault:copiously",
                "weight": 1
              },
              {
                "value": "the_vault:xp_gain",
                "weight": 1
              },
              {
                "value": "the_vault:champion_paradox",
                "weight": 1
              },
              {
                "value": "the_vault:exorcising",
                "weight": 1
              },
              {
                "value": "the_vault:low_item_quantity",
                "weight": 1
              },
              {
                "value": "the_vault:pogging",
                "weight": 1
              },
              {
                "value": "the_vault:sparkling",
                "weight": 1
              },
              {
                "value": "the_vault:baby_mobs2",
                "weight": 1
              }
            ]
          }
        ]
      }
    ],
    "the_vault:omega_negative": [
      {
        "level": 0,
        "entries": [
          {
            "min": 1,
            "max": 1,
            "pool": [
              {
                "value": "the_vault:daycare",
                "weight": 1
              },
              {
                "value": "the_vault:haunted_mansion",
                "weight": 1
              },
              {
                "value": "the_vault:classic_retro_mini",
                "weight": 1
              },
              {
                "value": "the_vault:sweet_retro",
                "weight": 1
              },
              {
                "value": "the_vault:surprise_boxes",
                "weight": 1
              },
              {
                "value": "the_vault:armed_chest",
                "weight": 1
              },
              {
                "value": "the_vault:piercing",
                "weight": 1
              },
              {
                "value": "the_vault:nullifying",
                "weight": 1
              },
              {
                "value": "the_vault:weakened_t3",
                "weight": 1
              },
              {
                "value": "the_vault:corrosive",
                "weight": 1
              },
              {
                "value": "the_vault:mana_void",
                "weight": 1
              },
              {
                "value": "the_vault:baren",
                "weight": 1
              },
              {
                "value": "the_vault:spooky",
                "weight": 1
              },
              {
                "value": "the_vault:hunger",
                "weight": 1
              },
              {
                "value": "the_vault:unfair_mobs",
                "weight": 1
              },
              {
                "value": "the_vault:harder_mobs",
                "weight": 1
              },
              {
                "value": "the_vault:stronger_mobs",
                "weight": 1
              },
              {
                "value": "the_vault:ethereal",
                "weight": 1
              },
              {
                "value": "the_vault:soulless",
                "weight": 1
              },
              {
                "value": "the_vault:fading",
                "weight": 1
              },
              {
                "value": "the_vault:xp_reduction",
                "weight": 1
              },
              {
                "value": "the_vault:enervated",
                "weight": 1
              },
              {
                "value": "the_vault:vulnerable",
                "weight": 1
              },
              {
                "value": "the_vault:weakened_t3",
                "weight": 1
              },
              {
                "value": "the_vault:frenzy",
                "weight": 1
              }
            ]
          }
        ]
      }
    ],
    "the_vault:medium_negative": [
      {
        "level": 0,
        "entries": [
          {
            "min": 1,
            "max": 1,
            "pool": [
              {
                "value": "the_vault:bingo_infernal",
                "weight": 1
              },
              {
                "value": "the_vault:companion_challenge",
                "weight": 1
              },
              {
                "value": "the_vault:dangerous",
                "weight": 1
              },
              {
                "value": "the_vault:rending",
                "weight": 1
              },
              {
                "value": "the_vault:weakened_t2",
                "weight": 1
              },
              {
                "value": "the_vault:acidic",
                "weight": 1
              },
              {
                "value": "the_vault:bingo_drained",
                "weight": 1
              },
              {
                "value": "the_vault:tired",
                "weight": 1
              },
              {
                "value": "the_vault:slowed",
                "weight": 1
              },
              {
                "value": "the_vault:hunger",
                "weight": 1
              },
              {
                "value": "the_vault:injured",
                "weight": 1
              },
              {
                "value": "the_vault:draining",
                "weight": 1
              },
              {
                "value": "the_vault:mob_increase",
                "weight": 1
              },
              {
                "value": "the_vault:brutal_mobs",
                "weight": 1
              },
              {
                "value": "the_vault:ruthless_mobs",
                "weight": 1
              },
              {
                "value": "the_vault:chunky_mobs2",
                "weight": 1
              },
              {
                "value": "the_vault:critical_mobs",
                "weight": 1
              },
              {
                "value": "the_vault:archaic",
                "weight": 1
              },
              {
                "value": "the_vault:wild",
                "weight": 1
              },
              {
                "value": "the_vault:plunder_artifact",
                "weight": 1
              },
              {
                "value": "the_vault:trapped",
                "weight": 1
              }
            ]
          }
        ]
      }
    ],
    "the_vault:basic_negative": [
      {
        "level": 0,
        "entries": [
          {
            "min": 1,
            "max": 1,
            "pool": [
              {
                "value": "the_vault:trapped",
                "weight": 1
              },
              {
                "value": "the_vault:inert",
                "weight": 1
              },
              {
                "value": "the_vault:antiheal",
                "weight": 1
              },
              {
                "value": "the_vault:chunky_mobs",
                "weight": 1
              },
              {
                "value": "the_vault:wild",
                "weight": 1
              },
              {
                "value": "the_vault:furious_mobs",
                "weight": 1
              },
              {
                "value": "the_vault:ruthless_mobs",
                "weight": 1
              },
              {
                "value": "the_vault:infuriated_mobs",
                "weight": 1
              },
              {
                "value": "the_vault:draining",
                "weight": 1
              },
              {
                "value": "the_vault:injured",
                "weight": 1
              },
              {
                "value": "the_vault:frail",
                "weight": 1
              },
              {
                "value": "the_vault:weakened",
                "weight": 1
              }
            ]
          }
        ]
      }
    ],
    "the_vault:basic_positive": [
      {
        "level": 0,
        "entries": [
          {
            "min": 1,
            "max": 1,
            "pool": [
              {
                "value": "the_vault:springy",
                "weight": 1
              },
              {
                "value": "the_vault:low_item_quantity",
                "weight": 1
              },
              {
                "value": "the_vault:low_item_rarity",
                "weight": 1
              },
              {
                "value": "the_vault:energizing",
                "weight": 1
              },
              {
                "value": "the_vault:reinforced",
                "weight": 1
              },
              {
                "value": "the_vault:strength",
                "weight": 1
              },
              {
                "value": "the_vault:copiously",
                "weight": 1
              },
              {
                "value": "the_vault:cherry",
                "weight": 1
              },
              {
                "value": "the_vault:soul_xp",
                "weight": 1
              },
              {
                "value": "the_vault:soul_shards",
                "weight": 1
              },
              {
                "value": "the_vault:swift",
                "weight": 1
              }
            ]
          }
        ]
      }
    ],
    "the_vault:hunters_enchanted": [
      {
        "level": 0,
        "entries": [
          {
            "min": 1,
            "max": 1,
            "pool": [
              {
                "value": "the_vault:all_seeing_eye",
                "weight": 1
              }
            ]
          }
        ]
      }
    ],
    "the_vault:hunters_enchanted_random": [
      {
        "level": 0,
        "entries": [
          {
            "min": 1,
            "max": 1,
            "pool": [
              {
                "value": "the_vault:vendoor_hunter",
                "weight": 1
              },
              {
                "value": "the_vault:treasure_doors",
                "weight": 1
              },
              {
                "value": "the_vault:dungeon_doors",
                "weight": 1
              },
              {
                "value": "the_vault:living_hunter",
                "weight": 1
              },
              {
                "value": "the_vault:coin_hunter",
                "weight": 1
              },
              {
                "value": "the_vault:gilded_hunter",
                "weight": 1
              },
              {
                "value": "the_vault:ornate_hunter",
                "weight": 1
              },
              {
                "value": "the_vault:wooden_hunter",
                "weight": 1
              },
              {
                "value": "the_vault:altar_hunter",
                "weight": 1
              }
            ]
          }
        ]
      }
    ],
    "the_vault:chaos_enchanted": [
      {
        "level": 0,
        "entries": [
          {
            "min": 5,
            "max": 10,
            "pool": [
              {
                "value": "the_vault:soul_boost",
                "weight": 1
              },
              {
                "value": "the_vault:low_item_quantity",
                "weight": 1
              },
              {
                "value": "the_vault:soul_rarity",
                "weight": 1
              },
              {
                "value": "the_vault:critical_mobs",
                "weight": 1
              },
              {
                "value": "the_vault:chunky_mobs",
                "weight": 1
              },
              {
                "value": "the_vault:furious_mobs",
                "weight": 1
              },
              {
                "value": "the_vault:wild",
                "weight": 1
              },
              {
                "value": "the_vault:infuriated_mobs",
                "weight": 1
              },
              {
                "value": "the_vault:draining",
                "weight": 1
              },
              {
                "value": "the_vault:frail",
                "weight": 1
              },
              {
                "value": "the_vault:inert",
                "weight": 1
              },
              {
                "value": "the_vault:strength",
                "weight": 1
              },
              {
                "value": "the_vault:copiously",
                "weight": 1
              },
              {
                "value": "the_vault:antiheal",
                "weight": 1
              },
              {
                "value": "the_vault:cherry",
                "weight": 1
              },
              {
                "value": "the_vault:xp_reduction",
                "weight": 1
              },
              {
                "value": "the_vault:xp_gain",
                "weight": 1
              },
              {
                "value": "the_vault:chunky_mobs",
                "weight": 1
              },
              {
                "value": "the_vault:swift",
                "weight": 1
              },
              {
                "value": "the_vault:mob_increase",
                "weight": 1
              },
              {
                "value": "the_vault:pristine",
                "weight": 1
              },
              {
                "value": "the_vault:item_quantity",
                "weight": 1
              }
            ]
          }
        ]
      }
    ],
    "the_vault:mob_onhits": [
      {
        "level": 0,
        "entries": [
          {
            "min": 1,
            "max": 1,
            "pool": [
              {
                "value": "the_vault:stunning",
                "weight": 1
              },
              {
                "value": "the_vault:dark",
                "weight": 1
              },
              {
                "value": "the_vault:poisonous",
                "weight": 1
              },
              {
                "value": "the_vault:wither",
                "weight": 1
              },
              {
                "value": "the_vault:haunting",
                "weight": 1
              },
              {
                "value": "the_vault:freezing",
                "weight": 1
              }
            ]
          }
        ]
      }
    ],
    "the_vault:leeching": [
      {
        "level": 0,
        "entries": [
          {
            "min": 1,
            "max": 1,
            "pool": [
              {
                "value": "the_vault:leeching",
                "weight": 1
              }
            ]
          }
        ]
      }
    ],
    "the_vault:gods_omega_blessing": [
      {
        "level": 0,
        "entries": [
          {
            "min": 1,
            "max": 1,
            "pool": [
              {
                "value": "the_vault:idona_dmg",
                "weight": 1
              },
              {
                "value": "the_vault:velara_favour_1",
                "weight": 1
              },
              {
                "value": "the_vault:tenos_favour_2",
                "weight": 1
              },
              {
                "value": "the_vault:wendarr_favour",
                "weight": 1
              }
            ]
          }
        ]
      }
    ],
    "the_vault:omega_positive": [
      {
        "level": 0,
        "entries": [
          {
            "min": 1,
            "max": 1,
            "pool": [
              {
                "value": "the_vault:blessed",
                "weight": 1
              },
              {
                "value": "the_vault:tailwind",
                "weight": 1
              },
              {
                "value": "the_vault:enlighted",
                "weight": 1
              },
              {
                "value": "the_vault:hoard",
                "weight": 1
              },
              {
                "value": "the_vault:treasure",
                "weight": 1
              },
              {
                "value": "the_vault:soul_surge",
                "weight": 1
              },
              {
                "value": "the_vault:prismatic",
                "weight": 1
              },
              {
                "value": "the_vault:champion_chance",
                "weight": 1
              },
              {
                "value": "the_vault:looters_dream",
                "weight": 1
              },
              {
                "value": "the_vault:phoenix",
                "weight": 1
              },
              {
                "value": "the_vault:fortuitous",
                "weight": 1
              }
            ]
          }
        ]
      }
    ],
    "the_vault:default": [
      {
        "level": 0,
        "entries": [
          {
            "min": 1,
            "max": 1,
            "pool": [
              {
                "value": "the_vault:beginners_grace",
                "weight": 1000
              }
            ]
          },
          {
            "min": 1,
            "max": 1,
            "pool": [
              {
                "value": "the_vault:beginners_insurance",
                "weight": 1
              }
            ]
          }
        ]
      },
      {
        "level": 5,
        "entries": [
          {
            "min": 1,
            "max": 1,
            "pool": [
              {
                "value": "the_vault:beginners_grace",
                "weight": 1000
              }
            ]
          },
          {
            "min": 1,
            "max": 1,
            "pool": [
              {
                "value": "the_vault:beginners_insurance",
                "weight": 1
              }
            ]
          }
        ]
      },
      {
        "level": 10,
        "entries": [
          {
            "min": 1,
            "max": 1,
            "pool": [
              {
                "value": "the_vault:beginners_grace",
                "weight": 1000
              }
            ]
          }
        ]
      },
      {
        "level": 20,
        "entries": [
          {
            "min": 1,
            "max": 1,
            "pool": [
              {
                "value": "the_vault:enlighted",
                "weight": 1
              },
              {
                "value": "the_vault:hoard",
                "weight": 1
              },
              {
                "value": "the_vault:treasure",
                "weight": 1
              },
              {
                "value": "the_vault:soul_surge",
                "weight": 1
              },
              {
                "value": "the_vault:prismatic",
                "weight": 1
              },
              {
                "value": "the_vault:champion_chance",
                "weight": 1
              },
              {
                "value": "the_vault:dummy",
                "weight": 12
              }
            ]
          }
        ]
      },
      {
        "level": 50,
        "entries": [
          {
            "min": 1,
            "max": 2,
            "pool": [
              {
                "value": "the_vault:enlighted",
                "weight": 1
              },
              {
                "value": "the_vault:hoard",
                "weight": 1
              },
              {
                "value": "the_vault:treasure",
                "weight": 1
              },
              {
                "value": "the_vault:soul_surge",
                "weight": 1
              },
              {
                "value": "the_vault:prosperous",
                "weight": 1
              },
              {
                "value": "the_vault:prismatic",
                "weight": 1
              },
              {
                "value": "the_vault:sparkling",
                "weight": 4
              },
              {
                "value": "the_vault:coin_pile",
                "weight": 1
              },
              {
                "value": "the_vault:gilded",
                "weight": 1
              },
              {
                "value": "the_vault:living",
                "weight": 1
              },
              {
                "value": "the_vault:ornate",
                "weight": 1
              },
              {
                "value": "the_vault:wild",
                "weight": 6
              },
              {
                "value": "the_vault:frenzy",
                "weight": 1
              },
              {
                "value": "the_vault:acidic",
                "weight": 1
              },
              {
                "value": "the_vault:plated",
                "weight": 3
              },
              {
                "value": "the_vault:rotten",
                "weight": 1
              },
              {
                "value": "the_vault:dangerous",
                "weight": 1
              },
              {
                "value": "the_vault:orematic",
                "weight": 2
              },
              {
                "value": "the_vault:plentiful",
                "weight": 1
              },
              {
                "value": "the_vault:mildly_enchanted",
                "weight": 1
              },
              {
                "value": "the_vault:armed_chest",
                "weight": 1
              },
              {
                "value": "the_vault:champion_chance",
                "weight": 2
              },
              {
                "value": "the_vault:classic_retro_mini",
                "weight": 1
              },
              {
                "value": "the_vault:raging",
                "weight": 1
              },
              {
                "value": "the_vault:minimized",
                "weight": 1
              },
              {
                "value": "the_vault:maximized",
                "weight": 1
              },
              {
                "value": "the_vault:serendipitous",
                "weight": 5
              },
              {
                "value": "the_vault:safe_zone",
                "weight": 1
              },
              {
                "value": "the_vault:rended",
                "weight": 1
              },
              {
                "value": "the_vault:xp_gain",
                "weight": 6
              },
              {
                "value": "the_vault:mana_void",
                "weight": 2
              },
              {
                "value": "the_vault:tailwind",
                "weight": 1
              },
              {
                "value": "the_vault:oneup",
                "weight": 2
              },
              {
                "value": "the_vault:idona_blessing",
                "weight": 3
              },
              {
                "value": "the_vault:tenos_blessing",
                "weight": 3
              },
              {
                "value": "the_vault:velara_blessing",
                "weight": 3
              },
              {
                "value": "the_vault:wendarr_blessing",
                "weight": 3
              },
              {
                "value": "the_vault:blessed",
                "weight": 1
              },
              {
                "value": "the_vault:copiously",
                "weight": 6
              },
              {
                "value": "the_vault:dummy",
                "weight": 85
              }
            ]
          }
        ]
      },
      {
        "level": 100,
        "entries": [
          {
            "min": 1,
            "max": 3,
            "pool": [
              {
                "value": "the_vault:hoard",
                "weight": 1
              },
              {
                "value": "the_vault:treasure",
                "weight": 1
              },
              {
                "value": "the_vault:soul_surge",
                "weight": 1
              },
              {
                "value": "the_vault:prosperous",
                "weight": 1
              },
              {
                "value": "the_vault:prismatic",
                "weight": 1
              },
              {
                "value": "the_vault:sparkling",
                "weight": 4
              },
              {
                "value": "the_vault:coin_pile",
                "weight": 1
              },
              {
                "value": "the_vault:gilded",
                "weight": 1
              },
              {
                "value": "the_vault:living",
                "weight": 1
              },
              {
                "value": "the_vault:ornate",
                "weight": 1
              },
              {
                "value": "the_vault:wild",
                "weight": 4
              },
              {
                "value": "the_vault:frenzy",
                "weight": 1
              },
              {
                "value": "the_vault:acidic",
                "weight": 1
              },
              {
                "value": "the_vault:plated",
                "weight": 2
              },
              {
                "value": "the_vault:rotten",
                "weight": 1
              },
              {
                "value": "the_vault:dangerous",
                "weight": 1
              },
              {
                "value": "the_vault:orematic",
                "weight": 3
              },
              {
                "value": "the_vault:plentiful",
                "weight": 1
              },
              {
                "value": "the_vault:mildly_enchanted",
                "weight": 1
              },
              {
                "value": "the_vault:armed_chest",
                "weight": 1
              },
              {
                "value": "the_vault:champion_chance",
                "weight": 1
              },
              {
                "value": "the_vault:classic_retro_mini",
                "weight": 1
              },
              {
                "value": "the_vault:raging",
                "weight": 1
              },
              {
                "value": "the_vault:minimized",
                "weight": 1
              },
              {
                "value": "the_vault:maximized",
                "weight": 1
              },
              {
                "value": "the_vault:serendipitous",
                "weight": 6
              },
              {
                "value": "the_vault:safe_zone",
                "weight": 2
              },
              {
                "value": "the_vault:rended",
                "weight": 2
              },
              {
                "value": "the_vault:mana_void",
                "weight": 1
              },
              {
                "value": "the_vault:tailwind",
                "weight": 1
              },
              {
                "value": "the_vault:oneup",
                "weight": 3
              },
              {
                "value": "the_vault:idona_blessing",
                "weight": 3
              },
              {
                "value": "the_vault:tenos_blessing",
                "weight": 3
              },
              {
                "value": "the_vault:velara_blessing",
                "weight": 3
              },
              {
                "value": "the_vault:wendarr_blessing",
                "weight": 3
              },
              {
                "value": "the_vault:blessed",
                "weight": 1
              },
              {
                "value": "the_vault:copiously",
                "weight": 6
              },
              {
                "value": "the_vault:dummy",
                "weight": 90
              }
            ]
          }
        ]
      }
    ],
    "the_vault:raw": [
      {
        "level": 0,
        "entries": [
          {
            "min": 1,
            "max": 1,
            "pool": [
              {
                "value": "the_vault:beginners_grace",
                "weight": 1000
              }
            ]
          },
          {
            "min": 1,
            "max": 1,
            "pool": [
              {
                "value": "the_vault:beginners_insurance",
                "weight": 1
              }
            ]
          }
        ]
      },
      {
        "level": 1,
        "entries": [
          {
            "min": 1,
            "max": 1,
            "pool": [
              {
                "value": "the_vault:beginners_grace",
                "weight": 1000
              }
            ]
          },
          {
            "min": 1,
            "max": 1,
            "pool": [
              {
                "value": "the_vault:xp_reduction",
                "weight": 1000
              }
            ]
          },
          {
            "min": 1,
            "max": 1,
            "pool": [
              {
                "value": "the_vault:beginners_insurance",
                "weight": 1
              }
            ]
          }
        ]
      },
      {
        "level": 2,
        "entries": [
          {
            "min": 1,
            "max": 1,
            "pool": [
              {
                "value": "the_vault:beginners_grace",
                "weight": 1000
              }
            ]
          },
          {
            "min": 2,
            "max": 2,
            "pool": [
              {
                "value": "the_vault:xp_reduction",
                "weight": 1000
              }
            ]
          },
          {
            "min": 1,
            "max": 1,
            "pool": [
              {
                "value": "the_vault:beginners_insurance",
                "weight": 1
              }
            ]
          }
        ]
      },
      {
        "level": 3,
        "entries": [
          {
            "min": 1,
            "max": 1,
            "pool": [
              {
                "value": "the_vault:beginners_grace",
                "weight": 1000
              }
            ]
          },
          {
            "min": 3,
            "max": 3,
            "pool": [
              {
                "value": "the_vault:xp_reduction",
                "weight": 1000
              }
            ]
          },
          {
            "min": 1,
            "max": 1,
            "pool": [
              {
                "value": "the_vault:beginners_insurance",
                "weight": 1
              }
            ]
          }
        ]
      },
      {
        "level": 4,
        "entries": [
          {
            "min": 1,
            "max": 1,
            "pool": [
              {
                "value": "the_vault:beginners_grace",
                "weight": 1000
              }
            ]
          },
          {
            "min": 4,
            "max": 4,
            "pool": [
              {
                "value": "the_vault:xp_reduction",
                "weight": 1000
              }
            ]
          },
          {
            "min": 1,
            "max": 1,
            "pool": [
              {
                "value": "the_vault:beginners_insurance",
                "weight": 1
              }
            ]
          }
        ]
      }
    ],
    "the_vault:velara_charm_stack": [
      {
        "level": 0,
        "entries": [
          {
            "min": 1,
            "max": 1,
            "pool": [
              {
                "value": "the_vault:velara_tear",
                "weight": 80
              }
            ]
          }
        ]
      }
    ],
    "the_vault:idona_charm_stack": [
      {
        "level": 0,
        "entries": [
          {
            "min": 1,
            "max": 1,
            "pool": [
              {
                "value": "the_vault:idona_tear",
                "weight": 80
              }
            ]
          }
        ]
      }
    ],
    "the_vault:tenos_charm_stack": [
      {
        "level": 0,
        "entries": [
          {
            "min": 1,
            "max": 1,
            "pool": [
              {
                "value": "the_vault:tenos_tear",
                "weight": 80
              }
            ]
          }
        ]
      }
    ],
    "the_vault:wendarr_charm_stack": [
      {
        "level": 0,
        "entries": [
          {
            "min": 1,
            "max": 1,
            "pool": [
              {
                "value": "the_vault:wendarr_tear",
                "weight": 80
              }
            ]
          }
        ]
      }
    ],
    "the_vault:cake_adds": [
      {
        "level": 0,
        "entries": [
          {
            "min": 1,
            "max": 1,
            "pool": [
              {
                "value": "the_vault:cake_layer",
                "weight": 80
              }
            ]
          }
        ]
      }
    ],
    "the_vault:brazier_pillage": [
      {
        "level": 0,
        "entries": [
          {
            "min": 1,
            "max": 1,
            "pool": [
              {
                "value": "the_vault:brutal_mobs",
                "weight": 40
              },
              {
                "value": "the_vault:injured",
                "weight": 40
              },
              {
                "value": "the_vault:shortened",
                "weight": 40
              },
              {
                "value": "the_vault:drained",
                "weight": 10
              },
              {
                "value": "the_vault:ethereal",
                "weight": 20
              },
              {
                "value": "the_vault:lethal",
                "weight": 20
              }
            ]
          }
        ]
      }
    ],
    "the_vault:haunted_brazier_pillage": [
      {
        "level": 0,
        "entries": [
          {
            "min": 1,
            "max": 1,
            "pool": [
              {
                "value": "the_vault:harder_mobs",
                "weight": 40
              },
              {
                "value": "the_vault:stronger_mobs",
                "weight": 40
              },
              {
                "value": "the_vault:shortened",
                "weight": 40
              },
              {
                "value": "the_vault:drained",
                "weight": 40
              },
              {
                "value": "the_vault:ethereal",
                "weight": 40
              },
              {
                "value": "the_vault:fading",
                "weight": 40
              },
              {
                "value": "the_vault:xp_reduction",
                "weight": 40
              },
              {
                "value": "the_vault:jupiter_gravity",
                "weight": 40
              },
              {
                "value": "the_vault:confused",
                "weight": 40
              },
              {
                "value": "the_vault:crab_walk",
                "weight": 40
              },
              {
                "value": "the_vault:baren",
                "weight": 40
              },
              {
                "value": "the_vault:mana_leak",
                "weight": 40
              },
              {
                "value": "the_vault:haunting",
                "weight": 40
              },
              {
                "value": "the_vault:spooky",
                "weight": 40
              }
            ]
          }
        ]
      }
    ],
    "the_vault:brazier": [
      {
        "level": 0,
        "entries": [
          {
            "min": 1,
            "max": 1,
            "pool": [
              {
                "value": "the_vault:low_item_quantity",
                "weight": 40
              },
              {
                "value": "the_vault:copiously",
                "weight": 40
              },
              {
                "value": "the_vault:hoard",
                "weight": 2
              },
              {
                "value": "the_vault:item_rarity",
                "weight": 40
              },
              {
                "value": "the_vault:fortuitous",
                "weight": 2
              },
              {
                "value": "the_vault:energizing",
                "weight": 40
              },
              {
                "value": "the_vault:regeneration",
                "weight": 2
              },
              {
                "value": "the_vault:strength",
                "weight": 40
              },
              {
                "value": "the_vault:swift",
                "weight": 40
              },
              {
                "value": "the_vault:haunted",
                "weight": 2
              },
              {
                "value": "the_vault:soul_boost",
                "weight": 40
              },
              {
                "value": "the_vault:xp_gain",
                "weight": 20
              }
            ]
          },
          {
            "min": 0,
            "max": 1,
            "pool": [
              {
                "value": "the_vault:mob_increase",
                "weight": 40
              },
              {
                "value": "the_vault:infuriated_mobs",
                "weight": 40
              },
              {
                "value": "the_vault:brutal_mobs",
                "weight": 2
              },
              {
                "value": "the_vault:chunky_mobs2",
                "weight": 40
              },
              {
                "value": "the_vault:slowed",
                "weight": 40
              },
              {
                "value": "the_vault:injured",
                "weight": 40
              },
              {
                "value": "the_vault:ruthless_mobs",
                "weight": 40
              },
              {
                "value": "the_vault:champion_paradox",
                "weight": 10
              },
              {
                "value": "the_vault:shortened",
                "weight": 40
              },
              {
                "value": "the_vault:grievous_wounds",
                "weight": 40
              }
            ]
          }
        ]
      },
      {
        "level": 20,
        "entries": [
          {
            "min": 1,
            "max": 1,
            "pool": [
              {
                "value": "the_vault:dungeon_doors",
                "weight": 2
              },
              {
                "value": "the_vault:low_item_quantity",
                "weight": 40
              },
              {
                "value": "the_vault:copiously",
                "weight": 40
              },
              {
                "value": "the_vault:hoard",
                "weight": 2
              },
              {
                "value": "the_vault:item_rarity",
                "weight": 40
              },
              {
                "value": "the_vault:fortuitous",
                "weight": 2
              },
              {
                "value": "the_vault:energizing",
                "weight": 40
              },
              {
                "value": "the_vault:regeneration",
                "weight": 2
              },
              {
                "value": "the_vault:strength",
                "weight": 40
              },
              {
                "value": "the_vault:swift",
                "weight": 40
              },
              {
                "value": "the_vault:haunted",
                "weight": 2
              },
              {
                "value": "the_vault:soul_boost",
                "weight": 40
              },
              {
                "value": "the_vault:xp_gain",
                "weight": 20
              }
            ]
          },
          {
            "min": 1,
            "max": 1,
            "pool": [
              {
                "value": "the_vault:mob_increase",
                "weight": 40
              },
              {
                "value": "the_vault:infuriated_mobs",
                "weight": 40
              },
              {
                "value": "the_vault:brutal_mobs",
                "weight": 2
              },
              {
                "value": "the_vault:chunky_mobs2",
                "weight": 40
              },
              {
                "value": "the_vault:slowed",
                "weight": 40
              },
              {
                "value": "the_vault:injured",
                "weight": 40
              },
              {
                "value": "the_vault:ruthless_mobs",
                "weight": 40
              },
              {
                "value": "the_vault:champion_paradox",
                "weight": 10
              },
              {
                "value": "the_vault:shortened",
                "weight": 40
              },
              {
                "value": "the_vault:grievous_wounds",
                "weight": 40
              }
            ]
          }
        ]
      },
      {
        "level": 50,
        "entries": [
          {
            "min": 1,
            "max": 1,
            "pool": [
              {
                "value": "the_vault:dungeon_doors",
                "weight": 2
              },
              {
                "value": "the_vault:treasure_doors",
                "weight": 2
              },
              {
                "value": "the_vault:low_item_quantity",
                "weight": 40
              },
              {
                "value": "the_vault:copiously",
                "weight": 40
              },
              {
                "value": "the_vault:hoard",
                "weight": 2
              },
              {
                "value": "the_vault:item_rarity",
                "weight": 40
              },
              {
                "value": "the_vault:fortuitous",
                "weight": 2
              },
              {
                "value": "the_vault:energizing",
                "weight": 40
              },
              {
                "value": "the_vault:regeneration",
                "weight": 2
              },
              {
                "value": "the_vault:strength",
                "weight": 40
              },
              {
                "value": "the_vault:swift",
                "weight": 40
              },
              {
                "value": "the_vault:haunted",
                "weight": 2
              },
              {
                "value": "the_vault:soul_boost",
                "weight": 40
              },
              {
                "value": "the_vault:xp_gain",
                "weight": 20
              }
            ]
          },
          {
            "min": 1,
            "max": 1,
            "pool": [
              {
                "value": "the_vault:mob_increase",
                "weight": 40
              },
              {
                "value": "the_vault:trapped",
                "weight": 40
              },
              {
                "value": "the_vault:infuriated_mobs",
                "weight": 40
              },
              {
                "value": "the_vault:brutal_mobs",
                "weight": 2
              },
              {
                "value": "the_vault:chunky_mobs2",
                "weight": 40
              },
              {
                "value": "the_vault:slowed",
                "weight": 40
              },
              {
                "value": "the_vault:injured",
                "weight": 40
              },
              {
                "value": "the_vault:ruthless_mobs",
                "weight": 40
              },
              {
                "value": "the_vault:champion_paradox",
                "weight": 10
              },
              {
                "value": "the_vault:shortened",
                "weight": 40
              },
              {
                "value": "the_vault:grievous_wounds",
                "weight": 40
              }
            ]
          }
        ]
      }
    ],
    "the_vault:haunted_brazier": [
      {
        "level": 0,
        "entries": [
          {
            "min": 0,
            "max": 2,
            "pool": [
              {
                "value": "the_vault:exorcising",
                "weight": 45
              },
              {
                "value": "the_vault:haunted",
                "weight": 10
              },
              {
                "value": "the_vault:soul_boost",
                "weight": 20
              },
              {
                "value": "the_vault:extended",
                "weight": 2
              },
              {
                "value": "the_vault:dungeon_doors",
                "weight": 2
              },
              {
                "value": "the_vault:soul_shards",
                "weight": 25
              }
            ]
          },
          {
            "min": 0,
            "max": 2,
            "pool": [
              {
                "value": "the_vault:spooky",
                "weight": 80
              },
              {
                "value": "the_vault:haunting",
                "weight": 80
              },
              {
                "value": "the_vault:stronger_mobs",
                "weight": 80
              },
              {
                "value": "the_vault:rushed",
                "weight": 40
              },
              {
                "value": "the_vault:archaic",
                "weight": 60
              },
              {
                "value": "the_vault:pilfered",
                "weight": 60
              },
              {
                "value": "the_vault:mob_increase",
                "weight": 40
              },
              {
                "value": "the_vault:unfair_mobs",
                "weight": 80
              },
              {
                "value": "the_vault:harder_mobs",
                "weight": 60
              },
              {
                "value": "the_vault:wither",
                "weight": 20
              },
              {
                "value": "the_vault:freezing",
                "weight": 40
              },
              {
                "value": "the_vault:fatiguing",
                "weight": 40
              }
            ]
          }
        ]
      },
      {
        "level": 20,
        "entries": [
          {
            "min": 0,
            "max": 2,
            "pool": [
              {
                "value": "the_vault:exorcising",
                "weight": 60
              },
              {
                "value": "the_vault:haunted",
                "weight": 2
              },
              {
                "value": "the_vault:soul_boost",
                "weight": 20
              },
              {
                "value": "the_vault:extended",
                "weight": 2
              },
              {
                "value": "the_vault:dungeon_doors",
                "weight": 2
              },
              {
                "value": "the_vault:soul_shards",
                "weight": 140
              }
            ]
          },
          {
            "min": 0,
            "max": 2,
            "pool": [
              {
                "value": "the_vault:spooky",
                "weight": 80
              },
              {
                "value": "the_vault:haunting",
                "weight": 80
              },
              {
                "value": "the_vault:stronger_mobs",
                "weight": 80
              },
              {
                "value": "the_vault:rushed",
                "weight": 40
              },
              {
                "value": "the_vault:archaic",
                "weight": 60
              },
              {
                "value": "the_vault:pilfered",
                "weight": 60
              },
              {
                "value": "the_vault:mob_increase",
                "weight": 40
              },
              {
                "value": "the_vault:unfair_mobs",
                "weight": 80
              },
              {
                "value": "the_vault:harder_mobs",
                "weight": 60
              },
              {
                "value": "the_vault:wither",
                "weight": 20
              },
              {
                "value": "the_vault:freezing",
                "weight": 40
              },
              {
                "value": "the_vault:fatiguing",
                "weight": 40
              }
            ]
          }
        ]
      },
      {
        "level": 50,
        "entries": [
          {
            "min": 0,
            "max": 2,
            "pool": [
              {
                "value": "the_vault:exorcising",
                "weight": 60
              },
              {
                "value": "the_vault:haunted",
                "weight": 2
              },
              {
                "value": "the_vault:soul_boost",
                "weight": 20
              },
              {
                "value": "the_vault:extended",
                "weight": 2
              },
              {
                "value": "the_vault:dungeon_doors",
                "weight": 2
              },
              {
                "value": "the_vault:soul_shards",
                "weight": 140
              }
            ]
          },
          {
            "min": 0,
            "max": 2,
            "pool": [
              {
                "value": "the_vault:spooky",
                "weight": 80
              },
              {
                "value": "the_vault:haunting",
                "weight": 80
              },
              {
                "value": "the_vault:stronger_mobs",
                "weight": 80
              },
              {
                "value": "the_vault:rushed",
                "weight": 40
              },
              {
                "value": "the_vault:archaic",
                "weight": 60
              },
              {
                "value": "the_vault:pilfered",
                "weight": 60
              },
              {
                "value": "the_vault:mob_increase",
                "weight": 40
              },
              {
                "value": "the_vault:unfair_mobs",
                "weight": 80
              },
              {
                "value": "the_vault:harder_mobs",
                "weight": 60
              },
              {
                "value": "the_vault:wither",
                "weight": 20
              },
              {
                "value": "the_vault:freezing",
                "weight": 40
              },
              {
                "value": "the_vault:fatiguing",
                "weight": 40
              }
            ]
          }
        ]
      }
    ],
    "the_vault:plunderer_pearl": [
      {
        "level": 0,
        "entries": [
          {
            "min": 1,
            "max": 1,
            "pool": [
              {
                "value": "the_vault:plunderer",
                "weight": 80
              }
            ]
          }
        ]
      }
    ],
    "the_vault:ascension_fail": [
      {
        "level": 0,
        "entries": [
          {
            "min": 1,
            "max": 1,
            "pool": []
          }
        ]
      }
    ],
    "the_vault:wardens_pearl": [
      {
        "level": 0,
        "entries": [
          {
            "min": 1,
            "max": 1,
            "pool": [
              {
                "value": "the_vault:afterlife",
                "weight": 80
              }
            ]
          }
        ]
      }
    ],
    "the_vault:paradox_common": [
      {
        "level": 0,
        "entries": [
          {
            "min": 1,
            "max": 2,
            "pool": [
              {
                "value": "the_vault:gilded_cascade",
                "weight": 10
              },
              {
                "value": "the_vault:ornate_cascade",
                "weight": 10
              },
              {
                "value": "the_vault:living_cascade",
                "weight": 10
              },
              {
                "value": "the_vault:wooden_cascade",
                "weight": 10
              },
              {
                "value": "the_vault:coin_cascade",
                "weight": 10
              },
              {
                "value": "the_vault:item_quantity",
                "weight": 30
              },
              {
                "value": "the_vault:item_rarity",
                "weight": 30
              },
              {
                "value": "the_vault:haunted",
                "weight": 30
              },
              {
                "value": "the_vault:plentiful",
                "weight": 10
              },
              {
                "value": "the_vault:phoenix",
                "weight": 6
              }
            ]
          },
          {
            "min": 0,
            "max": 1,
            "pool": [
              {
                "value": "the_vault:extended",
                "weight": 20
              },
              {
                "value": "the_vault:dummy",
                "weight": 10
              }
            ]
          }
        ]
      }
    ],
    "the_vault:paradox_ore": [
      {
        "level": 0,
        "entries": [
          {
            "min": 1,
            "max": 1,
            "pool": [
              {
                "value": "the_vault:gilded_cascade",
                "weight": 10
              },
              {
                "value": "the_vault:ornate_cascade",
                "weight": 10
              },
              {
                "value": "the_vault:living_cascade",
                "weight": 10
              },
              {
                "value": "the_vault:wooden_cascade",
                "weight": 10
              },
              {
                "value": "the_vault:coin_cascade",
                "weight": 10
              },
              {
                "value": "the_vault:item_quantity",
                "weight": 40
              },
              {
                "value": "the_vault:item_rarity",
                "weight": 40
              },
              {
                "value": "the_vault:plentiful",
                "weight": 10
              },
              {
                "value": "the_vault:haunted",
                "weight": 40
              },
              {
                "value": "the_vault:extended",
                "weight": 10
              }
            ]
          },
          {
            "min": 0,
            "max": 1,
            "pool": [
              {
                "value": "the_vault:furious_mobs",
                "weight": 20
              },
              {
                "value": "the_vault:infuriated_mobs",
                "weight": 20
              },
              {
                "value": "the_vault:chunky_mobs",
                "weight": 20
              },
              {
                "value": "the_vault:wild",
                "weight": 10
              },
              {
                "value": "the_vault:trapped",
                "weight": 10
              }
            ]
          }
        ]
      }
    ],
    "the_vault:paradox_challenge": [
      {
        "level": 0,
        "entries": [
          {
            "min": 1,
            "max": 1,
            "pool": [
              {
                "value": "the_vault:gilded_cascade",
                "weight": 10
              },
              {
                "value": "the_vault:ornate_cascade",
                "weight": 10
              },
              {
                "value": "the_vault:living_cascade",
                "weight": 10
              },
              {
                "value": "the_vault:wooden_cascade",
                "weight": 10
              },
              {
                "value": "the_vault:coin_cascade",
                "weight": 10
              },
              {
                "value": "the_vault:plentiful",
                "weight": 10
              },
              {
                "value": "the_vault:champion_paradox",
                "weight": 10
              }
            ]
          },
          {
            "min": 1,
            "max": 2,
            "pool": [
              {
                "value": "the_vault:furious_mobs",
                "weight": 20
              },
              {
                "value": "the_vault:infuriated_mobs",
                "weight": 20
              },
              {
                "value": "the_vault:chunky_mobs",
                "weight": 20
              },
              {
                "value": "the_vault:wild",
                "weight": 10
              },
              {
                "value": "the_vault:trapped",
                "weight": 10
              }
            ]
          }
        ]
      }
    ],
    "the_vault:paradox_omega": [
      {
        "level": 0,
        "entries": [
          {
            "min": 2,
            "max": 2,
            "pool": [
              {
                "value": "the_vault:furious_mobs",
                "weight": 20
              },
              {
                "value": "the_vault:infuriated_mobs",
                "weight": 20
              },
              {
                "value": "the_vault:chunky_mobs",
                "weight": 20
              },
              {
                "value": "the_vault:wild",
                "weight": 10
              },
              {
                "value": "the_vault:trapped",
                "weight": 10
              }
            ]
          },
          {
            "min": 0,
            "max": 3,
            "pool": [
              {
                "value": "the_vault:shortened",
                "weight": 10
              }
            ]
          }
        ]
      }
    ],
    "the_vault:catalyst_positive": [
      {
        "level": 0,
        "entries": [
          {
            "min": 1,
            "max": 1,
            "pool": [
              {
                "value": "the_vault:coin_cascade",
                "weight": 10
              },
              {
                "value": "the_vault:gilded_cascade",
                "weight": 10
              },
              {
                "value": "the_vault:living_cascade",
                "weight": 10
              },
              {
                "value": "the_vault:ornate_cascade",
                "weight": 10
              },
              {
                "value": "the_vault:wooden_cascade",
                "weight": 10
              },
              {
                "value": "the_vault:plentiful",
                "weight": 10
              },
              {
                "value": "the_vault:extended",
                "weight": 10
              },
              {
                "value": "the_vault:xp_gain",
                "weight": 4
              }
            ]
          }
        ]
      }
    ],
    "the_vault:catalyst_negative": [
      {
        "level": 0,
        "entries": [
          {
            "min": 1,
            "max": 1,
            "pool": [
              {
                "value": "the_vault:random_negative",
                "weight": 6
              }
            ]
          }
        ]
      }
    ],
    "the_vault:catalyst_curse": [
      {
        "level": 0,
        "entries": [
          {
            "min": 1,
            "max": 1,
            "pool": [
              {
                "value": "the_vault:curse",
                "weight": 1
              },
              {
                "value": "the_vault:volcanic",
                "weight": 10
              },
              {
                "value": "the_vault:explosive",
                "weight": 10
              },
              {
                "value": "the_vault:fatiguing",
                "weight": 10
              },
              {
                "value": "the_vault:freezing",
                "weight": 10
              },
              {
                "value": "the_vault:poisonous",
                "weight": 10
              },
              {
                "value": "the_vault:wither",
                "weight": 10
              },
              {
                "value": "the_vault:voiding",
                "weight": 8
              },
              {
                "value": "the_vault:mana_leak",
                "weight": 2
              },
              {
                "value": "the_vault:corrosive",
                "weight": 8
              },
              {
                "value": "the_vault:hunger",
                "weight": 10
              },
              {
                "value": "the_vault:locked",
                "weight": 8
              },
              {
                "value": "the_vault:nullifying",
                "weight": 5
              },
              {
                "value": "the_vault:enervated",
                "weight": 2
              },
              {
                "value": "the_vault:curse_voiding",
                "weight": 8
              },
              {
                "value": "the_vault:curse_explosive",
                "weight": 8
              },
              {
                "value": "the_vault:curse_freezing",
                "weight": 8
              },
              {
                "value": "the_vault:chemical_bath",
                "weight": 1
              },
              {
                "value": "the_vault:curse_ethereal",
                "weight": 4
              },
              {
                "value": "the_vault:soulless",
                "weight": 4
              },
              {
                "value": "the_vault:fading",
                "weight": 1
              },
              {
                "value": "the_vault:impossible_difficulty",
                "weight": 2
              }
            ]
          }
        ]
      }
    ],
    "the_vault:healing_penalty": [
      {
        "level": 0,
        "entries": [
          {
            "min": 1,
            "max": 1,
            "pool": [
              {
                "value": "the_vault:antiheal",
                "weight": 1
              }
            ]
          }
        ]
      }
    ],
    "the_vault:soul_flame_apply": [
      {
        "level": 0,
        "entries": [
          {
            "min": 0,
            "max": 0,
            "pool": [
              {
                "value": "the_vault:soul_locked",
                "weight": 1
              }
            ]
          }
        ]
      }
    ],
    "the_vault:soul_flame_stack": [
      {
        "level": 0,
        "entries": [
          {
            "min": 1,
            "max": 1,
            "pool": [
              {
                "value": "the_vault:soul_flame",
                "weight": 1
              }
            ]
          }
        ]
      }
    ],
    "the_vault:wither_skull_curse": [
      {
        "level": 0,
        "entries": [
          {
            "min": 1,
            "max": 1,
            "pool": [
              {
                "value": "the_vault:hunger",
                "weight": 10
              },
              {
                "value": "the_vault:tired",
                "weight": 14
              },
              {
                "value": "the_vault:slowed",
                "weight": 14
              },
              {
                "value": "the_vault:weakened",
                "weight": 12
              }
            ]
          }
        ]
      },
      {
        "level": 25,
        "entries": [
          {
            "min": 1,
            "max": 1,
            "pool": [
              {
                "value": "the_vault:hunger",
                "weight": 10
              },
              {
                "value": "the_vault:tired",
                "weight": 14
              },
              {
                "value": "the_vault:slowed",
                "weight": 14
              },
              {
                "value": "the_vault:weakened",
                "weight": 12
              },
              {
                "value": "the_vault:inert",
                "weight": 8
              },
              {
                "value": "the_vault:locked",
                "weight": 14
              },
              {
                "value": "the_vault:frenzy",
                "weight": 8
              },
              {
                "value": "the_vault:rotten",
                "weight": 12
              }
            ]
          }
        ]
      },
      {
        "level": 50,
        "entries": [
          {
            "min": 1,
            "max": 1,
            "pool": [
              {
                "value": "the_vault:hunger",
                "weight": 10
              },
              {
                "value": "the_vault:tired",
                "weight": 14
              },
              {
                "value": "the_vault:slowed",
                "weight": 14
              },
              {
                "value": "the_vault:weakened",
                "weight": 12
              },
              {
                "value": "the_vault:inert",
                "weight": 8
              },
              {
                "value": "the_vault:locked",
                "weight": 18
              },
              {
                "value": "the_vault:frenzy",
                "weight": 8
              },
              {
                "value": "the_vault:rotten",
                "weight": 12
              },
              {
                "value": "the_vault:wounded",
                "weight": 8
              },
              {
                "value": "the_vault:drained",
                "weight": 6
              },
              {
                "value": "the_vault:minefield",
                "weight": 4
              },
              {
                "value": "the_vault:collapsing",
                "weight": 12
              },
              {
                "value": "the_vault:volcanic",
                "weight": 8
              },
              {
                "value": "the_vault:crab_walk",
                "weight": 1
              },
              {
                "value": "the_vault:confused",
                "weight": 1
              },
              {
                "value": "the_vault:jupiter_gravity",
                "weight": 8
              },
              {
                "value": "the_vault:explosive",
                "weight": 4
              },
              {
                "value": "the_vault:shulker",
                "weight": 10
              }
            ]
          }
        ]
      }
    ],
    "the_vault:velara_favours": [
      {
        "level": 0,
        "entries": [
          {
            "min": 1,
            "max": 1,
            "pool": [
              {
                "value": "the_vault:velara_favour_1",
                "weight": 1
              },
              {
                "value": "the_vault:velara_favour_2",
                "weight": 1
              }
            ]
          }
        ]
      }
    ],
    "the_vault:god_token_wendarr": [
      {
        "level": 0,
        "entries": [
          {
            "min": 1,
            "max": 1,
            "pool": [
              {
                "value": "the_vault:wendarr_inline",
                "weight": 100
              }
            ]
          }
        ]
      }
    ],
    "the_vault:god_token_idona": [
      {
        "level": 0,
        "entries": [
          {
            "min": 1,
            "max": 1,
            "pool": [
              {
                "value": "the_vault:idona_inline",
                "weight": 100
              }
            ]
          }
        ]
      }
    ],
    "the_vault:god_token_tenos": [
      {
        "level": 0,
        "entries": [
          {
            "min": 1,
            "max": 1,
            "pool": [
              {
                "value": "the_vault:tenos_inline",
                "weight": 100
              }
            ]
          }
        ]
      }
    ],
    "the_vault:god_token_velara": [
      {
        "level": 0,
        "entries": [
          {
            "min": 1,
            "max": 1,
            "pool": [
              {
                "value": "the_vault:velara_inline",
                "weight": 100
              }
            ]
          }
        ]
      }
    ],
    "the_vault:tenos_favours": [
      {
        "level": 0,
        "entries": [
          {
            "min": 1,
            "max": 1,
            "pool": [
              {
                "value": "the_vault:tenos_rarity",
                "weight": 1
              },
              {
                "value": "the_vault:tenos_favour_2",
                "weight": 1
              }
            ]
          }
        ]
      }
    ],
    "the_vault:wendarr_favours": [
      {
        "level": 0,
        "entries": [
          {
            "min": 1,
            "max": 1,
            "pool": [
              {
                "value": "the_vault:wendarr_favour",
                "weight": 1
              },
              {
                "value": "the_vault:wendarr_speed",
                "weight": 1
              }
            ]
          }
        ]
      }
    ],
    "the_vault:idona_favours": [
      {
        "level": 0,
        "entries": [
          {
            "min": 1,
            "max": 1,
            "pool": [
              {
                "value": "the_vault:idona_soulchance",
                "weight": 1
              },
              {
                "value": "the_vault:idona_dmg",
                "weight": 1
              }
            ]
          }
        ]
      }
    ],
    "the_vault:altar_curses": [
      {
        "level": 0,
        "entries": [
          {
            "min": 1,
            "max": 1,
            "pool": [
              {
                "value": "the_vault:mana_leak",
                "weight": 1
              },
              {
                "value": "the_vault:ethereal",
                "weight": 1
              },
              {
                "value": "the_vault:crit_mobs",
                "weight": 1
              },
              {
                "value": "the_vault:lost_quantity",
                "weight": 1
              },
              {
                "value": "the_vault:enervated",
                "weight": 1
              },
              {
                "value": "the_vault:soulless",
                "weight": 1
              },
              {
                "value": "the_vault:fading",
                "weight": 1
              }
            ]
          }
        ]
      }
    ],
    "the_vault:vault_catalyst_chaos": [
      {
        "level": 0,
        "entries": [
          {
            "min": 1,
            "max": 1,
            "pool": [
              {
                "value": "the_vault:chaos",
                "weight": 1
              }
            ]
          }
        ]
      }
    ],
    "the_vault:chaos": [
      {
        "level": 0,
        "entries": [
          {
            "min": 30,
            "max": 50,
            "pool": [
              {
                "value": "the_vault:wild",
                "weight": 4
              },
              {
                "value": "the_vault:furious_mobs",
                "weight": 8
              },
              {
                "value": "the_vault:chunky_mobs",
                "weight": 8
              },
              {
                "value": "the_vault:trapped",
                "weight": 4
              },
              {
                "value": "the_vault:infuriated_mobs",
                "weight": 8
              },
              {
                "value": "the_vault:gilded_cascade",
                "weight": 8
              },
              {
                "value": "the_vault:ornate_cascade",
                "weight": 8
              },
              {
                "value": "the_vault:living_cascade",
                "weight": 8
              },
              {
                "value": "the_vault:wooden_cascade",
                "weight": 8
              },
              {
                "value": "the_vault:plentiful",
                "weight": 8
              },
              {
                "value": "the_vault:item_quantity",
                "weight": 4
              },
              {
                "value": "the_vault:item_rarity",
                "weight": 4
              }
            ]
          }
        ]
      }
    ],
    "the_vault:random_negative": [
      {
        "level": 0,
        "entries": [
          {
            "min": 1,
            "max": 1,
            "pool": [
              {
                "value": "the_vault:wild",
                "weight": 3
              },
              {
                "value": "the_vault:ruthless_mobs",
                "weight": 6
              },
              {
                "value": "the_vault:chunky_mobs",
                "weight": 6
              },
              {
                "value": "the_vault:trapped",
                "weight": 5
              },
              {
                "value": "the_vault:infuriated_mobs",
                "weight": 3
              },
              {
                "value": "the_vault:draining",
                "weight": 4
              },
              {
                "value": "the_vault:mob_increase",
                "weight": 6
              }
            ]
          }
        ]
      }
    ],
    "the_vault:random_positive": [
      {
        "level": 0,
        "entries": [
          {
            "min": 1,
            "max": 1,
            "pool": [
              {
                "value": "the_vault:gilded_cascade",
                "weight": 8
              },
              {
                "value": "the_vault:ornate_cascade",
                "weight": 8
              },
              {
                "value": "the_vault:living_cascade",
                "weight": 8
              },
              {
                "value": "the_vault:coin_cascade",
                "weight": 8
              },
              {
                "value": "the_vault:wooden_cascade",
                "weight": 8
              },
              {
                "value": "the_vault:energizing",
                "weight": 4
              },
              {
                "value": "the_vault:item_quantity",
                "weight": 4
              },
              {
                "value": "the_vault:item_rarity",
                "weight": 4
              },
              {
                "value": "the_vault:xp_gain",
                "weight": 4
              },
              {
                "value": "the_vault:copiously",
                "weight": 6
              },
              {
                "value": "the_vault:soul_boost",
                "weight": 8
              }
            ]
          }
        ]
      }
    ]
  }
}