{
  "tile_processors": [
    {
      "type": "weighted_target",
      "target": "minecraft:stone_bricks",
      "output": {
        "the_vault:wendarr_brick_chiseled": 9,
        "the_vault:wendarr_brick": 1
      }
    },
    {
      "type": "weighted_target",
      "target": "architects_palette:heavy_stone_bricks",
      "output": {
        "the_vault:wendarr_brick_chiseled": 9,
        "the_vault:wendarr_brick": 1
      }
    },
    {
      "type": "weighted_target",
      "target": "architects_palette:heavy_cracked_stone_bricks",
      "output": {
        "the_vault:wendarr_brick_chiseled": 9,
        "the_vault:wendarr_brick": 1
      }
    },
    {
      "type": "weighted_target",
      "target": "minecraft:stone_brick_stairs",
      "output": {
        "create:cut_ochrum_brick_stairs": 1
      }
    },
    {
      "type": "weighted_target",
      "target": "create:andesite_pillar",
      "output": {
        "create:ochrum_pillar": 1
      }
    },
    {
      "type": "weighted_target",
      "target": "create:layered_andesite",
      "output": {
        "create:layered_ochrum": 1
      }
    },
    {
      "type": "weighted_target",
      "target": "create:cut_andesite",
      "output": {
        "create:cut_ochrum": 1
      }
    },
    {
      "type": "weighted_target",
      "target": "create:cut_andesite_brick_stairs",
      "output": {
        "create:cut_ochrum_brick_stairs": 1
      }
    },
    {
      "type": "weighted_target",
      "target": "create:cut_andesite_stairs",
      "output": {
        "create:cut_ochrum_stairs": 1
      }
    },
    {
      "type": "weighted_target",
      "target": "create:cut_andesite_slab",
      "output": {
        "create:cut_ochrum_slab": 1
      }
    },
    {
      "type": "weighted_target",
      "target": "create:cut_andesite_brick_wall",
      "output": {
        "create:cut_ochrum_brick_wall": 1
      }
    },
    {
      "type": "weighted_target",
      "target": "minecraft:acacia_leaves",
      "output": {
        "quark:orange_blossom_leaves": 1
      }
    },
    {
      "type": "weighted_target",
      "target": "quark:acacia_hedge",
      "output": {
        "quark:orange_blossom_hedge": 1
      }
    },
    {
        "type": "reference",
        "id": "the_vault:gate_lock/base"
    }
  ],
  "entity_processors": [],
  "decorators": []
}