{
  "type": "minecraft:pufferfish",
  "subtypes": [],
  "name": "entity.minecraft.pufferfish",
  "name_color": "0xA52A2A",
  "gui_scale": 1.0,
  "gui_x_offset": 0.0,
  "gui_y_offset": 0.0,
  "gui_z_offset": 0.0,
  "sim_cost": 128,
  "input": {
    "item": "hostilenetworks:empty_prediction",
    "count": 1
  },
  "base_drop": {
    "item": "hostilenetworks:overworld_prediction",
    "count": 1
  },
  "trivia": "hostilenetworks.trivia.pufferfish",
  "fabricator_drops": [
    {
      "item": "minecraft:pufferfish",
      "count": 8
    }
  ]
}