{
  "type": "minecraft:squid",
  "subtypes": [],
  "name": "entity.minecraft.squid",
  "name_color": "0x32A1A1",
  "gui_scale": 1.0,
  "gui_x_offset": 0.0,
  "gui_y_offset": 1,
  "gui_z_offset": 0.0,
  "sim_cost": 32,
  "input": {
    "item": "hostilenetworks:empty_prediction",
    "count": 1
  },
  "base_drop": {
    "item": "hostilenetworks:overworld_prediction",
    "count": 1
  },
  "trivia": "hostilenetworks.trivia.squid",
  "fabricator_drops": [
    {
      "item": "minecraft:ink_sac",
      "count": 32
    }
  ]
}