{
  "tile_processors": [
    {
      "type": "weighted_target",
      "target": "minecraft:stone",
      "output": {
        "create:cut_asurine": 1
      }
    },
    {
      "type": "weighted_target",
      "target": "minecraft:andesite",
      "output": {
        "create:asurine": 1
      }
    },
    {
      "type": "weighted_target",
      "target": "minecraft:cobblestone",
      "output": {
        "supplementaries:lapis_bricks": 1
      }
    },
    {
      "type": "weighted_target",
      "target": "minecraft:gravel",
      "output": {
        "supplementaries:lapis_bricks": 1
      }
    },
    {
      "type": "weighted_target",
      "target": "minecraft:cobblestone_slab",
      "output": {
        "supplementaries:lapis_bricks_slab": 1
      }
    },
    {
      "type": "weighted_target",
      "target": "minecraft:lantern",
      "output": {
        "minecraft:soul_lantern": 1
      }
    },
    {
        "type": "reference",
        "id": "the_vault:gate_lock/base"
    }
  ],
  "entity_processors": [],
  "decorators": []
}