[
  {
    "weight": 1,
    "value": {
      "template": "the_vault:vault/rooms/challenge/crystal_caves1",
      "palettes": ["the_vault:crystal_caves/violet","the_vault:paradox/crystal_caves/idona"]
    }
  },
  {
    "weight": 1,
    "value": {
      "template": "the_vault:vault/rooms/challenge/crystal_caves2",
      "palettes": ["the_vault:crystal_caves/blue","the_vault:paradox/crystal_caves/idona"]
    }
  },
  {
    "weight": 1,
    "value": {
      "template": "the_vault:vault/rooms/challenge/crystal_caves3",
      "palettes": ["the_vault:crystal_caves/violet","the_vault:paradox/crystal_caves/idona"]
    }
  },
  {
    "weight": 1,
    "value": {
      "template": "the_vault:vault/rooms/challenge/crystal_caves4",
      "palettes": ["the_vault:crystal_caves/blue","the_vault:paradox/crystal_caves/idona"]
    }
  },
  {
    "weight": 1,
    "value": {
      "template": "the_vault:vault/rooms/challenge/crystal_caves5",
      "palettes": ["the_vault:crystal_caves/green","the_vault:paradox/crystal_caves/idona"]
    }
  }
]