{
  "tasks": [
    {
      "type": "chest",
      "target": "the_vault:wooden_chest",
      "probability": 0.5,
      "icon": "the_vault:textures/gui/scavenger/wooden_chest.png",
      "entries": {
        "the_vault:scavenger_ripped_page": {
          "weight": 8,
          "multiplier": 2.0,
          "color": 5353215
        },
        "the_vault:scavenger_old_book": {
          "weight": 4,
          "multiplier": 1.0,
          "color": 16771072
        },
        "the_vault:scavenger_pottery_shard": {
          "weight": 2,
          "multiplier": 0.8,
          "color": 16711935
        },
        "the_vault:scavenger_broken_pottery": {
          "weight": 1,
          "multiplier": 0.25,
          "color": 7012096
        }
      }
    },
    {
      "type": "chest",
      "target": "@the_vault:gilded",
      "probability": 0.5,
      "icon": "the_vault:textures/gui/scavenger/gilded_chest.png",
      "entries": {
        "the_vault:scavenger_red_scroll": {
          "weight": 8,
          "multiplier": 0.5,
          "color": 5353215
        },
        "the_vault:scavenger_blue_scroll": {
          "weight": 4,
          "multiplier": 0.3,
          "color": 16771072
        },
        "the_vault:scavenger_cracked_script": {
          "weight": 2,
          "multiplier": 0.15,
          "color": 16711935
        },
        "the_vault:scavenger_wizard_wand": {
          "weight": 1,
          "multiplier": 0.1,
          "color": 7012096
        }
      }
    },
    {
      "type": "chest",
      "target": "@the_vault:ornate",
      "probability": 0.5,
      "icon": "the_vault:textures/gui/scavenger/ornate_chest.png",
      "entries": {
        "the_vault:scavenger_goblet": {
          "weight": 8,
          "multiplier": 0.5,
          "color": 5353215
        },
        "the_vault:scavenger_sack": {
          "weight": 4,
          "multiplier": 0.3,
          "color": 16771072
        },
        "the_vault:scavenger_saddle_bag": {
          "weight": 2,
          "multiplier": 0.15,
          "color": 16711935
        },
        "the_vault:scavenger_earrings": {
          "weight": 1,
          "multiplier": 0.1,
          "color": 7012096
        }
      }
    },
    {
      "type": "chest",
      "target": "@the_vault:living",
      "probability": 0.5,
      "icon": "the_vault:textures/gui/scavenger/living_chest.png",
      "entries": {
        "the_vault:scavenger_empty_jar": {
          "weight": 8,
          "multiplier": 0.5,
          "color": 5353215
        },
        "the_vault:scavenger_poultice_jar": {
          "weight": 4,
          "multiplier": 0.3,
          "color": 16771072
        },
        "the_vault:scavenger_preserves_jar": {
          "weight": 2,
          "multiplier": 0.15,
          "color": 16711935
        },
        "the_vault:scavenger_spice_jar": {
          "weight": 1,
          "multiplier": 0.1,
          "color": 7012096
        }
      }
    },
    {
      "type": "coin_stacks",
      "target": "the_vault:coin_pile",
      "probability": 0.25,
      "icon": "the_vault:textures/gui/scavenger/coin_stacks.png",
      "entries": {
        "the_vault:scavenger_blue_bangle": {
          "weight": 8,
          "multiplier": 0.7,
          "color": 5353215
        },
        "the_vault:scavenger_cracked_pearl": {
          "weight": 4,
          "multiplier": 0.5,
          "color": 16771072
        },
        "the_vault:scavenger_pink_bangle": {
          "weight": 2,
          "multiplier": 0.3,
          "color": 16711935
        },
        "the_vault:scavenger_green_bangle": {
          "weight": 1,
          "multiplier": 0.15,
          "color": 7012096
        }
      }
    },
    {
      "type": "ore",
      "probability": 0.5,
      "icon": "the_vault:textures/gui/scavenger/vault_ore.png",
      "entries": {
        "the_vault:scavenger_benitoite_gemstone": {
          "weight": 8,
          "multiplier": 0.7,
          "color": 5353215
        },
        "the_vault:scavenger_wutodic_gemstone": {
          "weight": 4,
          "multiplier": 0.5,
          "color": 16771072
        },
        "the_vault:scavenger_echoing_gemstone": {
          "weight": 2,
          "multiplier": 0.3,
          "color": 16711935
        },
        "the_vault:scavenger_pogging_gemstone": {
          "weight": 1,
          "multiplier": 0.15,
          "color": 7012096
        }
      }
    },
    {
      "type": "mob",
      "probability": 0.3,
      "icon": "the_vault:textures/gui/scavenger/mob.png",
      "color": 16771072,
      "entries": {
        "the_vault:scavenger_spider_vial": {
          "weight": 8,
          "multiplier": 0.8,
          "color": 5353215,
          "mobs": [
            "the_vault:vault_spider",
            "the_vault:dungeon_spider",
            "the_vault:dungeon_black_widow_spider"
          ]
        },
        "the_vault:scavenger_spider_soul_charm": {
          "weight": 4,
          "multiplier": 0.8,
          "color": 16771072,
          "mobs": [
            "the_vault:vault_spider",
            "the_vault:dungeon_spider",
            "the_vault:dungeon_black_widow_spider"
          ]
        },
        "the_vault:scavenger_spider_cursed_charm": {
          "weight": 4,
          "multiplier": 0.8,
          "color": 16771072,
          "mobs": [
            "the_vault:vault_spider",
            "the_vault:dungeon_spider",
            "the_vault:dungeon_black_widow_spider"
          ]
        },
        "the_vault:scavenger_spider_fangs": {
          "weight": 2,
          "multiplier": 0.8,
          "color": 16711935,
          "mobs": [
            "the_vault:vault_spider",
            "the_vault:dungeon_spider",
            "the_vault:dungeon_black_widow_spider"
          ]
        },
        "the_vault:scavenger_spider_leg": {
          "weight": 2,
          "multiplier": 0.8,
          "color": 16711935,
          "mobs": [
            "the_vault:vault_spider",
            "the_vault:dungeon_spider",
            "the_vault:dungeon_black_widow_spider"
          ]
        },
        "the_vault:scavenger_spider_webbing_spool": {
          "weight": 1,
          "multiplier": 0.8,
          "color": 7012096,
          "mobs": [
            "the_vault:vault_spider",
            "the_vault:dungeon_spider",
            "the_vault:dungeon_black_widow_spider"
          ]
        },
        "the_vault:scavenger_drowned_hide": {
          "weight": 8,
          "multiplier": 0.8,
          "color": 5353215,
          "mobs": [
            "minecraft:drowned",
            "the_vault:t1_drowned",
            "the_vault:t2_drowned",
            "the_vault:t3_drowned"
          ]
        },
        "the_vault:scavenger_drowned_barnacle": {
          "weight": 8,
          "multiplier": 0.8,
          "color": 5353215,
          "mobs": [
            "minecraft:drowned",
            "the_vault:t1_drowned",
            "the_vault:t2_drowned",
            "the_vault:t3_drowned"
          ]
        },
        "the_vault:scavenger_drowned_vial": {
          "weight": 4,
          "multiplier": 0.8,
          "color": 16771072,
          "mobs": [
            "minecraft:drowned",
            "the_vault:t1_drowned",
            "the_vault:t2_drowned",
            "the_vault:t3_drowned"
          ]
        },
        "the_vault:scavenger_drowned_soul_charm": {
          "weight": 2,
          "multiplier": 0.8,
          "color": 16711935,
          "mobs": [
            "minecraft:drowned",
            "the_vault:t1_drowned",
            "the_vault:t2_drowned",
            "the_vault:t3_drowned"
          ]
        },
        "the_vault:scavenger_drowned_eye": {
          "weight": 1,
          "multiplier": 0.8,
          "color": 7012096,
          "mobs": [
            "minecraft:drowned",
            "the_vault:t1_drowned",
            "the_vault:t2_drowned",
            "the_vault:t3_drowned"
          ]
        },
        "the_vault:scavenger_zombie_blood_vial": {
          "weight": 8,
          "multiplier": 0.8,
          "color": 5353215,
          "mobs": [
            "minecraft:zombie",
            "the_vault:miner_zombie_t0",
            "the_vault:miner_zombie_t1",
            "the_vault:miner_zombie_t2",
            "the_vault:miner_zombie_t3",
            "the_vault:miner_zombie_t4",
            "the_vault:miner_zombie_t5",
            "the_vault:overgrown_zombie_t0",
            "the_vault:overgrown_zombie_t1",
            "the_vault:overgrown_zombie_t2",
            "the_vault:overgrown_zombie_t3",
            "the_vault:overgrown_zombie_t4",
            "the_vault:overgrown_zombie_t5",
            "the_vault:deep_dark_zombie",
            "the_vault:t1_zombie",
            "the_vault:t2_zombie",
            "the_vault:t3_zombie"
          ]
        },
        "the_vault:scavenger_zombie_hide": {
          "weight": 8,
          "multiplier": 0.8,
          "color": 5353215,
          "mobs": [
            "minecraft:zombie",
            "the_vault:miner_zombie_t0",
            "the_vault:miner_zombie_t1",
            "the_vault:miner_zombie_t2",
            "the_vault:miner_zombie_t3",
            "the_vault:miner_zombie_t4",
            "the_vault:miner_zombie_t5",
            "the_vault:overgrown_zombie_t0",
            "the_vault:overgrown_zombie_t1",
            "the_vault:overgrown_zombie_t2",
            "the_vault:overgrown_zombie_t3",
            "the_vault:overgrown_zombie_t4",
            "the_vault:overgrown_zombie_t5",
            "the_vault:deep_dark_zombie",
            "the_vault:t1_zombie",
            "the_vault:t2_zombie",
            "the_vault:t3_zombie"
          ]
        },
        "the_vault:scavenger_zombie_arm": {
          "weight": 4,
          "multiplier": 0.8,
          "color": 16771072,
          "mobs": [
            "minecraft:zombie",
            "the_vault:miner_zombie_t0",
            "the_vault:miner_zombie_t1",
            "the_vault:miner_zombie_t2",
            "the_vault:miner_zombie_t3",
            "the_vault:miner_zombie_t4",
            "the_vault:miner_zombie_t5",
            "the_vault:overgrown_zombie_t0",
            "the_vault:overgrown_zombie_t1",
            "the_vault:overgrown_zombie_t2",
            "the_vault:overgrown_zombie_t3",
            "the_vault:overgrown_zombie_t4",
            "the_vault:overgrown_zombie_t5",
            "the_vault:deep_dark_zombie",
            "the_vault:t1_zombie",
            "the_vault:t2_zombie",
            "the_vault:t3_zombie"
          ]
        },
        "the_vault:scavenger_zombie_nose": {
          "weight": 4,
          "multiplier": 0.8,
          "color": 16771072,
          "mobs": [
            "minecraft:zombie",
            "the_vault:miner_zombie_t0",
            "the_vault:miner_zombie_t1",
            "the_vault:miner_zombie_t2",
            "the_vault:miner_zombie_t3",
            "the_vault:miner_zombie_t4",
            "the_vault:miner_zombie_t5",
            "the_vault:overgrown_zombie_t0",
            "the_vault:overgrown_zombie_t1",
            "the_vault:overgrown_zombie_t2",
            "the_vault:overgrown_zombie_t3",
            "the_vault:overgrown_zombie_t4",
            "the_vault:overgrown_zombie_t5",
            "the_vault:deep_dark_zombie",
            "the_vault:t1_zombie",
            "the_vault:t2_zombie",
            "the_vault:t3_zombie"
          ]
        },
        "the_vault:scavenger_zombie_ear": {
          "weight": 2,
          "multiplier": 0.8,
          "color": 16711935,
          "mobs": [
            "minecraft:zombie",
            "the_vault:miner_zombie_t0",
            "the_vault:miner_zombie_t1",
            "the_vault:miner_zombie_t2",
            "the_vault:miner_zombie_t3",
            "the_vault:miner_zombie_t4",
            "the_vault:miner_zombie_t5",
            "the_vault:overgrown_zombie_t0",
            "the_vault:overgrown_zombie_t1",
            "the_vault:overgrown_zombie_t2",
            "the_vault:overgrown_zombie_t3",
            "the_vault:overgrown_zombie_t4",
            "the_vault:overgrown_zombie_t5",
            "the_vault:deep_dark_zombie",
            "the_vault:t1_zombie",
            "the_vault:t2_zombie",
            "the_vault:t3_zombie"
          ]
        },
        "the_vault:scavenger_zombie_brain": {
          "weight": 2,
          "multiplier": 0.8,
          "color": 16711935,
          "mobs": [
            "minecraft:zombie",
            "the_vault:miner_zombie_t0",
            "the_vault:miner_zombie_t1",
            "the_vault:miner_zombie_t2",
            "the_vault:miner_zombie_t3",
            "the_vault:miner_zombie_t4",
            "the_vault:miner_zombie_t5",
            "the_vault:overgrown_zombie_t0",
            "the_vault:overgrown_zombie_t1",
            "the_vault:overgrown_zombie_t2",
            "the_vault:overgrown_zombie_t3",
            "the_vault:overgrown_zombie_t4",
            "the_vault:overgrown_zombie_t5",
            "the_vault:deep_dark_zombie",
            "the_vault:t1_zombie",
            "the_vault:t2_zombie",
            "the_vault:t3_zombie"
          ]
        },
        "the_vault:scavenger_zombie_eye": {
          "weight": 1,
          "multiplier": 0.8,
          "color": 7012096,
          "mobs": [
            "minecraft:zombie",
            "the_vault:miner_zombie_t0",
            "the_vault:miner_zombie_t1",
            "the_vault:miner_zombie_t2",
            "the_vault:miner_zombie_t3",
            "the_vault:miner_zombie_t4",
            "the_vault:miner_zombie_t5",
            "the_vault:overgrown_zombie_t0",
            "the_vault:overgrown_zombie_t1",
            "the_vault:overgrown_zombie_t2",
            "the_vault:overgrown_zombie_t3",
            "the_vault:overgrown_zombie_t4",
            "the_vault:overgrown_zombie_t5",
            "the_vault:deep_dark_zombie",
            "the_vault:t1_zombie",
            "the_vault:t2_zombie",
            "the_vault:t3_zombie"
          ]
        },
        "the_vault:scavenger_creeper_vial": {
          "weight": 8,
          "multiplier": 0.8,
          "color": 5353215,
          "mobs": [
            "minecraft:creeper",
            "the_vault:t1_creeper",
            "the_vault:t2_creeper",
            "the_vault:t3_creeper"
          ]
        },
        "the_vault:scavenger_creeper_foot": {
          "weight": 8,
          "multiplier": 0.8,
          "color": 5353215,
          "mobs": [
            "minecraft:creeper",
            "the_vault:t1_creeper",
            "the_vault:t2_creeper",
            "the_vault:t3_creeper"
          ]
        },
        "the_vault:scavenger_creeper_soul_charm": {
          "weight": 4,
          "multiplier": 0.8,
          "color": 16771072,
          "mobs": [
            "minecraft:creeper",
            "the_vault:t1_creeper",
            "the_vault:t2_creeper",
            "the_vault:t3_creeper"
          ]
        },
        "the_vault:scavenger_creeper_fuse": {
          "weight": 4,
          "multiplier": 0.8,
          "color": 16771072,
          "mobs": [
            "minecraft:creeper",
            "the_vault:t1_creeper",
            "the_vault:t2_creeper",
            "the_vault:t3_creeper"
          ]
        },
        "the_vault:scavenger_creeper_tnt": {
          "weight": 2,
          "multiplier": 0.8,
          "color": 16711935,
          "mobs": [
            "minecraft:creeper",
            "the_vault:t1_creeper",
            "the_vault:t2_creeper",
            "the_vault:t3_creeper"
          ]
        },
        "the_vault:scavenger_creeper_eye": {
          "weight": 1,
          "multiplier": 0.8,
          "color": 7012096,
          "mobs": [
            "minecraft:creeper",
            "the_vault:t1_creeper",
            "the_vault:t2_creeper",
            "the_vault:t3_creeper"
          ]
        },
        "the_vault:scavenger_skeleton_bone_shard": {
          "weight": 8,
          "multiplier": 0.8,
          "color": 5353215,
          "mobs": [
            "minecraft:skeleton",
            "the_vault:t1_skeleton",
            "the_vault:t2_skeleton",
            "the_vault:t3_skeleton",
            "the_vault:skeleton_pirate_t0",
            "the_vault:skeleton_pirate_t1",
            "the_vault:skeleton_pirate_t2",
            "the_vault:skeleton_pirate_t3",
            "the_vault:skeleton_pirate_t4",
            "the_vault:skeleton_pirate_t5",
            "minecraft:wither_skeleton",
            "the_vault:t1_wither_skeleton",
            "the_vault:t2_wither_skeleton",
            "the_vault:t3_wither_skeleton",
            "the_vault:dungeon_skeleton",
            "the_vault:deep_dark_skeleton",
            "rottencreatures:dead_beard"
          ]
        },
        "the_vault:scavenger_skeleton_milky_vial": {
          "weight": 8,
          "multiplier": 0.8,
          "color": 5353215,
          "mobs": [
            "minecraft:skeleton",
            "the_vault:t1_skeleton",
            "the_vault:t2_skeleton",
            "the_vault:t3_skeleton",
            "the_vault:skeleton_pirate_t0",
            "the_vault:skeleton_pirate_t1",
            "the_vault:skeleton_pirate_t2",
            "the_vault:skeleton_pirate_t3",
            "the_vault:skeleton_pirate_t4",
            "the_vault:skeleton_pirate_t5",
            "minecraft:wither_skeleton",
            "the_vault:t1_wither_skeleton",
            "the_vault:t2_wither_skeleton",
            "the_vault:t3_wither_skeleton",
            "the_vault:dungeon_skeleton",
            "the_vault:deep_dark_skeleton",
            "rottencreatures:dead_beard"
          ]
        },
        "the_vault:scavenger_skeleton_wishbone": {
          "weight": 4,
          "multiplier": 0.8,
          "color": 16771072,
          "mobs": [
            "minecraft:skeleton",
            "the_vault:t1_skeleton",
            "the_vault:t2_skeleton",
            "the_vault:t3_skeleton",
            "the_vault:skeleton_pirate_t0",
            "the_vault:skeleton_pirate_t1",
            "the_vault:skeleton_pirate_t2",
            "the_vault:skeleton_pirate_t3",
            "the_vault:skeleton_pirate_t4",
            "the_vault:skeleton_pirate_t5",
            "minecraft:wither_skeleton",
            "the_vault:t1_wither_skeleton",
            "the_vault:t2_wither_skeleton",
            "the_vault:t3_wither_skeleton",
            "the_vault:dungeon_skeleton",
            "the_vault:deep_dark_skeleton",
            "rottencreatures:dead_beard"
          ]
        },
        "the_vault:scavenger_skeleton_soul_charm": {
          "weight": 4,
          "multiplier": 0.8,
          "color": 16771072,
          "mobs": [
            "minecraft:skeleton",
            "the_vault:t1_skeleton",
            "the_vault:t2_skeleton",
            "the_vault:t3_skeleton",
            "the_vault:skeleton_pirate_t0",
            "the_vault:skeleton_pirate_t1",
            "the_vault:skeleton_pirate_t2",
            "the_vault:skeleton_pirate_t3",
            "the_vault:skeleton_pirate_t4",
            "the_vault:skeleton_pirate_t5",
            "minecraft:wither_skeleton",
            "the_vault:t1_wither_skeleton",
            "the_vault:t2_wither_skeleton",
            "the_vault:t3_wither_skeleton",
            "the_vault:dungeon_skeleton",
            "the_vault:deep_dark_skeleton",
            "rottencreatures:dead_beard"
          ]
        },
        "the_vault:scavenger_skeleton_ribcage": {
          "weight": 2,
          "multiplier": 0.8,
          "color": 16711935,
          "mobs": [
            "minecraft:skeleton",
            "the_vault:t1_skeleton",
            "the_vault:t2_skeleton",
            "the_vault:t3_skeleton",
            "the_vault:skeleton_pirate_t0",
            "the_vault:skeleton_pirate_t1",
            "the_vault:skeleton_pirate_t2",
            "the_vault:skeleton_pirate_t3",
            "the_vault:skeleton_pirate_t4",
            "the_vault:skeleton_pirate_t5",
            "minecraft:wither_skeleton",
            "the_vault:t1_wither_skeleton",
            "the_vault:t2_wither_skeleton",
            "the_vault:t3_wither_skeleton",
            "the_vault:dungeon_skeleton",
            "the_vault:deep_dark_skeleton",
            "rottencreatures:dead_beard"
          ]
        },
        "the_vault:scavenger_skeleton_milky_eye": {
          "weight": 2,
          "multiplier": 0.8,
          "color": 16711935,
          "mobs": [
            "minecraft:skeleton",
            "the_vault:t1_skeleton",
            "the_vault:t2_skeleton",
            "the_vault:t3_skeleton",
            "the_vault:skeleton_pirate_t0",
            "the_vault:skeleton_pirate_t1",
            "the_vault:skeleton_pirate_t2",
            "the_vault:skeleton_pirate_t3",
            "the_vault:skeleton_pirate_t4",
            "the_vault:skeleton_pirate_t5",
            "minecraft:wither_skeleton",
            "the_vault:t1_wither_skeleton",
            "the_vault:t2_wither_skeleton",
            "the_vault:t3_wither_skeleton",
            "the_vault:dungeon_skeleton",
            "the_vault:deep_dark_skeleton",
            "rottencreatures:dead_beard"
          ]
        },
        "the_vault:scavenger_skeleton_skull": {
          "weight": 1,
          "multiplier": 0.8,
          "color": 7012096,
          "mobs": [
            "minecraft:skeleton",
            "the_vault:t1_skeleton",
            "the_vault:t2_skeleton",
            "the_vault:t3_skeleton",
            "the_vault:skeleton_pirate_t0",
            "the_vault:skeleton_pirate_t1",
            "the_vault:skeleton_pirate_t2",
            "the_vault:skeleton_pirate_t3",
            "the_vault:skeleton_pirate_t4",
            "the_vault:skeleton_pirate_t5",
            "minecraft:wither_skeleton",
            "the_vault:t1_wither_skeleton",
            "the_vault:t2_wither_skeleton",
            "the_vault:t3_wither_skeleton",
            "the_vault:dungeon_skeleton",
            "the_vault:deep_dark_skeleton",
            "rottencreatures:dead_beard"
          ]
        }
      }
    }
  ],
  "levels": [
    {
      "level": 0,
      "goalCount": {
        "type": "uniform",
        "min": 4,
        "max": 5
      },
      "itemCount": {
        "type": "uniform",
        "min": 4,
        "max": 13
      }
    },
    {
      "level": 10,
      "goalCount": {
        "type": "uniform",
        "min": 4,
        "max": 5
      },
      "itemCount": {
        "type": "uniform",
        "min": 4,
        "max": 13
      }
    },
    {
      "level": 20,
      "goalCount": {
        "type": "uniform",
        "min": 4,
        "max": 5
      },
      "itemCount": {
        "type": "uniform",
        "min": 4,
        "max": 13
      }
    },
    {
      "level": 50,
      "goalCount": {
        "type": "uniform",
        "min": 4,
        "max": 5
      },
      "itemCount": {
        "type": "uniform",
        "min": 4,
        "max": 14
      }
    },
    {
      "level": 75,
      "goalCount": {
        "type": "uniform",
        "min": 4,
        "max": 6
      },
      "itemCount": {
        "type": "uniform",
        "min": 5,
        "max": 17
      }
    }
  ]
}