[
  {
    "weight": 9,
    "reference": "the_vault:vault/rooms/raw/farm"
  },
  {
    "weight": 9,
    "reference": "the_vault:vault/rooms/raw/quarry"
  },
  {
    "weight": 6,
    "reference": "the_vault:vault/rooms/raw/chromatic_caves"
  },
  {
    "weight": 12,
    "reference": "the_vault:vault/rooms/raw/modded_caves"
  },
  {
    "weight": 8,
    "reference": "the_vault:vault/rooms/raw/nether"
  },
  {
    "weight": 4,
    "reference": "the_vault:vault/rooms/raw/end"
  }
]