{
  "type": "diy_vault",
  "starts": "the_vault:vault/starts/ice_starts",
  "common_rooms": "the_vault:vault/rooms/ice_common_rooms",
  "challenge_rooms": "the_vault:vault/rooms/challenge_rooms",
  "omega_rooms": "the_vault:vault/rooms/omega_rooms",
  "tunnels": "the_vault:vault/tunnels/ice_tunnels",
  "ambient_light": 0.2,
  "fog_color": 16777215,
  "grass_color": 3364910,
  "foliage_color": 3364910,
  "water_color": 10665941,
  "water_fog_color": 10665941,
  "particle": "minecraft:snowflake",
  "particle_probability": 0.01
}