{
  "tile_processors": [
    {
      "type": "reference",
      "id": "the_vault:generic/treasure_door_placeholder"
    },
    {
      "type": "weighted_target",
      "target": "minecraft:stone",
      "output": {
        "minecraft:stripped_dark_oak_log": 60,
        "minecraft:dark_oak_log": 40
      }
    },
    {
      "type": "weighted_target",
      "target": "minecraft:cobblestone",
      "output": {
        "minecraft:moss_block": 50,
        "minecraft:dark_oak_leaves": 25,
        "minecraft:mushroom_stem": 25
      }
    },
    {
      "type": "weighted_target",
      "target": "minecraft:gray_concrete",
      "output": {
        "auxiliaryblocks:yellow_pastel": 25,
        "botania:chiseled_sunny_quartz": 40,
        "auxiliaryblocks:smooth_yellow_pastel": 25,
        "architects_palette:polished_glowstone": 5,
        "architects_palette:runic_glowstone": 5
      }
    },
    {
      "type": "weighted_target",
      "target": "minecraft:grass_block",
      "output": {
        "minecraft:mycelium": 40,
        "architects_palette:stripped_twisted_wood":30,
        "architects_palette:twisted_boards": 30
      }
    },
    {
      "type": "weighted_target",
      "target": "minecraft:dirt",
      "output": {
        "minecraft:rooted_dirt": 1
      }
    },
    {
      "type": "weighted_target",
      "target": "minecraft:coarse_dirt",
      "output": {
        "minecraft:moss_block": 75,
        "minecraft:green_concrete_powder": 25
      }
    },
    {
      "type": "weighted_target",
      "target": "minecraft:stone_slab",
      "output": {
        "architects_palette:twisted_slab": 1
      }
    },
    {
      "type": "weighted_target",
      "target": "minecraft:cobblestone_slab",
      "output": {
        "minecraft:dark_oak_slab": 1
      }
    },
    {
      "type": "weighted_target",
      "target": "minecraft:spruce_slab",
      "output": {
        "quark:midori_block_slab": 1
      }
    },
    {
      "type": "weighted_target",
      "target": "minecraft:purple_wool",
      "output": {
        "quark:stripped_azalea_wood": 40,
        "everycomp:ap/quark/azalea_boards": 25,
        "quark:azalea_planks": 25,
        "minecraft:shroomlight": 10
      }
    },
    {
      "type": "weighted_target",
      "target": "minecraft:water",
      "output": {
        "minecraft:water": 1
      }
    },
    {
      "type": "weighted_target",
      "target": "minecraft:birch_log",
      "output": {
        "minecraft:air": 1
      }
    },
    {
      "type": "weighted_target",
      "target": "minecraft:birch_fence",
      "output": {
        "minecraft:air": 1
      }
    },
    {
      "type": "weighted_target",
      "target": "minecraft:warped_fence",
      "output": {
        "ecologics:azalea_fence": 1
      }
    },
    {
      "type": "weighted_target",
      "target": "minecraft:warped_wart_block",
      "output": {
        "auxiliaryblocks:yellow_pastel": 1,
        "auxiliaryblocks:smooth_yellow_pastel": 1
      }
    },
    {
      "type": "weighted_target",
      "target": "minecraft:shroomlight",
      "output": {
        "minecraft:mushroom_stem": 1
      }
    },
    {
      "type": "weighted_target",
      "target": "architects_palette:twisted_fence",
      "output": {
        "minecraft:air": 1
      }
    },
    {
      "type": "weighted_target",
      "target": "minecraft:cave_vines_plant",
      "output": {
        "minecraft:cave_vines_plant[berries=false]": 5,
        "minecraft:cave_vines_plant[berries=true]": 1
      }
    },
    {
      "type": "weighted_target",
      "target": "minecraft:cave_vines",
      "output": {
        "minecraft:cave_vines[berries=false]": 5,
        "minecraft:cave_vines[berries=true]": 1
      }
    },
    {
      "type": "weighted_target",
      "target": "minecraft:spore_blossom",
      "output": {
        "minecraft:spore_blossom": 1,
        "minecraft:air": 1
      }
    },
    {
      "type": "weighted_target",
      "target": "minecraft:brown_wool",
      "output": {
        "minecraft:hanging_roots": 1,
        "minecraft:air": 2
      }
    },
    {
      "type": "weighted_target",
      "target": "minecraft:pink_wool",
      "output": {
        "minecraft:air": 1
      }
    },
    {
      "type": "weighted_target",
      "target": "minecraft:grass",
      "output": {
        "minecraft:red_mushroom": 1,
        "minecraft:brown_mushroom": 1,
        "minecraft:oxeye_daisy": 1,
        "minecraft:grass": 1
      }
    },
    {
      "type": "weighted_target",
      "target": "minecraft:tall_grass[half=lower]",
      "output": {
        "minecraft:tall_grass[half=lower]": 1,
        "minecraft:large_fern[half=lower]": 1
      }
    },
    {
      "type": "weighted_target",
      "target": "minecraft:tall_grass[half=upper]",
      "output": {
        "minecraft:tall_grass[half=upper]": 1,
        "minecraft:large_fern[half=upper]": 1
      }
    },
    {
      "type": "weighted_target",
      "target": "minecraft:twisting_vines_plant",
      "output": {
        "minecraft:air": 1
      }
    },
    {
      "type": "weighted_target",
      "target": "minecraft:twisting_vines",
      "output": {
        "minecraft:air": 1
      }
    },
    {
      "type": "weighted_target",
      "target": "minecraft:fern",
      "output": {
        "minecraft:fern": 1
      }
    },
    {
      "type": "weighted_target",
      "target": "minecraft:lime_wool",
      "output": {
        "the_vault:chromatic_log": 35,
        "quark:lavender_blossom_leaves": 65
      }
    },
    {
      "type": "weighted_target",
      "target": "minecraft:cyan_wool",
      "output": {
        "the_vault:chromatic_log": 35,
        "quark:lavender_blossom_leaves": 65
      }
    },
    {
      "type": "weighted_target",
      "target": "minecraft:oak_log",
      "output": {
        "minecraft:stripped_birch_log": 1
      }
    },
    {
      "type": "weighted_target",
      "target": "minecraft:oak_wood",
      "output": {
        "minecraft:stripped_birch_wood": 1
      }
    },
    {
      "type": "weighted_target",
      "target": "minecraft:oak_leaves",
      "output": {
        "quark:lavender_blossom_leaves": 1
      }
    },
    {
      "type": "weighted_target",
      "target": "minecraft:oak_planks",
      "output": {
        "minecraft:birch_planks": 1
      }
    },
    {
      "type": "weighted_target",
      "target": "minecraft:oak_fence",
      "output": {
        "minecraft:birch_fence": 1
      }
    },
    {
      "type": "weighted_target",
      "target": "minecraft:oak_slab",
      "output": {
        "minecraft:birch_slab": 1
      }
    },
    {
      "type": "weighted_target",
      "target": "minecraft:oak_trapdoor",
      "output": {
        "mcwtrpdoors:birch_barn_trapdoor": 2,
        "mcwtrpdoors:birch_four_panel_trapdoor":2,
        "mcwtrpdoors:birch_classic_trapdoor": 1
      }
    },
    {
      "type": "weighted_target",
      "target": "minecraft:oak_stairs",
      "output": {
        "minecraft:birch_stairs": 1
      }
    },
    {
      "type": "weighted_target",
      "target": "minecraft:oak_fence_gate",
      "output": {
        "minecraft:birch_fence_gate": 1
      }
  },
  {
      "type": "weighted_target",
      "target": "minecraft:oak_door",
      "output": {
        "mcwdoors:birch_barn_door": 2,
        "ecologics:azalea_door": 1
      }
  },
    {
      "type": "weighted_target",
      "target": "minecraft:stone_bricks",
      "output": {
        "create:cut_andesite_bricks": 3,
        "create:cut_andesite": 1
      }
    },
    {
      "type": "weighted_target",
      "target": "minecraft:stone_brick_stairs",
      "output": {
        "create:cut_andesite_brick_stairs": 1
      }
    },
    {
      "type": "weighted_target",
      "target": "create:andesite_pillar",
      "output": {
        "create:andesite_pillar": 1
      }
    },
    {
      "type": "weighted_target",
      "target": "minecraft:chiseled_stone_bricks",
      "output": {
        "quark:chiseled_andesite_bricks": 1
      }
    },
    {
      "type": "weighted_target",
      "target": "minecraft:stone_brick_slab",
      "output": {
        "create:cut_andesite_brick_slab": 1
      }
    },
    {
      "type": "weighted_target",
      "target": "quark:stone_brick_vertical_slab",
      "output": {
        "quark:andesite_vertical_slab": 1
      }
    },
    {
      "type": "weighted_target",
      "target": "quark:stone_vertical_slab",
      "output": {
        "quark:andesite_vertical_slab": 1
      }
    },
    {
      "type": "weighted_target",
      "target": "minecraft:stone_brick_wall",
      "output": {
        "create:cut_andesite_brick_wall": 3,
        "create:polished_cut_andesite_wall": 1
      }
    },
    {
      "type": "weighted_target",
      "target": "minecraft:cobblestone_wall",
      "output": {
        "minecraft:andesite_wall": 1
      }
    },
    {
      "type": "weighted_target",
      "target": "minecraft:cobblestone_stairs",
      "output": {
        "minecraft:andesite_stairs": 1
      }
    },
    {
      "type": "weighted_target",
      "target": "minecraft:mossy_stone_bricks",
      "output": {
        "minecraft:mossy_stone_bricks": 2,
        "architects_palette:heavy_mossy_stone_bricks": 1
      }
    },
    {
      "type": "weighted_target",
      "target": "minecraft:mossy_cobblestone",
      "output": {
        "minecraft:mossy_cobblestone": 2,
        "auxiliaryblocks:mossy_stone": 1
      }
    },
    {
      "type": "weighted_target",
      "target": "minecraft:green_concrete",
      "output": {
        "minecraft:moss_block": 1
      }
    },
    {
      "type": "weighted_target",
      "target": "minecraft:magma_block",
      "output": {
        "minecraft:magma_block": 1
      }
    },
    {
      "type": "weighted_target",
      "target": "minecraft:lava",
      "output": {
        "minecraft:lava": 1
      }
    },
    {
      "type": "weighted_target",
      "target": "minecraft:moss_carpet",
      "output": {
        "minecraft:air": 1
      }
    },
    {
      "type": "weighted_target",
      "target": "decorative_blocks:brazier",
      "output": {
        "decorative_blocks:brazier": 1
      }
    },
    {
      "type": "weighted_target",
      "target": "minecraft:campfire",
      "output": {
        "minecraft:soul_campfire": 1
      }
    },
    {
      "type": "weighted_target",
      "target": "minecraft:lantern",
      "output": {
        "minecraft:soul_lantern": 1,
        "architects_palette:nether_brass_lantern": 1
      }
    },
    {
      "type": "weighted_target",
      "target": "supplementaries:wall_lantern{Lantern:{Name:\"minecraft:lantern\"}}",
      "output": {
        "supplementaries:wall_lantern{Lantern:{Name:\"minecraft:soul_lantern\",Properties:{waterlogged:\"false\", hanging:\"false\"}}}": 1,
        "supplementaries:wall_lantern{Lantern:{Name:\"architects_palette:nether_brass_lantern\",Properties:{waterlogged:\"false\", hanging:\"false\"}}}": 1
      }
  },
    {
      "type": "weighted_target",
      "target": "minecraft:soul_lantern",
      "output": {
        "minecraft:sea_lantern": 1
      }
    },
    {
      "type": "weighted_target",
      "target": "minecraft:glass",
      "output": {
        "minecraft:light[level=15]": 1
      }
    },
    {
      "type": "weighted_target",
      "target": "minecraft:cyan_stained_glass",
      "output": {
        "minecraft:water": 1
      }
    },
    {
      "type": "weighted_target",
      "target": "minecraft:light_blue_stained_glass",
      "output": {
        "minecraft:water": 1
      }
    },
    {
      "type": "weighted_target",
      "target": "minecraft:bookshelf",
      "output": {
        "quark:azalea_bookshelf": 1,
        "everycomp:q/ecologics/coconut_bookshelf": 1,
        "everycomp:q/ecologics/flowering_azalea_bookshelf": 1
      }
    },
    {
      "type": "weighted_target",
      "target": "ecologics:azalea_log",
      "output": {
        "botania:stripped_dreamwood_log": 1
      }
    },
    {
      "type": "weighted_target",
      "target": "ecologics:azalea_fence",
      "output": {
        "botania:dreamwood_fence": 1
      }
    },
    {
      "type": "weighted_target",
      "target": "create:cut_crimsite_wall",
      "output": {
        "botania:stripped_dreamwood_wall": 1
      }
    },
    {
      "type": "weighted_target",
      "target": "quark:azalea_log",
      "output": {
        "minecraft:stripped_birch_log": 1
      }
    },
    {
      "type": "weighted_target",
      "target": "quark:azalea_planks",
      "output": {
        "minecraft:birch_planks": 1
      }
    },
    {
      "type": "weighted_target",
      "target": "quark:azalea_planks_stairs",
      "output": {
        "minecraft:birch_stairs": 1
      }
    },
    {
      "type": "weighted_target",
      "target": "create:cut_veridium_wall",
      "output": {
        "quark:sandstone_bricks_wall": 1
      }
    },
    {
      "type": "weighted_target",
      "target": "minecraft:sand",
      "output": {
          "minecraft:sand": 1
      }
    },
    {
      "type": "weighted_target",
      "target": "minecraft:potted_oak_sapling",
      "output": {
          "minecraft:potted_pink_tulip": 1,
          "minecraft:potted_oxeye_daisy": 1,
          "minecraft:potted_red_mushroom": 1
        }
    },
    {
        "type": "weighted_target",
        "target": "quark:oak_hedge",
        "output": {
            "quark:azalea_hedge": 2,
            "quark:flowering_azalea_hedge": 1
        }
    },
    {
      "type": "weighted_target",
      "target": "decorative_blocks:oak_support",
      "output": {
        "everycomp:db/quark/azalea_support": 1,
        "everycomp:db/ecologics/coconut_support": 1,
        "everycomp:db/ecologics/flowering_azalea_support": 1
      }
    },
    {
      "type": "weighted_target",
      "target": "minecraft:end_stone_bricks",
      "output": {
        "everycomp:ap/ecologics/azalea_boards": 1,
        "everycomp:ap/ecologics/flowering_azalea_boards": 1
      }
    },
    {
      "type": "weighted_target",
      "target": "minecraft:end_stone_brick_stairs",
      "output": {
        "ecologics:azalea_stairs": 1,
        "ecologics:flowering_azalea_stairs": 1
      }
    },
    {
      "type": "weighted_target",
      "target": "minecraft:end_stone_brick_slab",
      "output": {
        "ecologics:azalea_slab": 1,
        "ecologics:flowering_azalea_slab": 1
      }
    },
    {
      "type": "weighted_target",
      "target": "minecraft:end_stone",
      "output": {
        "minecraft:flowering_azalea_leaves": 1
      }
    },
    {
      "type": "reference",
      "id": "the_vault:generic/room_base"
    },
    {
      "type": "reference",
      "id": "the_vault:generic/spawners/mushroom_mobs"
    },
    {
        "type": "reference",
        "id": "the_vault:generic/common_elite_spawners"
    }
  ],
  "entity_processors": [],
  "decorators": []
}