{
  "POOL": [
    {
      "value": {
        "id": "the_vault:vault_catalyst_infused",
        "nbt": "{model:8,modifiers:[\"the_vault:plentiful\",\"the_vault:random_negative\"],pool:\"the_vault:catalyst_box\",size:10}",
        "amountMin": 1,
        "amountMax": 1
      },
      "weight": 192
    },
    {
      "value": {
        "id": "the_vault:vault_catalyst_infused",
        "nbt": "{model:6,modifiers:[\"the_vault:extended\",\"the_vault:random_negative\"],pool:\"the_vault:catalyst_box\",size:10}",
        "amountMin": 1,
        "amountMax": 1
      },
      "weight": 192
    },
    {
      "value": {
        "id": "the_vault:vault_catalyst_infused",
        "nbt": "{model:3,modifiers:[\"the_vault:living_cascade\",\"the_vault:random_negative\"],pool:\"the_vault:catalyst_box\",size:10}",
        "amountMin": 1,
        "amountMax": 1
      },
      "weight": 192
    },
    {
      "value": {
        "id": "the_vault:vault_catalyst_infused",
        "nbt": "{model:5,modifiers:[\"the_vault:coin_cascade\",\"the_vault:random_negative\"],pool:\"the_vault:catalyst_box\",size:10}",
        "amountMin": 1,
        "amountMax": 1
      },
      "weight": 192
    },
    {
      "value": {
        "id": "the_vault:vault_catalyst_infused",
        "nbt": "{model:4,modifiers:[\"the_vault:ornate_cascade\",\"the_vault:random_negative\"],pool:\"the_vault:catalyst_box\",size:10}",
        "amountMin": 1,
        "amountMax": 1
      },
      "weight": 192
    },
    {
      "value": {
        "id": "the_vault:vault_catalyst_infused",
        "nbt": "{model:2,modifiers:[\"the_vault:gilded_cascade\",\"the_vault:random_negative\"],pool:\"the_vault:catalyst_box\",size:10}",
        "amountMin": 1,
        "amountMax": 1
      },
      "weight": 192
    },
    {
      "value": {
        "id": "the_vault:vault_catalyst_infused",
        "nbt": "{model:1,modifiers:[\"the_vault:wooden_cascade\",\"the_vault:random_negative\"],pool:\"the_vault:catalyst_box\",size:10}",
        "amountMin": 1,
        "amountMax": 1
      },
      "weight": 192
    },
    {
      "value": {
        "id": "the_vault:vault_catalyst_infused",
        "nbt": "{model:21,modifiers:[\"the_vault:champion_chance\"],pool:\"the_vault:catalyst_box\",size:10}",
        "amountMin": 1,
        "amountMax": 1
      },
      "weight": 72
    },
    {
      "value": {
        "id": "the_vault:vault_catalyst_infused",
        "nbt": "{model:18,modifiers:[\"the_vault:prismatic\",\"the_vault:random_negative\"],pool:\"the_vault:catalyst_box\",size:10}",
        "amountMin": 1,
        "amountMax": 1
      },
      "weight": 32
    },
    {
      "value": {
        "id": "the_vault:vault_catalyst_infused",
        "nbt": "{model:9,modifiers:[\"the_vault:soul_boost\",\"the_vault:random_negative\"],pool:\"the_vault:catalyst_box\",size:10}",
        "amountMin": 1,
        "amountMax": 1
      },
      "weight": 192
    },
    {
      "value": {
        "id": "the_vault:vault_catalyst_infused",
        "nbt": "{model:13,modifiers:[\"the_vault:coin_pile\",\"the_vault:random_negative\"],pool:\"the_vault:catalyst_box\",size:10}",
        "amountMin": 1,
        "amountMax": 1
      },
      "weight": 48
    },
    {
      "value": {
        "id": "the_vault:vault_catalyst_infused",
        "nbt": "{model:11,modifiers:[\"the_vault:living\",\"the_vault:random_negative\"],pool:\"the_vault:catalyst_box\",size:10}",
        "amountMin": 1,
        "amountMax": 1
      },
      "weight": 48
    },
    {
      "value": {
        "id": "the_vault:vault_catalyst_infused",
        "nbt": "{model:10,modifiers:[\"the_vault:gilded\",\"the_vault:random_negative\"],pool:\"the_vault:catalyst_box\",size:10}",
        "amountMin": 1,
        "amountMax": 1
      },
      "weight": 48
    },
    {
      "value": {
        "id": "the_vault:vault_catalyst_infused",
        "nbt": "{model:1,modifiers:[\"the_vault:wooden\",\"the_vault:random_negative\"],pool:\"the_vault:catalyst_box\",size:10}",
        "amountMin": 1,
        "amountMax": 1
      },
      "weight": 48
    },
    {
      "value": {
        "id": "the_vault:vault_catalyst_infused",
        "nbt": "{model:12,modifiers:[\"the_vault:ornate\",\"the_vault:random_negative\"],pool:\"the_vault:catalyst_box\",size:10}",
        "amountMin": 1,
        "amountMax": 1
      },
      "weight": 48
    },
    {
      "value": {
        "id": "the_vault:vault_catalyst_infused",
        "nbt": "{model:17,modifiers:[\"the_vault:hoard\",\"the_vault:random_negative\"],pool:\"the_vault:catalyst_box\",size:10}",
        "amountMin": 1,
        "amountMax": 1
      },
      "weight": 8
    },
    {
      "value": {
        "id": "the_vault:vault_catalyst_infused",
        "nbt": "{model:17,modifiers:[\"the_vault:pristine\",\"the_vault:random_negative\"],pool:\"the_vault:catalyst_box\",size:10}",
        "amountMin": 1,
        "amountMax": 1
      },
      "weight": 16
    },
    {
      "value": {
        "id": "the_vault:vault_catalyst_infused",
        "nbt": "{model:14,modifiers:[\"the_vault:energizing\",\"the_vault:random_negative\"],pool:\"the_vault:catalyst_box\",size:10}",
        "amountMin": 1,
        "amountMax": 1
      },
      "weight": 72
    },
    {
      "value": {
        "id": "the_vault:vault_catalyst_infused",
        "nbt": "{model:20,modifiers:[\"the_vault:copiously\",\"the_vault:random_negative\"],pool:\"the_vault:catalyst_box\",size:10}",
        "amountMin": 1,
        "amountMax": 1
      },
      "weight": 160
    },
    {
      "value": {
        "id": "the_vault:vault_catalyst_infused",
        "nbt": "{model:7,modifiers:[\"the_vault:xp_gain\",\"the_vault:random_negative\"],pool:\"the_vault:catalyst_box\",size:10}",
        "amountMin": 1,
        "amountMax": 1
      },
      "weight": 160
    },
    {
      "value": {
        "id": "the_vault:vault_catalyst_infused",
        "nbt": "{model:15,modifiers:[\"the_vault:enlighted\",\"the_vault:random_negative\"],pool:\"the_vault:catalyst_box\",size:10}",
        "amountMin": 1,
        "amountMax": 1
      },
      "weight": 24
    }
  ]
}