{"head":{"x":0,"y":20,"enabled":false,"halign":"LEFT","valign":"TOP"},"ring_2":{"x":0,"y":120,"enabled":false,"halign":"LEFT","valign":"TOP"},"blue_trinket":{"x":0,"y":60,"enabled":false,"halign":"LEFT","valign":"TOP"},"trinket":{"x":0,"y":40,"enabled":false,"halign":"LEFT","valign":"TOP"},"wallet":{"x":0,"y":80,"enabled":false,"halign":"LEFT","valign":"TOP"},"charm":{"x":0,"y":60,"enabled":false,"halign":"LEFT","valign":"TOP"},"ring":{"x":0,"y":100,"enabled":false,"halign":"LEFT","valign":"TOP"},"belt":{"x":123,"y":33,"enabled":true,"halign":"LEFT","valign":"BOTTOM"},"back":{"x":0,"y":140,"enabled":false,"halign":"LEFT","valign":"TOP"},"necklace":{"x":0,"y":160,"enabled":false,"halign":"LEFT","valign":"TOP"},"red_trinket":{"x":0,"y":200,"enabled":false,"halign":"LEFT","valign":"TOP"},"body":{"x":0,"y":180,"enabled":false,"halign":"LEFT","valign":"TOP"},"flight_ring":{"x":0,"y":240,"enabled":false,"halign":"LEFT","valign":"TOP"},"an_focus":{"x":0,"y":180,"enabled":false,"halign":"LEFT","valign":"TOP"},"hands":{"x":0,"y":80,"enabled":false,"halign":"LEFT","valign":"TOP"},"charm_2":{"x":0,"y":60,"enabled":false,"halign":"LEFT","valign":"TOP"}}