{
  "tile_processors": [
    {
      "type": "weighted_target",
      "target": "auxiliaryblocks:orange_plastic",
      "output": {
        "the_vault:idona_light_smooth_brick": 1
      }
    },
    {
      "type": "weighted_target",
      "target": "minecraft:yellow_terracotta",
      "output": {
        "the_vault:idona_dark_smooth_brick": 1
      }
    },
    {
      "type": "weighted_target",
      "target": "minecraft:black_concrete_powder",
      "output": {
        "the_vault:idona_dark_smooth_brick": 2,
        "the_vault:idona_gem_block": 1
      }
    },
    {
      "type": "weighted_target",
      "target": "simplylight:illuminant_block_on",
      "output": {
        "simplylight:illuminant_red_block_on": 1
      }
    },
    {
        "type": "reference",
        "id": "the_vault:gate_lock/base"
    }
  ],
  "entity_processors": [],
  "decorators": []
}