{
    "type": "minecraft:hoglin",
    "name": "entity.minecraft.hoglin",
    "name_color": "0x976797",
    "gui_scale": 1,
    "gui_x_offset": 0,
    "gui_y_offset": 0,
    "gui_z_offset": 0,
    "sim_cost": 256,
    "input": {
        "item": "hostilenetworks:empty_prediction"
    },
    "base_drop": {
        "item": "hostilenetworks:nether_prediction"
    },
    "trivia": "hostilenetworks.trivia.drowned",
    "fabricator_drops": [
        {
            "item": "minecraft:leather",
            "count": 32
        }
    ]
}