{
  "tile_processors": [
    {
      "type": "placeholder",
      "target": "WOODEN_CHEST",
      "levels": [
        {
          "level": 0,
          "probability": 1.0,
          "success": {
            "the_vault:wooden_chest{LootTable:\"the_vault:wooden_chest_lvl0_v3\"}": 76,
            "the_vault:gilded_chest{LootTable:\"the_vault:gilded_chest_lvl0_v3\"}": 8,
            "the_vault:living_chest{LootTable:\"the_vault:living_chest_lvl0_v3\"}": 8,
            "the_vault:ornate_chest{LootTable:\"the_vault:ornate_chest_lvl0_v3\"}": 8
          },
          "failure": {
            "minecraft:air": 1
          }
        },
        {
          "level": 10,
          "probability": 1.0,
          "success": {
            "the_vault:wooden_chest{LootTable:\"the_vault:wooden_chest_lvl0_v3\"}": 76,
            "the_vault:gilded_chest{LootTable:\"the_vault:gilded_chest_lvl0_v3\"}": 8,
            "the_vault:living_chest{LootTable:\"the_vault:living_chest_lvl10_v3\"}": 8,
            "the_vault:ornate_chest{LootTable:\"the_vault:ornate_chest_lvl0_v3\"}": 8
          },
          "failure": {
            "minecraft:air": 1
          }
        },
        {
          "level": 20,
          "probability": 1.0,
          "success": {
            "the_vault:wooden_chest{LootTable:\"the_vault:wooden_chest_lvl20_v3\"}": 76,
            "the_vault:gilded_chest{LootTable:\"the_vault:gilded_chest_lvl20_v3\"}": 8,
            "the_vault:living_chest{LootTable:\"the_vault:living_chest_lvl20_v3\"}": 8,
            "the_vault:ornate_chest{LootTable:\"the_vault:ornate_chest_lvl20_v3\"}": 8
          },
          "failure": {
            "minecraft:air": 1
          }
        },
        {
          "level": 30,
          "probability": 1.0,
          "success": {
            "the_vault:wooden_chest{LootTable:\"the_vault:wooden_chest_lvl30_v3\"}": 76,
            "the_vault:gilded_chest{LootTable:\"the_vault:gilded_chest_lvl20_v3\"}": 8,
            "the_vault:living_chest{LootTable:\"the_vault:living_chest_lvl30_v3\"}": 8,
            "the_vault:ornate_chest{LootTable:\"the_vault:ornate_chest_lvl30_v3\"}": 8
          },
          "failure": {
            "minecraft:air": 1
          }
        },
        {
          "level": 50,
          "probability": 1.0,
          "success": {
            "the_vault:wooden_chest{LootTable:\"the_vault:wooden_chest_lvl30_v3\"}": 1520,
            "the_vault:gilded_chest{LootTable:\"the_vault:gilded_chest_lvl20_v3\"}": 152,
            "the_vault:gilded_strongbox{LootTable:\"the_vault:gilded_strongbox_lvl50_v3\"}": 8,
            "the_vault:living_chest{LootTable:\"the_vault:living_chest_lvl50_v3\"}": 152,
            "the_vault:living_strongbox{LootTable:\"the_vault:living_strongbox_lvl50_v3\"}": 8,
            "the_vault:ornate_chest{LootTable:\"the_vault:ornate_chest_lvl50_v3\"}": 152,
            "the_vault:ornate_strongbox{LootTable:\"the_vault:ornate_strongbox_lvl50_v3\"}": 8
          },
          "failure": {
            "minecraft:air": 1
          }
        },
        {
          "level": 65,
          "probability": 1.0,
          "success": {
            "the_vault:wooden_chest{LootTable:\"the_vault:wooden_chest_lvl30_v3\"}": 1520,
            "the_vault:gilded_chest{LootTable:\"the_vault:gilded_chest_lvl20_v3\"}": 152,
            "the_vault:gilded_strongbox{LootTable:\"the_vault:gilded_strongbox_lvl50_v3\"}": 8,
            "the_vault:living_chest{LootTable:\"the_vault:living_chest_lvl50_v3\"}": 152,
            "the_vault:living_strongbox{LootTable:\"the_vault:living_strongbox_lvl50_v3\"}": 8,
            "the_vault:ornate_chest{LootTable:\"the_vault:ornate_chest_lvl65_v3\"}": 152,
            "the_vault:ornate_strongbox{LootTable:\"the_vault:ornate_strongbox_lvl65_v3\"}": 8
          },
          "failure": {
            "minecraft:air": 1
          }
        },
        {
          "level": 70,
          "probability": 1.0,
          "success": {
            "the_vault:wooden_chest{LootTable:\"the_vault:wooden_chest_lvl30_v3\"}": 1520,
            "the_vault:gilded_chest{LootTable:\"the_vault:gilded_chest_lvl20_v3\"}": 152,
            "the_vault:gilded_strongbox{LootTable:\"the_vault:gilded_strongbox_lvl50_v3\"}": 8,
            "the_vault:living_chest{LootTable:\"the_vault:living_chest_lvl70_v3\"}": 152,
            "the_vault:living_strongbox{LootTable:\"the_vault:living_strongbox_lvl70_v3\"}": 8,
            "the_vault:ornate_chest{LootTable:\"the_vault:ornate_chest_lvl65_v3\"}": 152,
            "the_vault:ornate_strongbox{LootTable:\"the_vault:ornate_strongbox_lvl65_v3\"}": 8
          },
          "failure": {
            "minecraft:air": 1
          }
        },
        {
          "level": 80,
          "probability": 1.0,
          "success": {
            "the_vault:wooden_chest{LootTable:\"the_vault:wooden_chest_lvl30_v3\"}": 912,
            "the_vault:gilded_chest{LootTable:\"the_vault:gilded_chest_lvl20_v3\"}": 760,
            "the_vault:gilded_strongbox{LootTable:\"the_vault:gilded_strongbox_lvl50_v3\"}": 8,
            "the_vault:living_chest{LootTable:\"the_vault:living_chest_lvl70_v3\"}": 760,
            "the_vault:living_strongbox{LootTable:\"the_vault:living_strongbox_lvl70_v3\"}": 8,
            "the_vault:ornate_chest{LootTable:\"the_vault:ornate_chest_lvl65_v3\"}": 760,
            "the_vault:ornate_strongbox{LootTable:\"the_vault:ornate_strongbox_lvl65_v3\"}": 8
          },
          "failure": {
            "minecraft:air": 1
          }
        },
        {
          "level": 100,
          "probability": 1.0,
          "success": {
            "the_vault:wooden_chest{LootTable:\"the_vault:wooden_chest_lvl30_v3\"}": 608,
            "the_vault:gilded_chest{LootTable:\"the_vault:gilded_chest_lvl20_v3\"}": 56,
            "the_vault:gilded_strongbox{LootTable:\"the_vault:gilded_strongbox_lvl50_v3\"}": 8,
            "the_vault:living_chest{LootTable:\"the_vault:living_chest_lvl70_v3\"}": 56,
            "the_vault:living_strongbox{LootTable:\"the_vault:living_strongbox_lvl70_v3\"}": 8,
            "the_vault:ornate_chest{LootTable:\"the_vault:ornate_chest_lvl65_v3\"}": 56,
            "the_vault:ornate_strongbox{LootTable:\"the_vault:ornate_strongbox_lvl65_v3\"}": 8
          },
          "failure": {
            "minecraft:air": 1
          }
        }
      ]
    }
  ]
}