{
  "type": "diy_vault",
  "starts": "the_vault:vault/starts/nether_warped_starts",
  "common_rooms": "the_vault:vault/rooms/nether_warped_common_rooms",
  "challenge_rooms": "the_vault:vault/rooms/challenge_rooms",
  "omega_rooms": "the_vault:vault/rooms/omega_rooms",
  "tunnels": "the_vault:vault/tunnels/nether_warped_tunnels",
  "ambient_light": 0.2,
  "fog_color": 2043957,
  "grass_color": 6659372,
  "foliage_color": 6659372,
  "water_color": 65280,
  "water_fog_color": 65280,
  "particle": "minecraft:warped_spore",
  "particle_probability": 0.02
}