{
  "tile_processors": [
    {
      "type": "reference",
      "id": "the_vault:generic/treasure_door_placeholder"
    },
    {
      "type": "weighted_target",
      "target": "minecraft:stone",
      "output": {
        "botania:sunny_quartz": 1,
        "auxiliaryblocks:yellow_pastel": 3,
        "auxiliaryblocks:smooth_yellow_pastel": 1
      }
    },
    {
      "type": "weighted_target",
      "target": "minecraft:cobblestone",
      "output": {
        "minecraft:snow_block": 1
      }
    },
    {
      "type": "weighted_target",
      "target": "minecraft:gray_concrete",
      "output": {
        "auxiliaryblocks:pink_pastel": 2,
        "auxiliaryblocks:smooth_pink_pastel": 1
      }
    },
    {
      "type": "weighted_target",
      "target": "minecraft:grass_block",
      "output": {
        "minecraft:moss_block": 75,
        "minecraft:green_concrete_powder":25
      }
    },
    {
      "type": "weighted_target",
      "target": "minecraft:dirt",
      "output": {
        "minecraft:green_concrete_powder": 1
      }
    },
    {
      "type": "weighted_target",
      "target": "minecraft:coarse_dirt",
      "output": {
        "quark:stripped_azalea_wood": 50,
        "everycomp:ap/quark/azalea_boards": 25,
        "quark:azalea_planks": 25
      }
    },
    {
      "type": "weighted_target",
      "target": "minecraft:stone_slab",
      "output": {
        "quark:midori_block_slab": 1
      }
    },
    {
      "type": "weighted_target",
      "target": "minecraft:cobblestone_slab",
      "output": {
        "botania:sunny_quartz_slab": 1
      }
    },
    {
      "type": "weighted_target",
      "target": "minecraft:spruce_slab",
      "output": {
        "quark:azalea_planks_slab": 1
      }
    },
    {
      "type": "weighted_target",
      "target": "minecraft:purple_wool",
      "output": {
        "auxiliaryblocks:yellow_gelatin": 2,
        "auxiliaryblocks:yellow_crystal": 3
      }
    },
    {
      "type": "weighted_target",
      "target": "minecraft:water",
      "output": {
        "minecraft:water": 1
      }
    },
    {
      "type": "weighted_target",
      "target": "minecraft:birch_log",
      "output": {
        "minecraft:air": 1
      }
    },
    {
      "type": "weighted_target",
      "target": "minecraft:birch_fence",
      "output": {
        "minecraft:air": 1
      }
    },
    {
      "type": "weighted_target",
      "target": "minecraft:warped_fence",
      "output": {
        "minecraft:birch_fence": 1
      }
    },
    {
      "type": "weighted_target",
      "target": "minecraft:warped_wart_block",
      "output": {
        "minecraft:snow_block": 1
      }
    },
    {
      "type": "weighted_target",
      "target": "minecraft:shroomlight",
      "output": {
        "auxiliaryblocks:yellow_gelatin": 2,
        "auxiliaryblocks:yellow_crystal": 3
      }
    },
    {
      "type": "weighted_target",
      "target": "architects_palette:twisted_fence",
      "output": {
        "minecraft:air": 1
      }
    },
    {
      "type": "weighted_target",
      "target": "minecraft:cave_vines_plant",
      "output": {
        "minecraft:air": 1
      }
    },
    {
      "type": "weighted_target",
      "target": "minecraft:cave_vines",
      "output": {
        "minecraft:air": 1
      }
    },
    {
      "type": "weighted_target",
      "target": "minecraft:spore_blossom",
      "output": {
        "minecraft:air": 1
      }
    },
    {
      "type": "weighted_target",
      "target": "minecraft:brown_wool",
      "output": {
        "minecraft:air": 1
      }
    },
    {
      "type": "weighted_target",
      "target": "minecraft:pink_wool",
      "output": {
        "minecraft:air": 1
      }
    },
    {
      "type": "weighted_target",
      "target": "minecraft:grass",
      "output": {
        "minecraft:white_tulip": 1,
        "minecraft:dandelion": 1,
        "minecraft:grass": 1,
        "the_vault:easter_egg[color=pink]": 1,
        "the_vault:easter_egg[color=yellow]": 1,
        "the_vault:easter_egg[color=green]": 1,
        "the_vault:easter_egg[color=purple]": 1,
        "the_vault:easter_egg[color=magenta]": 1,
        "the_vault:easter_egg[color=gold]": 1
      }
    },
    {
      "type": "weighted_target",
      "target": "minecraft:tall_grass[half=lower]",
      "output": {
        "minecraft:sunflower[half=lower]": 1
      }
    },
    {
      "type": "weighted_target",
      "target": "minecraft:tall_grass[half=upper]",
      "output": {
        "minecraft:sunflower[half=upper]": 1
      }
    },
    {
      "type": "weighted_target",
      "target": "minecraft:twisting_vines_plant",
      "output": {
        "auxiliaryblocks:lollipop_stick": 1
      }
    },
    {
      "type": "weighted_target",
      "target": "minecraft:twisting_vines",
      "output": {
        "auxiliaryblocks:lollipop_pink[face=down]": 1,
        "auxiliaryblocks:lollipop_blue[face=down]": 1,
        "auxiliaryblocks:lollipop_green[face=down]": 1
      }
    },
    {
      "type": "weighted_target",
      "target": "minecraft:fern",
      "output": {
        "quark:yellow_blossom_leaf_carpet": 1
      }
    },
    {
      "type": "weighted_target",
      "target": "minecraft:lime_wool",
      "output": {
        "auxiliaryblocks:yellow_gelatin": 2,
        "auxiliaryblocks:yellow_crystal": 3
      }
    },
    {
      "type": "weighted_target",
      "target": "minecraft:cyan_wool",
      "output": {
        "quark:yellow_corundum": 1,
        "quark:yellow_blossom_leaves": 1
      }
    },
    {
      "type": "weighted_target",
      "target": "minecraft:oak_log",
      "output": {
        "minecraft:stripped_birch_log": 1
      }
    },
    {
      "type": "weighted_target",
      "target": "minecraft:oak_wood",
      "output": {
        "minecraft:stripped_birch_wood": 1
      }
    },
    {
      "type": "weighted_target",
      "target": "minecraft:oak_leaves",
      "output": {
        "quark:yellow_blossom_leaves": 1
      }
    },
    {
      "type": "weighted_target",
      "target": "minecraft:oak_planks",
      "output": {
        "minecraft:birch_planks": 1
      }
    },
    {
      "type": "weighted_target",
      "target": "minecraft:oak_fence",
      "output": {
        "minecraft:birch_fence": 1
      }
    },
    {
      "type": "weighted_target",
      "target": "minecraft:oak_slab",
      "output": {
        "minecraft:birch_slab": 1
      }
    },
    {
      "type": "weighted_target",
      "target": "minecraft:oak_trapdoor",
      "output": {
        "mcwtrpdoors:birch_barn_trapdoor": 2,
        "mcwtrpdoors:birch_four_panel_trapdoor":2,
        "mcwtrpdoors:birch_classic_trapdoor": 1
      }
    },
    {
      "type": "weighted_target",
      "target": "minecraft:oak_stairs",
      "output": {
        "minecraft:birch_stairs": 1
      }
    },
    {
      "type": "weighted_target",
      "target": "minecraft:oak_fence_gate",
      "output": {
          "minecraft:birch_fence_gate": 1
      }
  },
  {
      "type": "weighted_target",
      "target": "minecraft:oak_door",
      "output": {
          "mcwdoors:birch_barn_door": 2,
          "mcwdoors:birch_classic_door": 1
      }
  },
    {
      "type": "weighted_target",
      "target": "minecraft:stone_bricks",
      "output": {
        "create:cut_calcite_bricks": 3,
        "create:polished_cut_calcite": 1
      }
    },
    {
      "type": "weighted_target",
      "target": "minecraft:stone_brick_stairs",
      "output": {
        "create:cut_calcite_brick_stairs": 3,
        "create:polished_cut_calcite_stairs": 1
      }
    },
    {
      "type": "weighted_target",
      "target": "create:andesite_pillar",
      "output": {
        "create:calcite_pillar": 1
      }
    },
    {
      "type": "weighted_target",
      "target": "minecraft:chiseled_stone_bricks",
      "output": {
        "create:small_calcite_bricks": 1
      }
    },
    {
      "type": "weighted_target",
      "target": "minecraft:stone_brick_slab",
      "output": {
        "create:cut_calcite_brick_slab": 3,
        "create:polished_cut_calcite_slab": 1
      }
    },
    {
      "type": "weighted_target",
      "target": "quark:stone_brick_vertical_slab",
      "output": {
        "quark:calcite_bricks_vertical_slab": 3,
        "quark:polished_calcite_vertical_slab": 1
      }
    },
    {
      "type": "weighted_target",
      "target": "quark:stone_vertical_slab",
      "output": {
        "quark:calcite_vertical_slab": 1
      }
    },
    {
      "type": "weighted_target",
      "target": "minecraft:stone_brick_wall",
      "output": {
        "create:cut_calcite_brick_wall": 3,
        "create:polished_cut_calcite_wall": 1
      }
    },
    {
      "type": "weighted_target",
      "target": "minecraft:cobblestone_wall",
      "output": {
        "twigs:calcite_wall": 1
      }
    },
    {
      "type": "weighted_target",
      "target": "minecraft:cobblestone_stairs",
      "output": {
        "create:cut_calcite_stairs": 1
      }
    },
    {
      "type": "weighted_target",
      "target": "minecraft:mossy_stone_bricks",
      "output": {
        "architects_palette:calcite_bricks": 1
      }
    },
    {
      "type": "weighted_target",
      "target": "minecraft:mossy_cobblestone",
      "output": {
        "minecraft:snow_block": 1
      }
    },
    {
      "type": "weighted_target",
      "target": "minecraft:green_concrete",
      "output": {
        "auxiliaryblocks:yellow_pastel": 1,
        "auxiliaryblocks:pink_pastel": 1
      }
    },
    {
      "type": "weighted_target",
      "target": "minecraft:magma_block",
      "output": {
        "minecraft:magma_block": 1
      }
    },
    {
      "type": "weighted_target",
      "target": "minecraft:lava",
      "output": {
        "minecraft:lava": 1
      }
    },
    {
      "type": "weighted_target",
      "target": "minecraft:moss_carpet",
      "output": {
        "minecraft:air": 1
      }
    },
    {
      "type": "weighted_target",
      "target": "decorative_blocks:brazier",
      "output": {
        "decorative_blocks:brazier": 1
      }
    },
    {
      "type": "weighted_target",
      "target": "minecraft:campfire",
      "output": {
        "minecraft:campfire": 1
      }
    },
    {
      "type": "weighted_target",
      "target": "minecraft:lantern",
      "output": {
        "architects_palette:nether_brass_lantern": 1
      }
    },
    {
      "type": "weighted_target",
      "target": "supplementaries:wall_lantern{Lantern:{Name:\"minecraft:lantern\"}}",
      "output": {
        "supplementaries:wall_lantern{Lantern:{Name:\"architects_palette:nether_brass_lantern\",Properties:{waterlogged:\"false\", hanging:\"false\"}}}": 1
      }
  },
    {
      "type": "weighted_target",
      "target": "minecraft:soul_lantern",
      "output": {
        "architects_palette:nether_brass_lantern": 1
      }
    },
    {
      "type": "weighted_target",
      "target": "minecraft:glass",
      "output": {
        "minecraft:light[level=15]": 1
      }
    },
    {
      "type": "weighted_target",
      "target": "minecraft:cyan_stained_glass",
      "output": {
        "minecraft:water": 1
      }
    },
    {
      "type": "weighted_target",
      "target": "minecraft:light_blue_stained_glass",
      "output": {
        "minecraft:water": 1
      }
    },
    {
      "type": "weighted_target",
      "target": "minecraft:bookshelf",
      "output": {
        "quark:birch_bookshelf": 1
      }
    },
    {
      "type": "weighted_target",
      "target": "ecologics:azalea_log",
      "output": {
        "minecraft:stripped_birch_log": 1
      }
    },
    {
      "type": "weighted_target",
      "target": "ecologics:azalea_fence",
      "output": {
        "minecraft:birch_fence": 1
      }
    },
    {
      "type": "weighted_target",
      "target": "create:cut_crimsite_wall",
      "output": {
        "quark:sandstone_bricks_wall": 1
      }
    },
    {
      "type": "weighted_target",
      "target": "quark:azalea_log",
      "output": {
        "create:calcite_pillar": 1
      }
    },
    {
      "type": "weighted_target",
      "target": "quark:azalea_planks",
      "output": {
        "create:cut_calcite_bricks": 1
      }
    },
    {
      "type": "weighted_target",
      "target": "quark:azalea_planks_stairs",
      "output": {
        "create:polished_cut_calcite_stairs": 1,
        "create:cut_calcite_brick_stairs":3
      }
    },
    {
      "type": "weighted_target",
      "target": "create:cut_veridium_wall",
      "output": {
        "create:polished_cut_calcite_wall": 1
      }
    },
    {
      "type": "weighted_target",
      "target": "minecraft:sand",
      "output": {
          "minecraft:yellow_concrete_powder": 1
      }
    },
    {
      "type": "weighted_target",
      "target": "minecraft:potted_oak_sapling",
      "output": {
          "minecraft:potted_white_tulip": 1,
          "minecraft:potted_dandelion": 1
        }
    },
    {
        "type": "weighted_target",
        "target": "quark:oak_hedge",
        "output": {
            "quark:azalea_hedge": 2,
            "quark:flowering_azalea_hedge": 1
        }
    },
    {
      "type": "weighted_target",
      "target": "decorative_blocks:oak_support",
      "output": {
        "decorative_blocks:birch_support": 1
      }
    },
    {
      "type": "weighted_target",
      "target": "minecraft:end_stone_bricks",
      "output": {
        "minecraft:yellow_terracotta": 1
      }
    },
    {
      "type": "weighted_target",
      "target": "minecraft:end_stone_brick_stairs",
      "output": {
        "quark:yellow_shingles_stairs": 1
      }
    },
    {
      "type": "weighted_target",
      "target": "minecraft:end_stone_brick_slab",
      "output": {
        "quark:yellow_shingles_slab": 1
      }
    },
    {
      "type": "weighted_target",
      "target": "minecraft:end_stone",
      "output": {
        "quark:yellow_shingles": 1
      }
    },
    {
      "type": "reference",
      "id": "the_vault:generic/room_base"
    },
    {
      "type": "reference",
      "id": "the_vault:generic/spawners/easter_mobs"
    },
    {
        "type": "reference",
        "id": "the_vault:generic/common_elite_spawners"
    },
    {
        "type": "template_stack_tile",
        "target": "@the_vault:vault_lootables",
        "stack": [
            "THEME_EASTER_EGG",
            "THEME_CATEGORY_EASTER"
        ]
    },
    {
        "type": "template_stack_spawner",
        "target": "ispawner:spawner",
        "stack": [
            "THEME_EASTER_EGG",
            "THEME_CATEGORY_EASTER"
        ]
    }
  ],
  "entity_processors": [],
  "decorators": []
}