{
  "tile_processors": [
    {
      "type": "weighted_target",
      "target": "auxiliaryblocks:light_gray_frameless_glass",
      "output": {
        "auxiliaryblocks:lime_frameless_glass": 1
      }
    },
    {
      "type": "weighted_target",
      "target": "auxiliaryblocks:lime_frameless_glass",
      "output": {
        "auxiliaryblocks:lime_frameless_glass": 1
      }
    },
    {
      "type": "weighted_target",
      "target": "auxiliaryblocks:magenta_frameless_glass",
      "output": {
        "auxiliaryblocks:lime_frameless_glass": 1
      }
    },
    {
      "type": "weighted_target",
      "target": "auxiliaryblocks:orange_frameless_glass",
      "output": {
        "auxiliaryblocks:lime_frameless_glass": 1
      }
    },
    {
      "type": "weighted_target",
      "target": "auxiliaryblocks:pink_frameless_glass",
      "output": {
        "auxiliaryblocks:lime_frameless_glass": 1
      }
    },
    {
      "type": "weighted_target",
      "target": "auxiliaryblocks:purple_frameless_glass",
      "output": {
        "auxiliaryblocks:lime_frameless_glass": 1
      }
    },
    {
      "type": "weighted_target",
      "target": "auxiliaryblocks:yellow_frameless_glass",
      "output": {
        "auxiliaryblocks:lime_frameless_glass": 1
      }
    },
    {
      "type": "weighted_target",
      "target": "minecraft:purple_stained_glass_pane",
      "output": {
        "minecraft:lime_stained_glass_pane": 1
      }
    },
    {
      "type": "weighted_target",
      "target": "minecraft:blue_stained_glass_pane",
      "output": {
        "minecraft:lime_stained_glass_pane": 1
      }
    },
    {
      "type": "weighted_target",
      "target": "minecraft:yellow_stained_glass_pane",
      "output": {
        "minecraft:lime_stained_glass_pane": 1
      }
    },
    {
      "type": "weighted_target",
      "target": "minecraft:orange_stained_glass_pane",
      "output": {
        "minecraft:lime_stained_glass_pane": 1
      }
    },
    {
      "type": "weighted_target",
      "target": "minecraft:lime_stained_glass_pane",
      "output": {
        "minecraft:lime_stained_glass_pane": 1
      }
    },
    {
      "type": "weighted_target",
      "target": "minecraft:green_stained_glass_pane",
      "output": {
        "minecraft:lime_stained_glass_pane": 1
      }
    },
    {
      "type": "weighted_target",
      "target": "minecraft:pink_stained_glass_pane",
      "output": {
        "minecraft:lime_stained_glass_pane": 1
      }
    },
    {
      "type": "weighted_target",
      "target": "minecraft:magenta_stained_glass_pane",
      "output": {
        "minecraft:lime_stained_glass_pane": 1
      }
    },
    {
      "type": "weighted_target",
      "target": "auxiliaryblocks:lime_gelatin",
      "output": {
        "auxiliaryblocks:lime_gelatin": 1
      }
    },
    {
      "type": "weighted_target",
      "target": "auxiliaryblocks:purple_gelatin",
      "output": {
        "auxiliaryblocks:lime_gelatin": 1
      }
    },
    {
      "type": "weighted_target",
      "target": "auxiliaryblocks:yellow_gelatin",
      "output": {
        "auxiliaryblocks:lime_gelatin": 1
      }
    },
    {
      "type": "weighted_target",
      "target": "auxiliaryblocks:lab_green",
      "output": {
        "auxiliaryblocks:lime_gelatin": 1
      }
    },
    {
      "type": "weighted_target",
      "target": "auxiliaryblocks:blue_crystal",
      "output": {
        "auxiliaryblocks:green_crystal": 1
      }
    },
    {
      "type": "weighted_target",
      "target": "auxiliaryblocks:green_crystal",
      "output": {
        "auxiliaryblocks:green_crystal": 1
      }
    },
    {
      "type": "weighted_target",
      "target": "auxiliaryblocks:indigo_crystal",
      "output": {
        "auxiliaryblocks:green_crystal": 1
      }
    },
    {
      "type": "weighted_target",
      "target": "auxiliaryblocks:orange_crystal",
      "output": {
        "auxiliaryblocks:green_crystal": 1
      }
    },
    {
      "type": "weighted_target",
      "target": "auxiliaryblocks:violet_crystal",
      "output": {
        "auxiliaryblocks:green_crystal": 1
      }
    },
    {
      "type": "weighted_target",
      "target": "botania:dry_grass",
      "output": {
        "botania:vivid_grass": 1
      }
    },
    {
      "type": "weighted_target",
      "target": "minecraft:moss_block",
      "output": {
        "minecraft:grass_block": 1
      }
    },
    {
      "type": "weighted_target",
      "target": "minecraft:tall_grass[half=lower]",
      "output": {
                "botania:green_double_flower[half=lower]": 1,
                "botania:lime_double_flower[half=lower]": 1
      }
    },
    {
      "type": "weighted_target",
      "target": "minecraft:tall_grass[half=upper]",
      "output": {
                "botania:green_double_flower[half=upper]": 1,
                "botania:lime_double_flower[half=upper]": 1
      }
    },
    {
      "type": "weighted_target",
      "target": "minecraft:lilac[half=lower]",
      "output": {
        "botania:green_double_flower[half=lower]": 1,
        "botania:lime_double_flower[half=lower]": 1
      }
    },
    {
      "type": "weighted_target",
      "target": "minecraft:lilac[half=upper]",
      "output": {
        "botania:green_double_flower[half=upper]": 1,
        "botania:lime_double_flower[half=upper]": 1
      }
    },
    {
      "type": "weighted_target",
      "target": "minecraft:poppy",
      "output": {
        "botania:green_shiny_flower": 1,
        "botania:lime_shiny_flower": 1
      }
    },
    {
      "type": "weighted_target",
      "target": "minecraft:dead_fire_coral",
      "output": {
        "botania:green_shiny_flower": 1,
        "botania:lime_shiny_flower": 1
      }
    },
    {
      "type": "weighted_target",
      "target": "minecraft:dead_bubble_coral",
      "output": {
        "botania:green_shiny_flower": 1,
        "botania:lime_shiny_flower": 1
      }
    },
    {
      "type": "weighted_target",
      "target": "minecraft:dead_brain_coral",
      "output": {
        "botania:green_shiny_flower": 1,
        "botania:lime_shiny_flower": 1
      }
    },
    {
      "type": "weighted_target",
      "target": "minecraft:dead_brain_coral_fan",
      "output": {
        "botania:green_shiny_flower": 1,
        "botania:lime_shiny_flower": 1
      }
    },
    {
      "type": "weighted_target",
      "target": "minecraft:dead_bubble_coral_fan",
      "output": {
        "botania:green_shiny_flower": 1,
        "botania:lime_shiny_flower": 1
      }
    },
    {
      "type": "weighted_target",
      "target": "botania:magenta_double_flower[half=lower]",
      "output": {
        "botania:lime_double_flower[half=lower]": 1
      }
    },
    {
      "type": "weighted_target",
      "target": "botania:magenta_double_flower[half=upper]",
      "output": {
        "botania:lime_double_flower[half=upper]": 1
      }
    },
    {
      "type": "weighted_target",
      "target": "botania:light_gray_double_flower[half=lower]",
      "output": {
        "botania:green_double_flower[half=lower]": 1
      }
    },
    {
      "type": "weighted_target",
      "target": "botania:light_gray_double_flower[half=upper]",
      "output": {
        "botania:green_double_flower[half=upper]": 1
      }
    },
    {
        "type": "reference",
        "id": "the_vault:gate_lock/base"
    }
  ],
  "entity_processors": [],
  "decorators": []
}