{
  "parent": "izzy_vault:soul/ember",
  "display": {
    "icon": {
      "item": "the_vault:ascension_forge"
    },
    "title": {"text": "Making Sparks from Embers"},
    "description": {"text": "Create an Ascension Forge"}
  },
  "criteria": {
    "craft_item": {
      "trigger": "minecraft:inventory_changed",
      "conditions": {
        "items": [
          {
            "items": [
              "the_vault:ascension_forge"
            ]
          }
        ]
      }
    }
  }
}