{
    "parent": "izzy_vault:soul/soul_plaque_3",
    "display": {
      "icon": {
        "item": "the_vault:soul_plaque",
        "nbt": "{CustomModelData:4}"
      },
      "title": {"text": "Soul Plaque - Level 4"},
      "description":{"text": "Recieve a Soul Plaque level 4 or above (12 completions or more)"},
      "announce_to_chat": false
    },
    "criteria": {
      "4": {
        "trigger": "minecraft:inventory_changed",
        "conditions": {
          "items": [
            {
              "items": [
                "the_vault:soul_plaque"
              ],
              "nbt": "{CustomModelData:4}"
            }
          ]
        }
      },
      "5": {
        "trigger": "minecraft:inventory_changed",
        "conditions": {
          "items": [
            {
              "items": [
                "the_vault:soul_plaque"
              ],
              "nbt": "{CustomModelData:5}"
            }
          ]
        }
      },
      "6": {
        "trigger": "minecraft:inventory_changed",
        "conditions": {
          "items": [
            {
              "items": [
                "the_vault:soul_plaque"
              ],
              "nbt": "{CustomModelData:6}"
            }
          ]
        }
      },
      "7": {
        "trigger": "minecraft:inventory_changed",
        "conditions": {
          "items": [
            {
              "items": [
                "the_vault:soul_plaque"
              ],
              "nbt": "{CustomModelData:7}"
            }
          ]
        }
      },
      "8": {
        "trigger": "minecraft:inventory_changed",
        "conditions": {
          "items": [
            {
              "items": [
                "the_vault:soul_plaque"
              ],
              "nbt": "{CustomModelData:8}"
            }
          ]
        }
      }
    },
    "requirements": [
        ["4","5","6","7","8"]
    ]
  }