[
    {
        "weight": 1,
        "value": {
          "template": "the_vault:vault/decor/generic/rare/3x3/wall1",
          "palettes": [ "the_vault:generic/spawners/rare_settings" ]
        }
      },
      {
        "weight": 1,
        "value": {
          "template": "the_vault:vault/decor/generic/rare/3x3/wall2",
          "palettes": [ "the_vault:generic/spawners/rare_settings" ]
        }
      },
      {
        "weight": 1,
        "value": {
          "template": "the_vault:vault/decor/generic/rare/3x3/wall3",
          "palettes": [ "the_vault:generic/spawners/rare_settings" ]
        }
      },
      {
        "weight": 1,
        "value": {
          "template": "the_vault:vault/decor/generic/rare/3x3/wall4",
          "palettes": [ "the_vault:generic/spawners/rare_settings" ]
        }
      },
      {
        "weight": 1,
        "value": {
          "template": "the_vault:vault/decor/generic/rare/3x3/wall5",
          "palettes": [ "the_vault:generic/spawners/rare_settings" ]
        }
      },
      {
        "weight": 1,
        "value": {
          "template": "the_vault:vault/decor/generic/rare/3x3/wall6",
          "palettes": [ "the_vault:generic/spawners/rare_settings" ]
        }
      },
      {
        "weight": 1,
        "value": {
          "template": "the_vault:vault/decor/generic/rare/3x3/wall7",
          "palettes": [ "the_vault:generic/spawners/rare_settings" ]
        }
      },
      {
        "weight": 1,
        "value": {
          "template": "the_vault:vault/decor/generic/rare/3x3/wall8",
          "palettes": [ "the_vault:generic/spawners/rare_settings" ]
        }
      },
      {
        "weight": 1,
        "value": {
          "template": "the_vault:vault/decor/generic/rare/3x3/wall9",
          "palettes": [ "the_vault:generic/spawners/rare_settings" ]
        }
      },
      {
        "weight": 1,
        "value": {
          "template": "the_vault:vault/decor/generic/rare/3x3/wall10",
          "palettes": [ "the_vault:generic/spawners/rare_settings" ]
        }
      }
]