{
  "tile_processors": [
    {
      "type": "placeholder",
      "target": "LIVING_CHEST",
      "levels": [
        {
          "level": 0,
          "probability": 1.0,
          "success": {
            "the_vault:living_chest{LootTable:\"the_vault:living_chest_lvl0\"}": 1
          },
          "failure": {
            "minecraft:air": 1
          }
        },
        {
          "level": 10,
          "probability": 1.0,
          "success": {
            "the_vault:living_chest{LootTable:\"the_vault:living_chest_lvl10\"}": 1
          },
          "failure": {
            "minecraft:air": 1
          }
        },
        {
          "level": 20,
          "probability": 1.0,
          "success": {
            "the_vault:living_chest{LootTable:\"the_vault:living_chest_lvl20\"}": 1
          },
          "failure": {
            "minecraft:air": 1
          }
        },
        {
          "level": 30,
          "probability": 1.0,
          "success": {
            "the_vault:living_chest{LootTable:\"the_vault:living_chest_lvl30\"}": 1
          },
          "failure": {
            "minecraft:air": 1
          }
        },
        {
          "level": 40,
          "probability": 1.0,
          "success": {
            "the_vault:living_chest{LootTable:\"the_vault:living_chest_lvl40\"}": 1
          },
          "failure": {
            "minecraft:air": 1
          }
        },
        {
          "level": 50,
          "probability": 1.0,
          "success": {
            "the_vault:living_chest{LootTable:\"the_vault:living_chest_lvl50\"}": 19,
            "the_vault:living_strongbox{LootTable:\"the_vault:living_strongbox_lvl50\"}": 1
          },
          "failure": {
            "minecraft:air": 1
          }
        },
        {
          "level": 60,
          "probability": 1.0,
          "success": {
            "the_vault:living_chest{LootTable:\"the_vault:living_chest_lvl60\"}": 19,
            "the_vault:living_strongbox{LootTable:\"the_vault:living_strongbox_lvl50\"}": 1
          },
          "failure": {
            "minecraft:air": 1
          }
        },
        {
          "level": 70,
          "probability": 1.0,
          "success": {
            "the_vault:living_chest{LootTable:\"the_vault:living_chest_lvl70\"}": 19,
            "the_vault:living_strongbox{LootTable:\"the_vault:living_strongbox_lvl70\"}": 1
          },
          "failure": {
            "minecraft:air": 1
          }
        },
        {
          "level": 80,
          "probability": 1.0,
          "success": {
            "the_vault:living_chest{LootTable:\"the_vault:living_chest_lvl70\"}": 19,
            "the_vault:living_strongbox{LootTable:\"the_vault:living_strongbox_lvl80\"}": 1
          },
          "failure": {
            "minecraft:air": 1
          }
        },
        {
          "level": 100,
          "probability": 1.0,
          "success": {
            "the_vault:living_chest{LootTable:\"the_vault:living_chest_lvl70\"}": 19,
            "the_vault:living_strongbox{LootTable:\"the_vault:living_strongbox_lvl80\"}": 1
          },
          "failure": {
            "minecraft:air": 1
          }
        }
      ]
    },
    {
      "type": "placeholder",
      "target": "LIVING_CHEST_WATERLOGGED",
      "levels": [
        {
          "level": 0,
          "probability": 1.0,
          "success": {
            "the_vault:living_chest[waterlogged=true]{LootTable:\"the_vault:living_chest_lvl0\"}": 1
          },
          "failure": {
            "minecraft:water": 1
          }
        },
        {
          "level": 10,
          "probability": 1.0,
          "success": {
            "the_vault:living_chest[waterlogged=true]{LootTable:\"the_vault:living_chest_lvl10\"}": 1
          },
          "failure": {
            "minecraft:water": 1
          }
        },
        {
          "level": 20,
          "probability": 1.0,
          "success": {
            "the_vault:living_chest[waterlogged=true]{LootTable:\"the_vault:living_chest_lvl20\"}": 1
          },
          "failure": {
            "minecraft:water": 1
          }
        },
        {
          "level": 30,
          "probability": 1.0,
          "success": {
            "the_vault:living_chest[waterlogged=true]{LootTable:\"the_vault:living_chest_lvl30\"}": 1
          },
          "failure": {
            "minecraft:water": 1
          }
        },
        {
          "level": 40,
          "probability": 1.0,
          "success": {
            "the_vault:living_chest[waterlogged=true]{LootTable:\"the_vault:living_chest_lvl40\"}": 1
          },
          "failure": {
            "minecraft:water": 1
          }
        },
        {
          "level": 50,
          "probability": 1.0,
          "success": {
            "the_vault:living_chest[waterlogged=true]{LootTable:\"the_vault:living_chest_lvl50\"}": 19,
            "the_vault:living_strongbox[waterlogged=true]{LootTable:\"the_vault:living_strongbox_lvl50\"}": 1
          },
          "failure": {
            "minecraft:water": 1
          }
        },
        {
          "level": 60,
          "probability": 1.0,
          "success": {
            "the_vault:living_chest[waterlogged=true]{LootTable:\"the_vault:living_chest_lvl60\"}": 19,
            "the_vault:living_strongbox[waterlogged=true]{LootTable:\"the_vault:living_strongbox_lvl50\"}": 1
          },
          "failure": {
            "minecraft:water": 1
          }
        },
        {
          "level": 70,
          "probability": 1.0,
          "success": {
            "the_vault:living_chest[waterlogged=true]{LootTable:\"the_vault:living_chest_lvl70\"}": 19,
            "the_vault:living_strongbox[waterlogged=true]{LootTable:\"the_vault:living_strongbox_lvl70\"}": 1
          },
          "failure": {
            "minecraft:water": 1
          }
        },
        {
          "level": 80,
          "probability": 1.0,
          "success": {
            "the_vault:living_chest[waterlogged=true]{LootTable:\"the_vault:living_chest_lvl70\"}": 19,
            "the_vault:living_strongbox[waterlogged=true]{LootTable:\"the_vault:living_strongbox_lvl70\"}": 1
          },
          "failure": {
            "minecraft:water": 1
          }
        },
        {
          "level": 100,
          "probability": 1.0,
          "success": {
            "the_vault:living_chest[waterlogged=true]{LootTable:\"the_vault:living_chest_lvl70\"}": 19,
            "the_vault:living_strongbox[waterlogged=true]{LootTable:\"the_vault:living_strongbox_lvl70\"}": 1
          },
          "failure": {
            "minecraft:water": 1
          }
        }
      ]
    }
  ]
}