[
  {
    "weight": 1,
    "value": {
      "template": "the_vault:vault/rooms/challenge/wildwest1",
      "palettes": ["the_vault:wildwest/base","the_vault:paradox/wildwest/idona"]
    }
  },
  {
    "weight": 1,
    "value": {
      "template": "the_vault:vault/rooms/challenge/wildwest2",
      "palettes": ["the_vault:wildwest/base","the_vault:paradox/wildwest/idona"]
    }
  },
  {
    "weight": 1,
    "value": {
      "template": "the_vault:vault/rooms/challenge/wildwest3",
      "palettes": ["the_vault:wildwest/base","the_vault:paradox/wildwest/idona"]
    }
  },
  {
    "weight": 1,
    "value": {
      "template": "the_vault:vault/rooms/challenge/wildwest4",
      "palettes": ["the_vault:wildwest/base","the_vault:paradox/wildwest/idona"]
    }
  }
]