{
    "parent": "izzy_vault:burger/feast",
    "display": {
      "icon": {
        "item": "the_vault:spicy_hearty_burger"
      },
      "title": {"text": "It was too cold before"},
      "description": {"text": "Craft a Spicy Hearty Burger"}
    },
    "criteria": {
      "craft_spicy_hearty_burger": {
        "trigger": "minecraft:inventory_changed",
        "conditions": {
          "items": [
            {
              "items": [
                "the_vault:spicy_hearty_burger"
              ]
            }
          ]
        }
      }
    }
}