[
  {
    "weight": 1,
    "value": {
      "template": "the_vault:vault/tunnels/tunnel1",
      "palettes": [
        "the_vault:universal_mushroom",
        "the_vault:generic/air_to_cave_air"
      ]
    }
  },
  {
    "weight": 1,
    "value": {
      "template": "the_vault:vault/tunnels/tunnel2",
      "palettes": [
        "the_vault:universal_mushroom",
        "the_vault:generic/air_to_cave_air"
      ]
    }
  },
  {
    "weight": 1,
    "value": {
      "template": "the_vault:vault/tunnels/tunnel3",
      "palettes": [
        "the_vault:universal_mushroom",
        "the_vault:generic/air_to_cave_air"
      ]
    }
  },
  {
    "weight": 1,
    "value": {
      "template": "the_vault:vault/tunnels/tunnel4",
      "palettes": [
        "the_vault:universal_mushroom",
        "the_vault:generic/air_to_cave_air"
      ]
    }
  },
  {
    "weight": 1,
    "value": {
      "template": "the_vault:vault/tunnels/tunnel5",
      "palettes": [
        "the_vault:universal_mushroom",
        "the_vault:generic/air_to_cave_air"
      ]
    }
  },
  {
    "weight": 1,
    "value": {
      "template": "the_vault:vault/tunnels/tunnel6",
      "palettes": [
        "the_vault:universal_mushroom",
        "the_vault:generic/air_to_cave_air"
      ]
    }
  }
]