[
  {
    "weight": 5,
    "reference": "the_vault:vault/rooms/paradox/velara/challenge/crystal_caves"
  },
  {
    "weight": 2,
    "reference": "the_vault:vault/rooms/paradox/velara/challenge/dragon"
  },
  {
    "weight": 10,
    "reference": "the_vault:vault/rooms/paradox/velara/challenge/village"
  },
  {
    "weight": 10,
    "reference": "the_vault:vault/rooms/paradox/velara/challenge/wildwest"
  },
  {
    "weight": 6,
    "reference": "the_vault:vault/rooms/paradox/velara/challenge/factory"
  },
  {
    "weight": 10,
    "reference": "the_vault:vault/rooms/paradox/velara/challenge/x-mark"
  },
  {
    "weight": 8,
    "reference": "the_vault:vault/rooms/paradox/velara/challenge/pirate_cave"
  }
]