{
    "parent": "izzy_vault:blocks/trophy",
    "display": {
      "icon": {
        "item": "the_vault:herald_trophy",
        "nbt": "{CustomModelData:3,BlockEntityTag:{Variant:'platinum'}}"
      },
      "title": {"text": "Speedrun Tactics"},
      "description": ["",{"text": "We can save 1 minute by doing a backwards long jump","italic": true},{"text": "\nGet the Platinum Trophy"}],
      "frame": "challenge",
      "hidden": true
    },
    "criteria": {
      "plat": {
        "trigger": "minecraft:inventory_changed",
        "conditions": {
          "items": [
            {
              "items": [
                "the_vault:herald_trophy"
              ],
              "nbt": "{BlockEntityTag:{CustomModelData:3,Variant:'platinum'}}"
            }
          ]
        }
      }
    },
    "requirements": [
        ["plat"]
    ]
  }