{
    "tile_processors": [
      {
        "type": "reference",
        "id": "the_vault:generic/spawners/generic_settings"
      },
      {
        "type": "leveled",
        "levels": [
          {
            "level": 0,
            "type": "weighted_target",
            "target": "ispawner:spawner",
            "output": {
              "ispawner:spawner{ Manager: { Settings: { SpawnDelay: 20 } } }": 1
            }
          }
        ]
      },
      {
        "type": "leveled",
        "levels": [
          {
            "level": 0,
            "type": "weighted_target",
            "target": "ispawner:spawner",
            "output": {
              "ispawner:spawner{ Manager: { Settings: { Attempts: 3 } } }": 1
            }
          },
          {
            "level": 65,
            "type": "weighted_target",
            "target": "ispawner:spawner",
            "output": {
              "ispawner:spawner{ Manager: { Settings: { Attempts: 4 } } }": 1
            }
          },
          {
            "level": 90,
            "type": "weighted_target",
            "target": "ispawner:spawner",
            "output": {
              "ispawner:spawner{ Manager: { Settings: { Attempts: 5 } } }": 1
            }
          }
        ]
      },
      {
        "type": "leveled",
        "levels": [
          {
            "level": 0,
            "type": "weighted_target",
            "target": "ispawner:spawner",
            "output": {
              "ispawner:spawner{ Manager: { Settings: { PlayerRadius: 10 } } }": 1
            }
          }
        ]
      },
      {
        "type": "leveled",
        "levels": [
            {
                "level": 0,
                "type": "weighted_target",
                "target": "ispawner:spawner",
                "output": {
                    "ispawner:spawner{ Manager:{ UsesLeft:2 } }": 1,
                    "ispawner:spawner{ Manager:{ UsesLeft:1 } }": 4
                }
            },
            {
              "level": 20,
              "type": "weighted_target",
              "target": "ispawner:spawner",
              "output": {
                  "ispawner:spawner{ Manager:{ UsesLeft:1 } }": 1,
                  "ispawner:spawner{ Manager:{ UsesLeft:2 } }": 3
              }
            },
            {
              "level": 50,
              "type": "weighted_target",
              "target": "ispawner:spawner",
              "output": {
                  "ispawner:spawner{ Manager:{ UsesLeft:2 } }": 1,
                  "ispawner:spawner{ Manager:{ UsesLeft:3 } }": 3
              }
            },
            {
              "level": 90,
              "type": "weighted_target",
              "target": "ispawner:spawner",
              "output": {
                  "ispawner:spawner{ Manager:{ UsesLeft:4 } }": 1,
                  "ispawner:spawner{ Manager:{ UsesLeft:3 } }": 3
              }
            }
          ]
      },
      {
        "type": "reference",
        "id": "the_vault:generic/spawners/challenge_mobs"
      }
    ],
    "entity_processors": [],
    "decorators": []
  }