{
    "parent": "izzy_vault:materials/vault_dust",
    "display": {
      "icon": {
        "item": "the_vault:empty_flask"
      },
      "title": {"text": "Empty Bottle of Sorrows"},
      "description": {"text": "Find an Empty Flask"},
      "announce_to_chat": false
    },
    "criteria": {
      "craft_item": {
        "trigger": "minecraft:inventory_changed",
        "conditions": {
          "items": [
            {
              "items": [
                "the_vault:empty_flask"
              ]
            }
          ]
        }
      }
    }
  }