{
	"credit": "Made with Blockbench",
	"texture_size": [64, 64],
	"textures": {
		"0": "the_vault:block/potion_workbench",
		"particle": "the_vault:block/potion_workbench"
	},
	"elements": [
		{
			"from": [1, 0, 1],
			"to": [15, 3, 15],
			"faces": {
				"north": {"uv": [4, 3.5, 7.5, 4.25], "texture": "#0"},
				"east": {"uv": [4, 3.5, 7.5, 4.25], "texture": "#0"},
				"south": {"uv": [4, 3.5, 7.5, 4.25], "texture": "#0"},
				"west": {"uv": [4, 3.5, 7.5, 4.25], "texture": "#0"},
				"up": {"uv": [4, 0, 7.5, 3.5], "texture": "#0"},
				"down": {"uv": [4, 4.25, 7.5, 7.75], "texture": "#0"}
			}
		},
		{
			"from": [2, 3, 2],
			"to": [14, 4, 14],
			"faces": {
				"north": {"uv": [7.5, 3, 10.5, 3.25], "texture": "#0"},
				"east": {"uv": [7.5, 3, 10.5, 3.25], "texture": "#0"},
				"south": {"uv": [7.5, 3, 10.5, 3.25], "texture": "#0"},
				"west": {"uv": [7.5, 3, 10.5, 3.25], "texture": "#0"},
				"up": {"uv": [7.5, 0, 10.5, 3], "texture": "#0"},
				"down": {"uv": [7.5, 0, 10.5, 3], "texture": "#0"}
			}
		},
		{
			"from": [0, 4, 0],
			"to": [16, 8, 16],
			"faces": {
				"north": {"uv": [0, 4, 4, 5], "texture": "#0"},
				"east": {"uv": [0, 4, 4, 5], "texture": "#0"},
				"south": {"uv": [0, 4, 4, 5], "texture": "#0"},
				"west": {"uv": [0, 4, 4, 5], "texture": "#0"},
				"up": {"uv": [0, 0, 4, 4], "texture": "#0"},
				"down": {"uv": [0, 5, 4, 9], "texture": "#0"}
			}
		},
		{
			"from": [11, 8, 11],
			"to": [15, 13, 15],
			"faces": {
				"north": {"uv": [7.5, 4.25, 8.5, 5.5], "texture": "#0"},
				"east": {"uv": [7.5, 4.25, 8.5, 5.5], "texture": "#0"},
				"south": {"uv": [7.5, 4.25, 8.5, 5.5], "texture": "#0"},
				"west": {"uv": [7.5, 4.25, 8.5, 5.5], "texture": "#0"},
				"up": {"uv": [7.5, 3.25, 8.5, 4.25], "texture": "#0"},
				"down": {"uv": [7.5, 3.25, 8.5, 4.25], "texture": "#0"}
			}
		},
		{
			"from": [1, 8, 1],
			"to": [5, 12, 5],
			"faces": {
				"north": {"uv": [8.5, 4.25, 9.5, 5.25], "texture": "#0"},
				"east": {"uv": [8.5, 4.25, 9.5, 5.25], "texture": "#0"},
				"south": {"uv": [8.5, 4.25, 9.5, 5.25], "texture": "#0"},
				"west": {"uv": [8.5, 4.25, 9.5, 5.25], "texture": "#0"},
				"up": {"uv": [8.5, 3.25, 9.5, 4.25], "texture": "#0"},
				"down": {"uv": [8.5, 3.25, 9.5, 4.25], "texture": "#0"}
			}
		},
		{
			"from": [2, 12, 2],
			"to": [4, 13, 4],
			"faces": {
				"north": {"uv": [4.75, 8.25, 5.25, 8.5], "texture": "#0"},
				"east": {"uv": [4.75, 8.25, 5.25, 8.5], "texture": "#0"},
				"south": {"uv": [4.75, 8.25, 5.25, 8.5], "texture": "#0"},
				"west": {"uv": [4.75, 8.25, 5.25, 8.5], "texture": "#0"},
				"up": {"uv": [4.75, 7.75, 5.25, 8.25], "texture": "#0"},
				"down": {"uv": [4.75, 7.75, 5.25, 8.25], "texture": "#0"}
			}
		},
		{
			"from": [12, 13, 12],
			"to": [14, 14, 14],
			"faces": {
				"north": {"uv": [4.75, 8.25, 5.25, 8.5], "texture": "#0"},
				"east": {"uv": [4.75, 8.25, 5.25, 8.5], "texture": "#0"},
				"south": {"uv": [4.75, 8.25, 5.25, 8.5], "texture": "#0"},
				"west": {"uv": [4.75, 8.25, 5.25, 8.5], "texture": "#0"},
				"up": {"uv": [4.75, 7.75, 5.25, 8.25], "texture": "#0"},
				"down": {"uv": [4.75, 7.75, 5.25, 8.25], "texture": "#0"}
			}
		},
		{
			"from": [1.5, 13, 1.5],
			"to": [4.5, 14, 4.5],
			"faces": {
				"north": {"uv": [4, 8.5, 4.75, 8.75], "texture": "#0"},
				"east": {"uv": [4, 8.5, 4.75, 8.75], "texture": "#0"},
				"south": {"uv": [4, 8.5, 4.75, 8.75], "texture": "#0"},
				"west": {"uv": [4, 8.5, 4.75, 8.75], "texture": "#0"},
				"up": {"uv": [4, 7.75, 4.75, 8.5], "texture": "#0"},
				"down": {"uv": [4, 7.75, 4.75, 8.5], "texture": "#0"}
			}
		},
		{
			"from": [11.5, 14, 11.5],
			"to": [14.5, 15, 14.5],
			"faces": {
				"north": {"uv": [4, 8.5, 4.75, 8.75], "texture": "#0"},
				"east": {"uv": [4, 8.5, 4.75, 8.75], "texture": "#0"},
				"south": {"uv": [4, 8.5, 4.75, 8.75], "texture": "#0"},
				"west": {"uv": [4, 8.5, 4.75, 8.75], "texture": "#0"},
				"up": {"uv": [4, 7.75, 4.75, 8.5], "texture": "#0"},
				"down": {"uv": [4, 7.75, 4.75, 8.5], "texture": "#0"}
			}
		}
	],
	"display": {
		"thirdperson_righthand": {
			"rotation": [75, 45, 0],
			"translation": [0, 2.5, 0],
			"scale": [0.375, 0.375, 0.375]
		},
		"thirdperson_lefthand": {
			"rotation": [75, 45, 0],
			"translation": [0, 2.5, 0],
			"scale": [0.375, 0.375, 0.375]
		},
		"firstperson_righthand": {
			"rotation": [0, 45, 0],
			"scale": [0.4, 0.4, 0.4]
		},
		"firstperson_lefthand": {
			"rotation": [0, 225, 0],
			"scale": [0.4, 0.4, 0.4]
		},
		"ground": {
			"translation": [0, 3, 0],
			"scale": [0.25, 0.25, 0.25]
		},
		"gui": {
			"rotation": [30, 225, 0],
			"scale": [0.625, 0.625, 0.625]
		},
		"fixed": {
			"scale": [0.5, 0.5, 0.5]
		}
	}
}