{
	"credit": "Made with Blockbench",
	"texture_size": [64, 64],
	"textures": {
		"0": "the_vault:block/modifier_discovery",
		"particle": "the_vault:block/modifier_discovery"
	},
	"elements": [
		{
			"from": [1, 8, 11],
			"to": [5, 12, 15],
			"faces": {
				"north": {"uv": [9.5, 0, 10.5, 1], "texture": "#0"},
				"east": {"uv": [9.5, 0, 10.5, 1], "texture": "#0"},
				"south": {"uv": [9.5, 0, 10.5, 1], "texture": "#0"},
				"west": {"uv": [9.5, 0, 10.5, 1], "texture": "#0"},
				"up": {"uv": [9.5, 1, 10.5, 2], "texture": "#0"},
				"down": {"uv": [9.5, 1, 10.5, 2], "texture": "#0"}
			}
		},
		{
			"from": [1, 0, 1],
			"to": [15, 4, 15],
			"faces": {
				"north": {"uv": [4, 3.5, 7.5, 4.5], "texture": "#0"},
				"east": {"uv": [4, 3.5, 7.5, 4.5], "texture": "#0"},
				"south": {"uv": [4, 3.5, 7.5, 4.5], "texture": "#0"},
				"west": {"uv": [4, 3.5, 7.5, 4.5], "texture": "#0"},
				"up": {"uv": [4, 0, 7.5, 3.5], "texture": "#0"},
				"down": {"uv": [4, 4.5, 7.5, 8], "texture": "#0"}
			}
		},
		{
			"from": [4, 4, 4],
			"to": [12, 6, 12],
			"faces": {
				"north": {"uv": [7.5, 2, 9.5, 2.5], "texture": "#0"},
				"east": {"uv": [7.5, 2, 9.5, 2.5], "texture": "#0"},
				"south": {"uv": [7.5, 2, 9.5, 2.5], "texture": "#0"},
				"west": {"uv": [7.5, 2, 9.5, 2.5], "texture": "#0"},
				"up": {"uv": [7.5, 0, 9.5, 2], "texture": "#0"},
				"down": {"uv": [7.5, 0, 9.5, 2], "texture": "#0"}
			}
		},
		{
			"from": [0, 12, 0],
			"to": [16, 16, 16],
			"faces": {
				"north": {"uv": [0, 4, 4, 5], "texture": "#0"},
				"east": {"uv": [0, 4, 4, 5], "texture": "#0"},
				"south": {"uv": [0, 4, 4, 5], "texture": "#0"},
				"west": {"uv": [0, 4, 4, 5], "texture": "#0"},
				"up": {"uv": [0, 0, 4, 4], "texture": "#0"},
				"down": {"uv": [0, 5, 4, 9], "texture": "#0"}
			}
		},
		{
			"from": [5, 5, 5],
			"to": [11, 11, 11],
			"faces": {
				"north": {"uv": [7.5, 4, 9, 5.5], "texture": "#0"},
				"east": {"uv": [7.5, 4, 9, 5.5], "texture": "#0"},
				"south": {"uv": [7.5, 4, 9, 5.5], "texture": "#0"},
				"west": {"uv": [7.5, 4, 9, 5.5], "texture": "#0"},
				"up": {"uv": [7.5, 2.5, 9, 4], "texture": "#0"},
				"down": {"uv": [7.5, 2.5, 9, 4], "texture": "#0"}
			}
		},
		{
			"from": [4, 10, 4],
			"to": [12, 12, 12],
			"faces": {
				"north": {"uv": [7.5, 2, 9.5, 2.5], "texture": "#0"},
				"east": {"uv": [7.5, 2, 9.5, 2.5], "texture": "#0"},
				"south": {"uv": [7.5, 2, 9.5, 2.5], "texture": "#0"},
				"west": {"uv": [7.5, 2, 9.5, 2.5], "texture": "#0"},
				"up": {"uv": [7.5, 0, 9.5, 2], "texture": "#0"},
				"down": {"uv": [7.5, 0, 9.5, 2], "texture": "#0"}
			}
		},
		{
			"from": [1, 8, 1],
			"to": [5, 12, 5],
			"faces": {
				"north": {"uv": [9.5, 0, 10.5, 1], "texture": "#0"},
				"east": {"uv": [9.5, 0, 10.5, 1], "texture": "#0"},
				"south": {"uv": [9.5, 0, 10.5, 1], "texture": "#0"},
				"west": {"uv": [9.5, 0, 10.5, 1], "texture": "#0"},
				"up": {"uv": [9.5, 1, 10.5, 2], "texture": "#0"},
				"down": {"uv": [9.5, 1, 10.5, 2], "texture": "#0"}
			}
		},
		{
			"from": [11, 8, 1],
			"to": [15, 12, 5],
			"faces": {
				"north": {"uv": [9.5, 0, 10.5, 1], "texture": "#0"},
				"east": {"uv": [9.5, 0, 10.5, 1], "texture": "#0"},
				"south": {"uv": [9.5, 0, 10.5, 1], "texture": "#0"},
				"west": {"uv": [9.5, 0, 10.5, 1], "texture": "#0"},
				"up": {"uv": [9.5, 1, 10.5, 2], "texture": "#0"},
				"down": {"uv": [9.5, 1, 10.5, 2], "texture": "#0"}
			}
		},
		{
			"from": [11, 8, 11],
			"to": [15, 12, 15],
			"faces": {
				"north": {"uv": [9.5, 0, 10.5, 1], "texture": "#0"},
				"east": {"uv": [9.5, 0, 10.5, 1], "texture": "#0"},
				"south": {"uv": [9.5, 0, 10.5, 1], "texture": "#0"},
				"west": {"uv": [9.5, 0, 10.5, 1], "texture": "#0"},
				"up": {"uv": [9.5, 1, 10.5, 2], "texture": "#0"},
				"down": {"uv": [9.5, 1, 10.5, 2], "texture": "#0"}
			}
		},
		{
			"from": [-0.05, 6.05, -0.05],
			"to": [16.05, 16.05, 16.05],
			"faces": {
				"north": {"uv": [10.5, 4, 14.5, 6.5], "texture": "#0"},
				"east": {"uv": [10.5, 4, 14.5, 6.5], "texture": "#0"},
				"south": {"uv": [10.5, 4, 14.5, 6.5], "texture": "#0"},
				"west": {"uv": [10.5, 4, 14.5, 6.5], "texture": "#0"},
				"up": {"uv": [10.5, 0, 14.5, 4], "texture": "#0"},
				"down": {"uv": [12, 12, 16, 16], "texture": "#0"}
			}
		}
	],
	"display": {
		"thirdperson_righthand": {
			"rotation": [75, 45, 0],
			"translation": [0, 2.5, 0],
			"scale": [0.375, 0.375, 0.375]
		},
		"firstperson_righthand": {
			"rotation": [0, 45, 0],
			"scale": [0.4, 0.4, 0.4]
		},
		"ground": {
			"scale": [0.25, 0.25, 0.25]
		},
		"gui": {
			"rotation": [30, 225, 0],
			"scale": [0.625, 0.625, 0.625]
		},
		"head": {
			"translation": [0, -2, 0]
		},
		"fixed": {
			"scale": [0.5, 0.5, 0.5]
		}
	}
}