[
  {
    "weight": 1,
    "value": {
      "template": "the_vault:vault/decor/generic/epic/5x5/burrow1",
      "palettes": [ "the_vault:generic/spawners/epic_settings" ]
    }
  },
  {
    "weight": 1,
    "value": {
      "template": "the_vault:vault/decor/generic/epic/5x5/burrow2",
      "palettes": [ "the_vault:generic/spawners/epic_settings" ]
    }
  },
  {
    "weight": 1,
    "value": {
      "template": "the_vault:vault/decor/generic/epic/5x5/burrow3",
      "palettes": [ "the_vault:generic/spawners/epic_settings" ]
    }
  },
  {
    "weight": 1,
    "value": {
      "template": "the_vault:vault/decor/generic/epic/5x5/burrow4",
      "palettes": [ "the_vault:generic/spawners/epic_settings" ]
    }
  },
  {
    "weight": 1,
    "value": {
      "template": "the_vault:vault/decor/generic/epic/5x5/burrow5",
      "palettes": [ "the_vault:generic/spawners/epic_settings" ]
    }
  },
  {
    "weight": 1,
    "value": {
      "template": "the_vault:vault/decor/generic/epic/5x5/burrow6",
      "palettes": [ "the_vault:generic/spawners/epic_settings" ]
    }
  }
]