{
  "tile_processors": [
    {
      "type": "reference",
      "id": "the_vault:generic/room_base"
    },
    {
      "type": "weighted_target",
      "target": "minecraft:light_blue_wool",
      "output": {
        "the_vault:cube_block[color=blue]{LootTable:\"the_vault:cube_block_lvl0\"}": 1
      }
    },
    {
      "type": "weighted_target",
      "target": "minecraft:yellow_wool",
      "output": {
        "the_vault:cube_block[color=yellow]{LootTable:\"the_vault:cube_block_lvl0\"}": 1
      }
    },
    {
      "type": "weighted_target",
      "target": "minecraft:lime_wool",
      "output": {
        "the_vault:cube_block[color=green]{LootTable:\"the_vault:cube_block_lvl0\"}": 1
      }
    },
    {
      "type": "weighted_target",
      "target": "minecraft:red_wool",
      "output": {
        "the_vault:cube_block[color=red]{LootTable:\"the_vault:cube_block_lvl0\"}": 1
      }
    }
  ],
  "entity_processors": [],
  "decorators": []
}