{
  "POOL": [
    {
      "value": {
        "id": "minecraft:diamond",
        "nbt": "{}",
        "amountMin": 1,
        "amountMax": 8
      },
      "weight": 256
    },
    {
      "value": {
        "id": "minecraft:emerald",
        "nbt": "{}",
        "amountMin": 1,
        "amountMax": 8
      },
      "weight": 256
    },
    {
      "value": {
        "id": "the_vault:gem_larimar",
        "nbt": "{}",
        "amountMin": 1,
        "amountMax": 8
      },
      "weight": 128
    },
    {
      "value": {
        "id": "the_vault:gem_benitoite",
        "nbt": "{}",
        "amountMin": 1,
        "amountMax": 4
      },
      "weight": 64
    },
    {
      "value": {
        "id": "the_vault:gem_painite",
        "nbt": "{}",
        "amountMin": 1,
        "amountMax": 2
      },
      "weight": 32
    },
    {
      "value": {
        "id": "the_vault:gem_black_opal",
        "nbt": "{}",
        "amountMin": 1,
        "amountMax": 1
      },
      "weight": 16
    },
    {
      "value": {
        "id": "the_vault:gem_echo",
        "nbt": "{}",
        "amountMin": 1,
        "amountMax": 1
      },
      "weight": 8
    },
    {
      "value": {
        "id": "the_vault:vault_platinum",
        "nbt": "{}",
        "amountMin": 1,
        "amountMax": 1
      },
      "weight": 8
    },
    {
      "value": {
        "id": "the_vault:vault_palladium",
        "nbt": "{}",
        "amountMin": 1,
        "amountMax": 1
      },
      "weight": 1
    },
    {
      "value": {
        "id": "the_vault:gem_pog",
        "nbt": "{}",
        "amountMin": 1,
        "amountMax": 2
      },
      "weight": 1
    }
  ]
}