{
  "tile_processors": [
    {
      "type": "weighted_target",
      "target": "minecraft:deepslate_tiles",
      "output": {
        "the_vault:wendarr_brick_chiseled": 1,
        "the_vault:wendarr_dark_smooth_brick": 2,
        "the_vault:wendarr_gem_block": 1
      }
    },
	{
      "type": "weighted_target",
      "target": "minecraft:deepslate_tile_slab",
      "output": {
        "architects_palette:oak_board_slab": 1
      }
    },
	{
      "type": "weighted_target",
      "target": "minecraft:deepslate_tile_stairs",
      "output": {
        "architects_palette:oak_board_stairs": 1
      }
    },
	{
      "type": "weighted_target",
      "target": "minecraft:deepslate_tile_wall",
      "output": {
        "architects_palette:oak_board_wall": 1
      }
    },
    {
      "type": "weighted_target",
      "target": "minecraft:cracked_deepslate_tiles",
      "output": {
        "the_vault:wendarr_brick_chiseled": 1,
        "the_vault:wendarr_dark_smooth_brick": 2,
        "the_vault:wendarr_gem_block": 1
      }
    },
    {
      "type": "weighted_target",
      "target": "minecraft:deepslate_bricks",
      "output": {
        "the_vault:wendarr_brick_chiseled": 7,
        "the_vault:wendarr_brick": 1
      }
    },
    {
      "type": "weighted_target",
      "target": "minecraft:deepslate_brick_slab",
      "output": {
        "architects_palette:oak_board_slab": 1
      }
    },
    {
      "type": "weighted_target",
      "target": "minecraft:deepslate_brick_stairs",
      "output": {
        "architects_palette:oak_board_stairs": 1
      }
    },
    {
      "type": "weighted_target",
      "target": "minecraft:cracked_deepslate_bricks",
      "output": {
        "the_vault:wendarr_brick_chiseled": 7,
        "the_vault:wendarr_brick": 1
      }
    },
    {
      "type": "weighted_target",
      "target": "minecraft:cobbled_deepslate",
      "output": {
        "the_vault:wendarr_light_smooth_brick": 1
      }
    },
	{
      "type": "weighted_target",
      "target": "minecraft:cobbled_deepslate_wall",
      "output": {
        "architects_palette:oak_board_wall": 1
      }
    },
    {
      "type": "weighted_target",
      "target": "quark:red_shingles",
      "output": {
        "quark:yellow_shingles": 1
      }
    },
    {
      "type": "weighted_target",
      "target": "quark:red_shingles_slab",
      "output": {
        "quark:yellow_shingles_slab": 1
      }
    },
    {
      "type": "weighted_target",
      "target": "quark:red_shingles_stairs",
      "output": {
        "quark:yellow_shingles_stairs": 1
      }
    },
    {
      "type": "weighted_target",
      "target": "minecraft:red_terracotta",
      "output": {
        "minecraft:yellow_terracotta": 1
      }
    },
    {
      "type": "weighted_target",
      "target": "minecraft:nether_bricks",
      "output": {
        "quark:red_sandstone_bricks": 1
      }
    },
    {
      "type": "weighted_target",
      "target": "minecraft:nether_brick_slab",
      "output": {
        "quark:red_sandstone_bricks_slab": 1
      }
    },
    {
      "type": "weighted_target",
      "target": "minecraft:nether_brick_stairs",
      "output": {
        "quark:red_sandstone_bricks_stairs": 1
      }
    },
    {
      "type": "weighted_target",
      "target": "minecraft:netherrack",
      "output": {
        "architects_palette:cod_scales": 1
      }
    },
    {
      "type": "weighted_target",
      "target": "minecraft:red_nether_bricks",
      "output": {
        "create:cut_ochrum_bricks": 1
      }
    },
    {
      "type": "weighted_target",
      "target": "minecraft:red_nether_brick_slab",
      "output": {
        "create:cut_ochrum_brick_slab": 1
      }
    },
    {
      "type": "weighted_target",
      "target": "minecraft:red_nether_brick_stairs",
      "output": {
        "create:cut_ochrum_brick_stairs": 1
      }
    },
    {
      "type": "weighted_target",
      "target": "minecraft:oxidized_cut_copper_slab",
      "output": {
        "create:polished_cut_veridium_slab": 1
      }
    },
    {
        "type": "reference",
        "id": "the_vault:gate_lock/base"
    }
  ],
  "entity_processors": [],
  "decorators": []
}