{
  "tile_processors": [
    {
      "type": "placeholder",
      "target": "ORE",
      "levels": [
        {
          "level": 0,
          "probability": 0.05,
          "success": {
            
            "the_vault:ore_larimar[type=white,generated=true]": 400,
            "the_vault:ore_benitoite[type=white,generated=true]": 80,
            "the_vault:ore_wutodie[type=white,generated=true]": 40,
            "the_vault:ore_alexandrite[type=white,generated=true]": 20,
            "the_vault:ore_painite[type=white,generated=true]": 30,
            "the_vault:ore_black_opal[type=white,generated=true]": 20,
            "the_vault:ore_iskallium[type=white,generated=true]": 3,
            "the_vault:ore_gorginite[type=white,generated=true]": 3,
            "the_vault:ore_ashium[type=white,generated=true]": 3,
            "the_vault:ore_sparkletine[type=white,generated=true]": 3,
            "the_vault:ore_bomignite[type=white,generated=true]": 3,
            "the_vault:ore_tubium[type=white,generated=true]": 3,
            "the_vault:ore_upaline[type=white,generated=true]": 3,
            "the_vault:ore_xenium[type=white,generated=true]": 3,
            "the_vault:ore_petzanite[type=white,generated=true]": 3,
            "the_vault:ore_echo[type=white,generated=true]": 1
          },
          "failure": {
            "auxiliaryblocks:purple_diorite": 1
          }
        },
        {
          "level": 11,
          "probability": 0.06,
          "success": {
            "the_vault:ore_larimar[type=white,generated=true]": 360,
            "the_vault:ore_benitoite[type=white,generated=true]": 110,
            "the_vault:ore_wutodie[type=white,generated=true]": 40,
            "the_vault:ore_alexandrite[type=white,generated=true]": 20,
            "the_vault:ore_painite[type=white,generated=true]": 40,
            "the_vault:ore_black_opal[type=white,generated=true]": 20,
            "the_vault:ore_iskallium[type=white,generated=true]": 3,
            "the_vault:ore_gorginite[type=white,generated=true]": 3,
            "the_vault:ore_ashium[type=white,generated=true]": 3,
            "the_vault:ore_sparkletine[type=white,generated=true]": 3,
            "the_vault:ore_bomignite[type=white,generated=true]": 3,
            "the_vault:ore_tubium[type=white,generated=true]": 3,
            "the_vault:ore_upaline[type=white,generated=true]": 3,
            "the_vault:ore_xenium[type=white,generated=true]": 3,
            "the_vault:ore_petzanite[type=white,generated=true]": 3,
            "the_vault:ore_echo[type=white,generated=true]": 1
          },
          "failure": {
            "auxiliaryblocks:purple_diorite": 1
          }
        },
        {
          "level": 23,
          "probability": 0.07,
          "success": {
            "the_vault:ore_larimar[type=white,generated=true]": 330,
            "the_vault:ore_benitoite[type=white,generated=true]": 100,
            "the_vault:ore_wutodie[type=white,generated=true]": 40,
            "the_vault:ore_alexandrite[type=white,generated=true]": 30,
            "the_vault:ore_painite[type=white,generated=true]": 61,
            "the_vault:ore_black_opal[type=white,generated=true]": 20,
            "the_vault:ore_iskallium[type=white,generated=true]": 4,
            "the_vault:ore_gorginite[type=white,generated=true]": 4,
            "the_vault:ore_ashium[type=white,generated=true]": 4,
            "the_vault:ore_sparkletine[type=white,generated=true]": 4,
            "the_vault:ore_bomignite[type=white,generated=true]": 4,
            "the_vault:ore_tubium[type=white,generated=true]": 4,
            "the_vault:ore_upaline[type=white,generated=true]": 4,
            "the_vault:ore_xenium[type=white,generated=true]": 4,
            "the_vault:ore_petzanite[type=white,generated=true]": 4,
            "the_vault:ore_echo[type=white,generated=true]": 1
          },
          "failure": {
            "auxiliaryblocks:purple_diorite": 1
          }
        },
        {
          "level": 50,
          "probability": 0.07,
          "success": {
            "the_vault:ore_larimar[type=white,generated=true]": 270,
            "the_vault:ore_benitoite[type=white,generated=true]": 130,
            "the_vault:ore_wutodie[type=white,generated=true]": 50,
            "the_vault:ore_alexandrite[type=white,generated=true]": 50,
            "the_vault:ore_painite[type=white,generated=true]": 61,
            "the_vault:ore_black_opal[type=white,generated=true]": 20,
            "the_vault:ore_iskallium[type=white,generated=true]": 4,
            "the_vault:ore_gorginite[type=white,generated=true]": 4,
            "the_vault:ore_ashium[type=white,generated=true]": 4,
            "the_vault:ore_sparkletine[type=white,generated=true]": 4,
            "the_vault:ore_bomignite[type=white,generated=true]": 4,
            "the_vault:ore_tubium[type=white,generated=true]": 4,
            "the_vault:ore_upaline[type=white,generated=true]": 4,
            "the_vault:ore_xenium[type=white,generated=true]": 4,
            "the_vault:ore_petzanite[type=white,generated=true]": 4,
            "the_vault:ore_echo[type=white,generated=true]": 1
          },
          "failure": {
            "auxiliaryblocks:purple_diorite": 1
          }
        }
      ]
    }
  ]
}