[
  {
    "weight": 1,
    "value": {
      "template": "the_vault:empty",
      "palettes": []
    }
  },
  {
    "weight": 3,
    "pool": [
      {
        "weight": 55,
        "pool": [
          {
            "weight": 1,
            "value": {
              "template": "the_vault:vault/decor/highlighter/mustard3/structure3/wooden1",
              "palettes": [ "the_vault:generic/structure_rarities/common_highlighter" ]
            }
          },
          {
            "weight": 1,
            "value": {
              "template": "the_vault:vault/decor/highlighter/mustard3/structure3/wooden2",
              "palettes": [ "the_vault:generic/structure_rarities/common_highlighter" ]
            }
          },
          {
            "weight": 1,
            "value": {
              "template": "the_vault:vault/decor/highlighter/mustard3/structure3/wooden3",
              "palettes": [ "the_vault:generic/structure_rarities/common_highlighter" ]
            }
          },
          {
            "weight": 1,
            "value": {
              "template": "the_vault:vault/decor/highlighter/mustard3/structure3/wooden4",
              "palettes": [ "the_vault:generic/structure_rarities/common_highlighter" ]
            }
          },
          {
            "weight": 1,
            "value": {
              "template": "the_vault:vault/decor/highlighter/mustard3/structure3/wooden5",
              "palettes": [ "the_vault:generic/structure_rarities/common_highlighter" ]
            }
          },
          {
            "weight": 1,
            "value": {
              "template": "the_vault:vault/decor/highlighter/mustard3/structure3/wooden6",
              "palettes": [ "the_vault:generic/structure_rarities/common_highlighter" ]
            }
          }
        ]
      },
      {
        "weight": 35,
        "pool": [
          {
            "weight": 1,
            "pool": [
              {
                "weight": 1,
                "value": {
                  "template": "the_vault:vault/decor/highlighter/mustard3/structure3/wooden1",
                  "palettes": [ "the_vault:generic/structure_rarities/rare_highlighter" ]
                }
              },
              {
                "weight": 1,
                "value": {
                  "template": "the_vault:vault/decor/highlighter/mustard3/structure3/wooden2",
                  "palettes": [ "the_vault:generic/structure_rarities/rare_highlighter" ]
                }
              },
              {
                "weight": 1,
                "value": {
                  "template": "the_vault:vault/decor/highlighter/mustard3/structure3/wooden3",
                  "palettes": [ "the_vault:generic/structure_rarities/rare_highlighter" ]
                }
              },
              {
                "weight": 1,
                "value": {
                  "template": "the_vault:vault/decor/highlighter/mustard3/structure3/wooden4",
                  "palettes": [ "the_vault:generic/structure_rarities/rare_highlighter" ]
                }
              },
              {
                "weight": 1,
                "value": {
                  "template": "the_vault:vault/decor/highlighter/mustard3/structure3/wooden5",
                  "palettes": [ "the_vault:generic/structure_rarities/rare_highlighter" ]
                }
              },
              {
                "weight": 1,
                "value": {
                  "template": "the_vault:vault/decor/highlighter/mustard3/structure3/wooden6",
                  "palettes": [ "the_vault:generic/structure_rarities/rare_highlighter" ]
                }
              }
            ]
          },
          {
            "weight": 1,
            "value": {
              "template": "the_vault:vault/decor/highlighter/mustard3/structure3/ornate1",
              "palettes": [ "the_vault:generic/structure_rarities/rare_highlighter" ]
            }
          },
          {
            "weight": 1,
            "value": {
              "template": "the_vault:vault/decor/highlighter/mustard3/structure3/living1",
              "palettes": [ "the_vault:generic/structure_rarities/rare_highlighter" ]
            }
          },
          {
            "weight": 1,
            "value": {
              "template": "the_vault:vault/decor/highlighter/mustard3/structure3/gilded1",
              "palettes": [ "the_vault:generic/structure_rarities/rare_highlighter" ]
            }
          },
          {
            "weight": 1,
            "value": {
              "template": "the_vault:vault/decor/highlighter/mustard3/structure3/coin1",
              "palettes": [ "the_vault:generic/structure_rarities/rare_highlighter" ]
            }
          }
        ]
      },
      {
        "weight": 10,
        "pool": [
          {
            "weight": 1,
            "value": {
              "template": "the_vault:vault/decor/highlighter/mustard3/structure3/ornate1",
              "palettes": [ "the_vault:generic/structure_rarities/epic_highlighter" ]
            }
          },
          {
            "weight": 1,
            "value": {
              "template": "the_vault:vault/decor/highlighter/mustard3/structure3/living1",
              "palettes": [ "the_vault:generic/structure_rarities/epic_highlighter" ]
            }
          },
          {
            "weight": 1,
            "value": {
              "template": "the_vault:vault/decor/highlighter/mustard3/structure3/gilded1",
              "palettes": [ "the_vault:generic/structure_rarities/epic_highlighter" ]
            }
          },
          {
            "weight": 1,
            "value": {
              "template": "the_vault:vault/decor/highlighter/mustard3/structure3/coin1",
              "palettes": [ "the_vault:generic/structure_rarities/epic_highlighter" ]
            }
          }
        ]
      }
    ]
  }
]