{
  "type": "diy_vault",
  "starts": "the_vault:vault/starts/desert_starts",
  "common_rooms": "the_vault:vault/rooms/desert_common_rooms",
  "challenge_rooms": "the_vault:vault/rooms/challenge_rooms",
  "omega_rooms": "the_vault:vault/rooms/omega_rooms",
  "tunnels": "the_vault:vault/tunnels/desert_tunnels",
  "ambient_light": 0.2,
  "fog_color": 13552310,
  "grass_color": 9470285,
  "foliage_color": 9470285,
  "water_color": 8222288,
  "water_fog_color": 8222288,
  "particle": "minecraft:block sand",
  "particle_probability": 0.002
}