{
    "tile_processors": [
        {
            "type": "reference",
            "id": "the_vault:generic/spawners/generic_settings"
        },
        {
          "type": "leveled",
          "levels": [
            {
              "level": 0,
              "type": "weighted_target",
              "target": "ispawner:spawner",
              "output": {
                "ispawner:spawner{ Manager:{ UsesLeft:1 } }": 1
              }
            }
          ]
        },
        {
            "type": "leveled",
            "levels": [
                {
                    "level": 0,
                    "type": "weighted_target",
                    "target": "ispawner:spawner",
                    "output": {
                        "ispawner:spawner{ Manager: { Settings: { Attempts: 4 } } }": 1
                    }
                },
                {
                    "level": 30,
                    "type": "weighted_target",
                    "target": "ispawner:spawner",
                    "output": {
                        "ispawner:spawner{ Manager: { Settings: { Attempts: 5 } } }": 1
                    }
                },
                {
                    "level": 50,
                    "type": "weighted_target",
                    "target": "ispawner:spawner",
                    "output": {
                        "ispawner:spawner{ Manager: { Settings: { Attempts: 6 } } }": 1
                    }
                },
                {
                    "level": 65,
                    "type": "weighted_target",
                    "target": "ispawner:spawner",
                    "output": {
                        "ispawner:spawner{ Manager: { Settings: { Attempts: 7 } } }": 1
                    }
                },
                {
                    "level": 90,
                    "type": "weighted_target",
                    "target": "ispawner:spawner",
                    "output": {
                        "ispawner:spawner{ Manager: { Settings: { Attempts: 8 } } }": 1
                    }
                }
            ]
        },
        {
            "type": "leveled",
            "levels": [
                {
                    "level": 0,
                    "type": "weighted_target",
                    "target": "ispawner:spawner",
                    "output": {
                        "ispawner:spawner{ Manager: { Settings: { PlayerRadius: 30 } } }": 1
                    }
                }
            ]
        },
        {
            "type": "leveled",
            "levels": [
                {
                    "level": 0,
                    "type": "weighted_target",
                    "target": "ispawner:spawner",
                    "output": {
                        "ispawner:spawner{ Manager: { Settings: { CapRestrictions: [{Limit: 24, SpawnGroup: 0}, {Limit: 0, SpawnGroup: 7}, {Limit: 0, SpawnGroup: 5}, {Limit: 0, SpawnGroup: 4}, {Limit: 0, SpawnGroup: 3}, {Limit: 0, SpawnGroup: 1}, {Limit: 0, SpawnGroup: 6}, {Limit: 0, SpawnGroup: 2}] } } }": 1
                    }
                }
            ]
        },
        {
            "type": "leveled",
            "levels": [
                {
                    "level": 0,
                    "type": "weighted_target",
                    "target": "ispawner:spawner",
                    "output": {
                        "ispawner:spawner{ Manager: { Settings: { CheckRadius: 30 } } }": 1
                    }
                }
            ]
        },
        {
            "type": "leveled",
            "levels": [
                {
                    "level": 0,
                    "type": "weighted_target",
                    "target": "ispawner:spawner",
                    "output": {
                        "ispawner:spawner{ Manager: { Settings: { SpawnDelay: 180 } } }": 1
                    }
                },
                {
                    "level": 30,
                    "type": "weighted_target",
                    "target": "ispawner:spawner",
                    "output": {
                        "ispawner:spawner{ Manager: { Settings: { SpawnDelay: 100 } } }": 1
                    }
                }
            ]
        },
        {
            "type": "reference",
            "id": "the_vault:generic/spawners/challenge_mobs"
        }
    ]
}