{
  "type": "diy_vault",
  "starts": "the_vault:vault/starts/mesa_starts",
  "common_rooms": "the_vault:vault/rooms/mesa_common_rooms",
  "challenge_rooms": "the_vault:vault/rooms/challenge_rooms",
  "omega_rooms": "the_vault:vault/rooms/omega_rooms",
  "tunnels": "the_vault:vault/tunnels/mesa_tunnels",
  "ambient_light": 0.2,
  "fog_color": 11876096,
  "grass_color": 9470285,
  "foliage_color": 9470285,
  "water_color": 4336159,
  "water_fog_color": 4336159,
  "particle": "minecraft:block red_sand",
  "particle_probability": 0.002
}