{
    "parent": "izzy_vault:objectives/elixir",
    "display": {
      "icon": {
        "item": "the_vault:lodestone"
      },
      "title": {"text": "Touch the Purple"},
      "description": {"text": "Interact with a Lodestone in a Vault before max Glorb"},
      "frame": "goal"
    },
    "criteria": {
        "iskallium": {
          "trigger": "minecraft:item_used_on_block",
          "conditions": {
            "location": {
              "block": {
                "blocks": [
                  "the_vault:lodestone"
                ]
              }
            }
          }
        }
      }
  }