{
	"credit": "Made with Blockbench",
	"texture_size": [64, 64],
	"textures": {
		"0": "the_vault:block/fillable_altar/wendarr_altar",
		"particle": "the_vault:block/fillable_altar/wendarr_altar"
	},
	"elements": [
		{
			"from": [0, 0, 0],
			"to": [16, 3, 16],
			"faces": {
				"north": {"uv": [0, 4, 4, 4.75], "texture": "#0"},
				"east": {"uv": [0, 4, 4, 4.75], "texture": "#0"},
				"south": {"uv": [0, 4, 4, 4.75], "texture": "#0"},
				"west": {"uv": [0, 4, 4, 4.75], "texture": "#0"},
				"up": {"uv": [0, 0, 4, 4], "texture": "#0"},
				"down": {"uv": [0, 5, 4, 9], "texture": "#0"}
			}
		},
		{
			"from": [4, 3, 10],
			"to": [12, 15, 14],
			"rotation": {"angle": 0, "axis": "y", "origin": [0, -1, 0]},
			"faces": {
				"north": {"uv": [8, 1, 10, 4], "texture": "#0"},
				"east": {"uv": [10, 0, 11, 3], "texture": "#0"},
				"south": {"uv": [11, 0, 13, 3], "texture": "#0"},
				"west": {"uv": [10, 0, 11, 3], "texture": "#0"},
				"up": {"uv": [8, 0, 10, 1], "texture": "#0"},
				"down": {"uv": [8, 0, 10, 1], "texture": "#0"}
			}
		},
		{
			"from": [4, 15, 8],
			"to": [12, 25, 16],
			"rotation": {"angle": 0, "axis": "y", "origin": [0, -1, 0]},
			"faces": {
				"north": {"uv": [4, 2, 6, 4.5], "texture": "#0"},
				"east": {"uv": [6, 2, 8, 4.5], "texture": "#0"},
				"south": {"uv": [6, 2, 8, 4.5], "texture": "#0"},
				"west": {"uv": [6, 2, 8, 4.5], "texture": "#0"},
				"up": {"uv": [4, 0, 6, 2], "texture": "#0"},
				"down": {"uv": [6, 0, 8, 2], "texture": "#0"}
			}
		},
		{
			"from": [10, 3, 9],
			"to": [13, 16, 10],
			"rotation": {"angle": 0, "axis": "y", "origin": [0, -1, 0]},
			"faces": {
				"north": {"uv": [6, 4.5, 6.75, 7.75], "texture": "#0"},
				"east": {"uv": [6.75, 4.5, 7, 7.75], "texture": "#0"},
				"south": {"uv": [6, 4.5, 6.75, 7.75], "texture": "#0"},
				"west": {"uv": [6.75, 4.5, 7, 7.75], "texture": "#0"},
				"up": {"uv": [7, 5.75, 7.75, 6], "texture": "#0"},
				"down": {"uv": [7, 5.75, 7.75, 6], "texture": "#0"}
			}
		},
		{
			"from": [10, 3, 14],
			"to": [13, 16, 15],
			"rotation": {"angle": 0, "axis": "y", "origin": [0, -1, 0]},
			"faces": {
				"north": {"uv": [6, 4.5, 6.75, 7.75], "texture": "#0"},
				"east": {"uv": [6.75, 4.5, 7, 7.75], "texture": "#0"},
				"south": {"uv": [6, 4.5, 6.75, 7.75], "texture": "#0"},
				"west": {"uv": [6.75, 4.5, 7, 7.75], "texture": "#0"},
				"up": {"uv": [7, 5.75, 7.75, 6], "texture": "#0"},
				"down": {"uv": [7, 5.75, 7.75, 6], "texture": "#0"}
			}
		},
		{
			"from": [3, 3, 9],
			"to": [6, 16, 10],
			"rotation": {"angle": 0, "axis": "y", "origin": [0, -1, 0]},
			"faces": {
				"north": {"uv": [6, 4.5, 6.75, 7.75], "texture": "#0"},
				"east": {"uv": [6.75, 4.5, 7, 7.75], "texture": "#0"},
				"south": {"uv": [6, 4.5, 6.75, 7.75], "texture": "#0"},
				"west": {"uv": [6.75, 4.5, 7, 7.75], "texture": "#0"},
				"up": {"uv": [7, 5.75, 7.75, 6], "texture": "#0"},
				"down": {"uv": [7, 5.75, 7.75, 6], "texture": "#0"}
			}
		},
		{
			"from": [3, 3, 14],
			"to": [6, 16, 15],
			"rotation": {"angle": 0, "axis": "y", "origin": [0, -1, 0]},
			"faces": {
				"north": {"uv": [6, 4.5, 6.75, 7.75], "texture": "#0"},
				"east": {"uv": [6.75, 4.5, 7, 7.75], "texture": "#0"},
				"south": {"uv": [6, 4.5, 6.75, 7.75], "texture": "#0"},
				"west": {"uv": [6.75, 4.5, 7, 7.75], "texture": "#0"},
				"up": {"uv": [7, 5.75, 7.75, 6], "texture": "#0"},
				"down": {"uv": [7, 5.75, 7.75, 6], "texture": "#0"}
			}
		},
		{
			"from": [10, 15, 10],
			"to": [13, 16, 14],
			"rotation": {"angle": 0, "axis": "y", "origin": [0, -1, 0]},
			"faces": {
				"north": {"uv": [7, 5.75, 7.75, 6], "texture": "#0"},
				"east": {"uv": [6.75, 4.5, 7, 5.5], "rotation": 90, "texture": "#0"},
				"south": {"uv": [7, 5.75, 7.75, 6], "texture": "#0"},
				"west": {"uv": [6.75, 4.5, 7, 5.5], "rotation": 90, "texture": "#0"},
				"up": {"uv": [7, 4.75, 7.75, 5.75], "texture": "#0"},
				"down": {"uv": [7, 4.75, 7.75, 5.75], "texture": "#0"}
			}
		},
		{
			"from": [3, 15, 10],
			"to": [6, 16, 14],
			"rotation": {"angle": 0, "axis": "y", "origin": [0, -1, 0]},
			"faces": {
				"north": {"uv": [7, 5.75, 7.75, 6], "texture": "#0"},
				"east": {"uv": [6.75, 4.5, 7, 5.5], "rotation": 90, "texture": "#0"},
				"south": {"uv": [7, 5.75, 7.75, 6], "texture": "#0"},
				"west": {"uv": [6.75, 4.5, 7, 5.5], "rotation": 90, "texture": "#0"},
				"up": {"uv": [7, 4.75, 7.75, 5.75], "texture": "#0"},
				"down": {"uv": [7, 4.75, 7.75, 5.75], "texture": "#0"}
			}
		},
		{
			"from": [7, 14, 6],
			"to": [9, 18, 8],
			"rotation": {"angle": 0, "axis": "y", "origin": [0, -1, 0]},
			"faces": {
				"north": {"uv": [0.75, 9.5, 1.25, 10.5], "texture": "#0"},
				"east": {"uv": [1.25, 9, 1.75, 10], "texture": "#0"},
				"south": {"uv": [0.75, 9.5, 1.25, 10.5], "texture": "#0"},
				"west": {"uv": [1.25, 9, 1.75, 10], "texture": "#0"},
				"up": {"uv": [0.75, 9, 1.25, 9.5], "texture": "#0"},
				"down": {"uv": [0.75, 9, 1.25, 9.5], "texture": "#0"}
			}
		},
		{
			"from": [0, 11, 2],
			"to": [4, 15, 14],
			"faces": {
				"north": {"uv": [5, 4.5, 6, 5.5], "texture": "#0"},
				"east": {"uv": [5, 5.5, 6, 8.5], "rotation": 270, "texture": "#0"},
				"south": {"uv": [4, 4.5, 5, 5.5], "texture": "#0"},
				"west": {"uv": [5, 5.5, 6, 8.5], "rotation": 90, "texture": "#0"},
				"up": {"uv": [4, 5.5, 5, 8.5], "rotation": 180, "texture": "#0"},
				"down": {"uv": [4, 5.5, 5, 8.5], "texture": "#0"}
			}
		},
		{
			"from": [12, 11, 2],
			"to": [16, 15, 14],
			"faces": {
				"north": {"uv": [5, 4.5, 6, 5.5], "texture": "#0"},
				"east": {"uv": [5, 5.5, 6, 8.5], "rotation": 270, "texture": "#0"},
				"south": {"uv": [4, 4.5, 5, 5.5], "texture": "#0"},
				"west": {"uv": [5, 5.5, 6, 8.5], "rotation": 90, "texture": "#0"},
				"up": {"uv": [4, 5.5, 5, 8.5], "rotation": 180, "texture": "#0"},
				"down": {"uv": [4, 5.5, 5, 8.5], "texture": "#0"}
			}
		},
		{
			"from": [5, 19, 7.9],
			"to": [11, 20, 8.9],
			"rotation": {"angle": 0, "axis": "y", "origin": [0, -1, 0]},
			"faces": {
				"north": {"uv": [10, 3, 11.5, 3.25], "texture": "#0"},
				"east": {"uv": [10, 3, 10.25, 3.25], "texture": "#0"},
				"south": {"uv": [10, 3, 11.5, 3.25], "texture": "#0"},
				"west": {"uv": [10, 3, 10.25, 3.25], "texture": "#0"},
				"up": {"uv": [10, 3, 11.5, 3.25], "texture": "#0"},
				"down": {"uv": [10, 3, 11.5, 3.25], "texture": "#0"}
			}
		},
		{
			"from": [0.5, 3, 0.5],
			"to": [2.5, 4, 2.5],
			"faces": {
				"north": {"uv": [0.25, 9.75, 0.75, 10], "texture": "#0"},
				"east": {"uv": [0, 9.75, 0.5, 10], "texture": "#0"},
				"south": {"uv": [0.25, 9.75, 0.75, 10], "texture": "#0"},
				"west": {"uv": [0, 9.75, 0.5, 10], "texture": "#0"},
				"up": {"uv": [0, 9, 0.5, 9.5], "texture": "#0"},
				"down": {"uv": [0, 9, 0.5, 9.5], "texture": "#0"}
			}
		},
		{
			"from": [13.5, 3, 0.5],
			"to": [15.5, 4, 2.5],
			"faces": {
				"north": {"uv": [0.25, 9.75, 0.75, 10], "texture": "#0"},
				"east": {"uv": [0, 9.75, 0.5, 10], "texture": "#0"},
				"south": {"uv": [0.25, 9.75, 0.75, 10], "texture": "#0"},
				"west": {"uv": [0, 9.75, 0.5, 10], "texture": "#0"},
				"up": {"uv": [0, 9, 0.5, 9.5], "texture": "#0"},
				"down": {"uv": [0, 9, 0.5, 9.5], "texture": "#0"}
			}
		},
		{
			"from": [0.5, 3, 4.5],
			"to": [2.5, 4, 6.5],
			"faces": {
				"north": {"uv": [0.25, 9.75, 0.75, 10], "texture": "#0"},
				"east": {"uv": [0, 9.75, 0.5, 10], "texture": "#0"},
				"south": {"uv": [0.25, 9.75, 0.75, 10], "texture": "#0"},
				"west": {"uv": [0, 9.75, 0.5, 10], "texture": "#0"},
				"up": {"uv": [0, 9, 0.5, 9.5], "texture": "#0"},
				"down": {"uv": [0, 9, 0.5, 9.5], "texture": "#0"}
			}
		},
		{
			"from": [13.5, 3, 4.5],
			"to": [15.5, 4, 6.5],
			"faces": {
				"north": {"uv": [0.25, 9.75, 0.75, 10], "texture": "#0"},
				"east": {"uv": [0, 9.75, 0.5, 10], "texture": "#0"},
				"south": {"uv": [0.25, 9.75, 0.75, 10], "texture": "#0"},
				"west": {"uv": [0, 9.75, 0.5, 10], "texture": "#0"},
				"up": {"uv": [0, 9, 0.5, 9.5], "texture": "#0"},
				"down": {"uv": [0, 9, 0.5, 9.5], "texture": "#0"}
			}
		},
		{
			"from": [1.5, 3, 2.5],
			"to": [3.5, 5, 4.5],
			"faces": {
				"north": {"uv": [0.25, 9.75, 0.75, 10.25], "texture": "#0"},
				"east": {"uv": [0, 9.75, 0.5, 10.25], "texture": "#0"},
				"south": {"uv": [0.25, 9.75, 0.75, 10.25], "texture": "#0"},
				"west": {"uv": [0, 9.75, 0.5, 10.25], "texture": "#0"},
				"up": {"uv": [0, 9, 0.5, 9.5], "texture": "#0"},
				"down": {"uv": [0, 9, 0.5, 9.5], "texture": "#0"}
			}
		},
		{
			"from": [12.5, 3, 2.5],
			"to": [14.5, 5, 4.5],
			"faces": {
				"north": {"uv": [0.25, 9.75, 0.75, 10.25], "texture": "#0"},
				"east": {"uv": [0, 9.75, 0.5, 10.25], "texture": "#0"},
				"south": {"uv": [0.25, 9.75, 0.75, 10.25], "texture": "#0"},
				"west": {"uv": [0, 9.75, 0.5, 10.25], "texture": "#0"},
				"up": {"uv": [0, 9, 0.5, 9.5], "texture": "#0"},
				"down": {"uv": [0, 9, 0.5, 9.5], "texture": "#0"}
			}
		},
		{
			"from": [2.5, 3, 5.5],
			"to": [4.5, 7, 7.5],
			"faces": {
				"north": {"uv": [0.25, 9.75, 0.75, 10.75], "texture": "#0"},
				"east": {"uv": [0, 9.75, 0.5, 10.75], "texture": "#0"},
				"south": {"uv": [0.25, 9.75, 0.75, 10.75], "texture": "#0"},
				"west": {"uv": [0, 9.75, 0.5, 10.75], "texture": "#0"},
				"up": {"uv": [0, 9, 0.5, 9.5], "texture": "#0"},
				"down": {"uv": [0, 9, 0.5, 9.5], "texture": "#0"}
			}
		},
		{
			"from": [11.5, 3, 5.5],
			"to": [13.5, 7, 7.5],
			"faces": {
				"north": {"uv": [0.25, 9.75, 0.75, 10.75], "texture": "#0"},
				"east": {"uv": [0, 9.75, 0.5, 10.75], "texture": "#0"},
				"south": {"uv": [0.25, 9.75, 0.75, 10.75], "texture": "#0"},
				"west": {"uv": [0, 9.75, 0.5, 10.75], "texture": "#0"},
				"up": {"uv": [0, 9, 0.5, 9.5], "texture": "#0"},
				"down": {"uv": [0, 9, 0.5, 9.5], "texture": "#0"}
			}
		},
		{
			"from": [1, 3.5, 1],
			"to": [2, 4.5, 2],
			"faces": {
				"north": {"uv": [0, 11, 0.25, 11.25], "texture": "#0"},
				"east": {"uv": [0, 11, 0.25, 11.25], "texture": "#0"},
				"south": {"uv": [0, 11, 0.25, 11.25], "texture": "#0"},
				"west": {"uv": [0, 11, 0.25, 11.25], "texture": "#0"},
				"up": {"uv": [0, 11, 0.25, 11.25], "texture": "#0"},
				"down": {"uv": [0, 11, 0.25, 11.25], "texture": "#0"}
			}
		},
		{
			"from": [14, 3.5, 1],
			"to": [15, 4.5, 2],
			"faces": {
				"north": {"uv": [0, 11, 0.25, 11.25], "texture": "#0"},
				"east": {"uv": [0, 11, 0.25, 11.25], "texture": "#0"},
				"south": {"uv": [0, 11, 0.25, 11.25], "texture": "#0"},
				"west": {"uv": [0, 11, 0.25, 11.25], "texture": "#0"},
				"up": {"uv": [0, 11, 0.25, 11.25], "texture": "#0"},
				"down": {"uv": [0, 11, 0.25, 11.25], "texture": "#0"}
			}
		},
		{
			"from": [1, 3.5, 5],
			"to": [2, 4.5, 6],
			"faces": {
				"north": {"uv": [0, 11, 0.25, 11.25], "texture": "#0"},
				"east": {"uv": [0, 11, 0.25, 11.25], "texture": "#0"},
				"south": {"uv": [0, 11, 0.25, 11.25], "texture": "#0"},
				"west": {"uv": [0, 11, 0.25, 11.25], "texture": "#0"},
				"up": {"uv": [0, 11, 0.25, 11.25], "texture": "#0"},
				"down": {"uv": [0, 11, 0.25, 11.25], "texture": "#0"}
			}
		},
		{
			"from": [14, 3.5, 5],
			"to": [15, 4.5, 6],
			"faces": {
				"north": {"uv": [0, 11, 0.25, 11.25], "texture": "#0"},
				"east": {"uv": [0, 11, 0.25, 11.25], "texture": "#0"},
				"south": {"uv": [0, 11, 0.25, 11.25], "texture": "#0"},
				"west": {"uv": [0, 11, 0.25, 11.25], "texture": "#0"},
				"up": {"uv": [0, 11, 0.25, 11.25], "texture": "#0"},
				"down": {"uv": [0, 11, 0.25, 11.25], "texture": "#0"}
			}
		},
		{
			"from": [2, 4.5, 3],
			"to": [3, 5.5, 4],
			"faces": {
				"north": {"uv": [0, 11, 0.25, 11.25], "texture": "#0"},
				"east": {"uv": [0, 11, 0.25, 11.25], "texture": "#0"},
				"south": {"uv": [0, 11, 0.25, 11.25], "texture": "#0"},
				"west": {"uv": [0, 11, 0.25, 11.25], "texture": "#0"},
				"up": {"uv": [0, 11, 0.25, 11.25], "texture": "#0"},
				"down": {"uv": [0, 11, 0.25, 11.25], "texture": "#0"}
			}
		},
		{
			"from": [13, 4.5, 3],
			"to": [14, 5.5, 4],
			"faces": {
				"north": {"uv": [0, 11, 0.25, 11.25], "texture": "#0"},
				"east": {"uv": [0, 11, 0.25, 11.25], "texture": "#0"},
				"south": {"uv": [0, 11, 0.25, 11.25], "texture": "#0"},
				"west": {"uv": [0, 11, 0.25, 11.25], "texture": "#0"},
				"up": {"uv": [0, 11, 0.25, 11.25], "texture": "#0"},
				"down": {"uv": [0, 11, 0.25, 11.25], "texture": "#0"}
			}
		},
		{
			"from": [3, 6.5, 6],
			"to": [4, 7.5, 7],
			"faces": {
				"north": {"uv": [0, 11, 0.25, 11.25], "texture": "#0"},
				"east": {"uv": [0, 11, 0.25, 11.25], "texture": "#0"},
				"south": {"uv": [0, 11, 0.25, 11.25], "texture": "#0"},
				"west": {"uv": [0, 11, 0.25, 11.25], "texture": "#0"},
				"up": {"uv": [0, 11, 0.25, 11.25], "texture": "#0"},
				"down": {"uv": [0, 11, 0.25, 11.25], "texture": "#0"}
			}
		},
		{
			"from": [12, 6.5, 6],
			"to": [13, 7.5, 7],
			"faces": {
				"north": {"uv": [0, 11, 0.25, 11.25], "texture": "#0"},
				"east": {"uv": [0, 11, 0.25, 11.25], "texture": "#0"},
				"south": {"uv": [0, 11, 0.25, 11.25], "texture": "#0"},
				"west": {"uv": [0, 11, 0.25, 11.25], "texture": "#0"},
				"up": {"uv": [0, 11, 0.25, 11.25], "texture": "#0"},
				"down": {"uv": [0, 11, 0.25, 11.25], "texture": "#0"}
			}
		},
		{
			"from": [7, 25, 11],
			"to": [9, 28, 13],
			"faces": {
				"north": {"uv": [13, 0.5, 13.5, 1.25], "texture": "#0"},
				"east": {"uv": [13, 0.5, 13.5, 1.25], "texture": "#0"},
				"south": {"uv": [13, 0.5, 13.5, 1.25], "texture": "#0"},
				"west": {"uv": [13, 0.5, 13.5, 1.25], "texture": "#0"},
				"up": {"uv": [13, 0, 13.5, 0.5], "texture": "#0"},
				"down": {"uv": [13, 0, 13.5, 0.5], "texture": "#0"}
			}
		},
		{
			"from": [4, 3, 1],
			"to": [12, 4, 9],
			"faces": {
				"north": {"uv": [14, 15.75, 16, 16], "texture": "#0"},
				"east": {"uv": [14, 15.75, 16, 16], "texture": "#0"},
				"south": {"uv": [14, 15.75, 16, 16], "texture": "#0"},
				"west": {"uv": [14, 15.75, 16, 16], "texture": "#0"},
				"up": {"uv": [14, 13.75, 16, 15.75], "texture": "#0"},
				"down": {"uv": [14, 13.75, 16, 15.75], "texture": "#0"}
			}
		},
		{
			"from": [4, 11, 1],
			"to": [12, 12, 9],
			"faces": {
				"north": {"uv": [14, 15.75, 16, 16], "texture": "#0"},
				"east": {"uv": [14, 15.75, 16, 16], "texture": "#0"},
				"south": {"uv": [14, 15.75, 16, 16], "texture": "#0"},
				"west": {"uv": [14, 15.75, 16, 16], "texture": "#0"},
				"up": {"uv": [14, 13.75, 16, 15.75], "texture": "#0"},
				"down": {"uv": [14, 13.75, 16, 15.75], "texture": "#0"}
			}
		},
		{
			"from": [5, 4, 2],
			"to": [11, 7, 8],
			"faces": {
				"north": {"uv": [8.75, 15.25, 10.25, 16], "texture": "#0"},
				"east": {"uv": [8.75, 15.25, 10.25, 16], "texture": "#0"},
				"south": {"uv": [8.75, 15.25, 10.25, 16], "texture": "#0"},
				"west": {"uv": [8.75, 15.25, 10.25, 16], "texture": "#0"},
				"up": {"uv": [8.75, 13.75, 10.25, 15.25], "texture": "#0"},
				"down": {"uv": [8.75, 13.75, 10.25, 15.25], "texture": "#0"}
			}
		},
		{
			"from": [5, 8, 2],
			"to": [11, 11, 8],
			"faces": {
				"north": {"uv": [8.75, 15.25, 10.25, 16], "texture": "#0"},
				"east": {"uv": [8.75, 15.25, 10.25, 16], "texture": "#0"},
				"south": {"uv": [8.75, 15.25, 10.25, 16], "texture": "#0"},
				"west": {"uv": [8.75, 15.25, 10.25, 16], "texture": "#0"},
				"up": {"uv": [8.75, 13.75, 10.25, 15.25], "texture": "#0"},
				"down": {"uv": [8.75, 13.75, 10.25, 15.25], "texture": "#0"}
			}
		},
		{
			"from": [6, 7, 3],
			"to": [10, 8, 7],
			"faces": {
				"north": {"uv": [10.75, 15.75, 11.75, 16], "texture": "#0"},
				"east": {"uv": [10.75, 15.75, 11.75, 16], "texture": "#0"},
				"south": {"uv": [10.75, 15.75, 11.75, 16], "texture": "#0"},
				"west": {"uv": [10.75, 15.75, 11.75, 16], "texture": "#0"},
				"up": {"uv": [10.75, 14.75, 11.75, 15.75], "texture": "#0"},
				"down": {"uv": [10.75, 14.75, 11.75, 15.75], "texture": "#0"}
			}
		},
		{
			"from": [4.5, 4, 1.5],
			"to": [5.5, 11, 2.5],
			"faces": {
				"north": {"uv": [13.75, 13.75, 14, 15.5], "texture": "#0"},
				"east": {"uv": [13.75, 13.75, 14, 15.5], "texture": "#0"},
				"south": {"uv": [13.75, 13.75, 14, 15.5], "texture": "#0"},
				"west": {"uv": [13.75, 13.75, 14, 15.5], "texture": "#0"},
				"up": {"uv": [13.75, 13.5, 14, 13.75], "texture": "#0"},
				"down": {"uv": [13.75, 13.5, 14, 13.75], "texture": "#0"}
			}
		},
		{
			"from": [10.5, 4, 1.5],
			"to": [11.5, 11, 2.5],
			"faces": {
				"north": {"uv": [13.75, 13.75, 14, 15.5], "texture": "#0"},
				"east": {"uv": [13.75, 13.75, 14, 15.5], "texture": "#0"},
				"south": {"uv": [13.75, 13.75, 14, 15.5], "texture": "#0"},
				"west": {"uv": [13.75, 13.75, 14, 15.5], "texture": "#0"},
				"up": {"uv": [13.75, 13.5, 14, 13.75], "texture": "#0"},
				"down": {"uv": [13.75, 13.5, 14, 13.75], "texture": "#0"}
			}
		},
		{
			"from": [10.5, 4, 7.5],
			"to": [11.5, 11, 8.5],
			"faces": {
				"north": {"uv": [13.75, 13.75, 14, 15.5], "texture": "#0"},
				"east": {"uv": [13.75, 13.75, 14, 15.5], "texture": "#0"},
				"south": {"uv": [13.75, 13.75, 14, 15.5], "texture": "#0"},
				"west": {"uv": [13.75, 13.75, 14, 15.5], "texture": "#0"},
				"up": {"uv": [13.75, 13.5, 14, 13.75], "texture": "#0"},
				"down": {"uv": [13.75, 13.5, 14, 13.75], "texture": "#0"}
			}
		},
		{
			"from": [4.5, 4, 7.5],
			"to": [5.5, 11, 8.5],
			"faces": {
				"north": {"uv": [13.75, 13.75, 14, 15.5], "texture": "#0"},
				"east": {"uv": [13.75, 13.75, 14, 15.5], "texture": "#0"},
				"south": {"uv": [13.75, 13.75, 14, 15.5], "texture": "#0"},
				"west": {"uv": [13.75, 13.75, 14, 15.5], "texture": "#0"},
				"up": {"uv": [13.75, 13.5, 14, 13.75], "texture": "#0"},
				"down": {"uv": [13.75, 13.5, 14, 13.75], "texture": "#0"}
			}
		},
		{
			"from": [6, 4, 3],
			"to": [10, 6, 7],
			"faces": {
				"north": {"uv": [12.75, 15.5, 13.75, 16], "texture": "#0"},
				"east": {"uv": [12.75, 15.5, 13.75, 16], "texture": "#0"},
				"south": {"uv": [12.75, 15.5, 13.75, 16], "texture": "#0"},
				"west": {"uv": [12.75, 15.5, 13.75, 16], "texture": "#0"},
				"up": {"uv": [12.75, 14.5, 13.75, 15.5], "texture": "#0"},
				"down": {"uv": [12.75, 14.5, 13.75, 15.5], "texture": "#0"}
			}
		},
		{
			"from": [3.8, 15, 7.5],
			"to": [4.8, 20, 7.5],
			"faces": {
				"north": {"uv": [12.5, 14.75, 12.75, 16], "texture": "#0"},
				"east": {"uv": [0, 0, 0, 1.25], "texture": "#0"},
				"south": {"uv": [12.5, 14.75, 12.75, 16], "texture": "#0"},
				"west": {"uv": [0, 0, 0, 1.25], "texture": "#0"},
				"up": {"uv": [0, 0, 0.25, 0], "texture": "#0"},
				"down": {"uv": [0, 0, 0.25, 0], "texture": "#0"}
			}
		},
		{
			"from": [4.8, 17, 7.5],
			"to": [6.8, 20, 7.5],
			"faces": {
				"north": {"uv": [12, 14.75, 12.5, 15.5], "texture": "#0"},
				"east": {"uv": [0, 0, 0, 0.75], "texture": "#0"},
				"south": {"uv": [12, 14.75, 12.5, 15.5], "texture": "#0"},
				"west": {"uv": [0, 0, 0, 0.75], "texture": "#0"},
				"up": {"uv": [0, 0, 0.5, 0], "texture": "#0"},
				"down": {"uv": [0, 0, 0.5, 0], "texture": "#0"}
			}
		},
		{
			"from": [6.8, 18, 7.5],
			"to": [7.8, 19, 7.5],
			"faces": {
				"north": {"uv": [11.75, 15, 12, 15.25], "texture": "#0"},
				"east": {"uv": [0, 0, 0, 0.25], "texture": "#0"},
				"south": {"uv": [11.75, 15, 12, 15.25], "texture": "#0"},
				"west": {"uv": [0, 0, 0, 0.25], "texture": "#0"},
				"up": {"uv": [0, 0, 0.25, 0], "texture": "#0"},
				"down": {"uv": [0, 0, 0.25, 0], "texture": "#0"}
			}
		}
	],
	"display": {
		"thirdperson_righthand": {
			"rotation": [0, -45, 0],
			"translation": [0, 2.5, 0],
			"scale": [0.37, 0.37, 0.37]
		},
		"firstperson_righthand": {
			"rotation": [0, -46, 0],
			"translation": [0, 2.5, 0],
			"scale": [0.4, 0.4, 0.41]
		},
		"ground": {
			"translation": [0, 3, 0],
			"scale": [0.3, 0.3, 0.3]
		},
		"gui": {
			"rotation": [30, 135, 0],
			"translation": [0, -2, 0],
			"scale": [0.6, 0.6, 0.6]
		},
		"fixed": {
			"translation": [0, -3, -5],
			"scale": [0.7, 0.7, 0.7]
		}
	}
}