{
  "tile_processors": [
    {
      "type": "weighted_target",
      "target": "minecraft:grass_block",
      "output": {
        "botania:infused_grass": 1
      }
    },
    {
      "type": "weighted_target",
      "target": "minecraft:green_concrete",
      "output": {
        "the_vault:tenos_dark_smooth_brick": 1
      }
    },
    {
      "type": "weighted_target",
      "target": "minecraft:green_terracotta",
      "output": {
        "the_vault:tenos_dark_smooth_brick": 1
      }
    },
    {
      "type": "weighted_target",
      "target": "minecraft:moss_block",
      "output": {
        "the_vault:tenos_gem_block": 1
      }
    },
    {
      "type": "weighted_target",
      "target": "minecraft:moss_carpet",
      "output": {
        "minecraft:cyan_carpet": 1
      }
    },
    {
      "type": "weighted_target",
      "target": "ecologics:moss_layer",
      "output": {
        "minecraft:cyan_carpet": 1
      }
    },
    {
      "type": "weighted_target",
      "target": "minecraft:lime_terracotta",
      "output": {
        "the_vault:tenos_light_smooth_brick": 1
      }
    },
    {
      "type": "weighted_target",
      "target": "minecraft:green_concrete_powder",
      "output": {
        "the_vault:tenos_light_smooth_brick": 1
      }
    },
    {
      "type": "weighted_target",
      "target": "minecraft:dark_oak_leaves",
      "output": {
        "quark:blue_blossom_leaves": 1
      }
    },
    {
      "type": "weighted_target",
      "target": "minecraft:oak_leaves",
      "output": {
        "quark:blue_blossom_leaves": 1
      }
    },
    {
      "type": "weighted_target",
      "target": "minecraft:andesite",
      "output": {
        "the_vault:tenos_light_smooth_brick": 1,
        "the_vault:tenos_dark_smooth_brick": 3,
        "the_vault:tenos_gem_block": 1
      }
    },
    {
      "type": "weighted_target",
      "target": "minecraft:gravel",
      "output": {
        "the_vault:tenos_light_smooth_brick": 1,
        "the_vault:tenos_dark_smooth_brick": 3,
        "the_vault:tenos_gem_block": 1
      }
    },
    {
      "type": "weighted_target",
      "target": "minecraft:stone",
      "output": {
        "the_vault:tenos_light_smooth_brick": 1
      }
    },
    {
      "type": "weighted_target",
      "target": "minecraft:stone_slab",
      "output": {
        "quark:blue_nether_bricks_slab": 1
      }
    },
    {
      "type": "weighted_target",
      "target": "minecraft:stone_stairs",
      "output": {
        "quark:blue_nether_bricks_stairs": 1
      }
    },
    {
      "type": "weighted_target",
      "target": "minecraft:cobblestone",
      "output": {
        "quark:blue_nether_bricks": 1
      }
    },
    {
      "type": "weighted_target",
      "target": "minecraft:cobblestone_slab",
      "output": {
        "quark:blue_nether_bricks_slab": 1
      }
    },
    {
      "type": "weighted_target",
      "target": "minecraft:cobblestone_stairs",
      "output": {
        "quark:blue_nether_bricks_stairs": 1
      }
    },
    {
      "type": "weighted_target",
      "target": "minecraft:cobblestone_wall",
      "output": {
        "quark:blue_nether_bricks_wall": 1
      }
    },
    {
      "type": "weighted_target",
      "target": "minecraft:andesite",
      "output": {
        "quark:blue_nether_bricks": 1
      }
    },
    {
      "type": "weighted_target",
      "target": "minecraft:andesite_slab",
      "output": {
        "quark:blue_nether_bricks_slab": 1
      }
    },
    {
      "type": "weighted_target",
      "target": "minecraft:andesite_stairs",
      "output": {
        "quark:blue_nether_bricks_stairs": 1
      }
    },
    {
      "type": "weighted_target",
      "target": "minecraft:andesite_wall",
      "output": {
        "quark:blue_nether_bricks_wall": 1
      }
    },
    {
      "type": "weighted_target",
      "target": "minecraft:stone_bricks",
      "output": {
        "the_vault:tenos_brick_chiseled": 9,
        "the_vault:tenos_brick": 1
      }
    },
    {
      "type": "weighted_target",
      "target": "minecraft:stone_brick_slab",
      "output": {
        "quark:blue_nether_bricks_slab": 1
      }
    },
    {
      "type": "weighted_target",
      "target": "minecraft:stone_brick_stairs",
      "output": {
        "quark:blue_nether_bricks_stairs": 1
      }
    },
    {
      "type": "weighted_target",
      "target": "minecraft:stone_brick_wall",
      "output": {
        "quark:blue_nether_bricks_wall": 1
      }
    },
    {
      "type": "weighted_target",
      "target": "minecraft:mossy_stone_bricks",
      "output": {
        "the_vault:tenos_brick_chiseled": 9,
        "the_vault:tenos_brick": 1
      }
    },
    {
      "type": "weighted_target",
      "target": "minecraft:cracked_stone_bricks",
      "output": {
        "the_vault:tenos_brick_chiseled": 9,
        "the_vault:tenos_brick": 1
      }
    },
    {
      "type": "weighted_target",
      "target": "minecraft:chiseled_stone_bricks",
      "output": {
        "the_vault:tenos_brick_chiseled": 9,
        "the_vault:tenos_brick": 1
      }
    },
    {
      "type": "weighted_target",
      "target": "minecraft:mossy_cobblestone",
      "output": {
        "the_vault:tenos_dark_smooth_brick": 1
      }
    },
    {
      "type": "weighted_target",
      "target": "minecraft:mossy_cobblestone_slab",
      "output": {
        "quark:blue_nether_bricks_slab": 1
      }
    },
    {
      "type": "weighted_target",
      "target": "minecraft:mossy_cobblestone_stairs",
      "output": {
        "quark:blue_nether_bricks_stairs": 1
      }
    },
    {
      "type": "weighted_target",
      "target": "minecraft:mossy_cobblestone_wall",
      "output": {
        "quark:blue_nether_bricks_wall": 1
      }
    },
    {
      "type": "weighted_target",
      "target": "auxiliaryblocks:mossy_stone",
      "output": {
        "the_vault:tenos_dark_smooth_brick": 1
      }
    },
    {
      "type": "weighted_target",
      "target": "architects_palette:heavy_mossy_stone_bricks",
      "output": {
        "the_vault:tenos_dark_smooth_brick": 1
      }
    },
    {
      "type": "weighted_target",
      "target": "architects_palette:heavy_cracked_stone_bricks",
      "output": {
        "the_vault:tenos_dark_smooth_brick": 1
      }
    },
    {
      "type": "weighted_target",
      "target": "minecraft:coal_ore",
      "output": {
        "quark:blue_nether_bricks": 1
      }
    },
    {
      "type": "weighted_target",
      "target": "minecraft:lantern",
      "output": {
        "minecraft:soul_lantern": 1
      }
    },
    {
      "type": "weighted_target",
      "target": "minecraft:campfire",
      "output": {
        "minecraft:soul_campfire": 1
      }
    },
    {
        "type": "reference",
        "id": "the_vault:gate_lock/base"
    }
  ],
  "entity_processors": [],
  "decorators": []
}