[
  {
    "weight": 4,
    "value": {
      "template": "the_vault:empty",
      "palettes": []
    }
  },
  {
    "weight": 1,
    "pool": [
      {
        "weight": 1,
        "value": {
          "template": "the_vault:vault/decor/raw/quarry/compressed_pile1",
          "palettes": [ "the_vault:raw/quarry/compressed_blocks" ]
        }
      },
      {
        "weight": 1,
        "value": {
          "template": "the_vault:vault/decor/raw/quarry/compressed_pile2",
          "palettes": [ "the_vault:raw/quarry/compressed_blocks" ]
        }
      },
      {
        "weight": 1,
        "value": {
          "template": "the_vault:vault/decor/raw/quarry/compressed_pile3",
          "palettes": [ "the_vault:raw/quarry/compressed_blocks" ]
        }
      }
    ]
  }
]