{
  "tile_processors": [
    {
      "type": "placeholder",
      "target": "ORE",
      "levels": [
        {
          "level": 0,
          "probability": 0.08,
          "success": {
            "the_vault:ore_painite[type=vault_stone,generated=true]": 30,
            "the_vault:ore_alexandrite[type=vault_stone,generated=true]": 15,
            "the_vault:ore_wutodie[type=vault_stone,generated=true]": 15,
            "the_vault:ore_benitoite[type=vault_stone,generated=true]": 80,
            "the_vault:ore_larimar[type=vault_stone,generated=true]": 300,
            "the_vault:ore_black_opal[type=vault_stone,generated=true]": 18,
            "the_vault:ore_echo[type=vault_stone,generated=true]": 1,
            "the_vault:ore_iskallium[type=vault_stone,generated=true]": 5,
            "the_vault:ore_gorginite[type=vault_stone,generated=true]": 5,
            "the_vault:ore_ashium[type=vault_stone,generated=true]": 5,
            "the_vault:ore_sparkletine[type=vault_stone,generated=true]": 5,
            "the_vault:ore_bomignite[type=vault_stone,generated=true]": 5,
            "the_vault:ore_tubium[type=vault_stone,generated=true]": 5,
            "the_vault:ore_upaline[type=vault_stone,generated=true]": 5,
            "the_vault:ore_xenium[type=vault_stone,generated=true]": 5,
            "the_vault:ore_petzanite[type=vault_stone,generated=true]": 5
          },
          "failure": {
            "the_vault:vault_stone": 1
          }
        },
        {
          "level": 11,
          "probability": 0.11,
          "success": {
            "the_vault:ore_painite[type=vault_stone,generated=true]": 240,
            "the_vault:ore_alexandrite[type=vault_stone,generated=true]": 60,
            "the_vault:ore_wutodie[type=vault_stone,generated=true]": 120,
            "the_vault:ore_benitoite[type=vault_stone,generated=true]": 80,
            "the_vault:ore_larimar[type=vault_stone,generated=true]": 300,
            "the_vault:ore_black_opal[type=vault_stone,generated=true]": 60,
            "the_vault:ore_echo[type=vault_stone,generated=true]": 1,
            "the_vault:ore_iskallium[type=vault_stone,generated=true]": 5,
            "the_vault:ore_gorginite[type=vault_stone,generated=true]": 5,
            "the_vault:ore_ashium[type=vault_stone,generated=true]": 5,
            "the_vault:ore_sparkletine[type=vault_stone,generated=true]": 5,
            "the_vault:ore_bomignite[type=vault_stone,generated=true]": 5,
            "the_vault:ore_tubium[type=vault_stone,generated=true]": 5,
            "the_vault:ore_upaline[type=vault_stone,generated=true]": 5,
            "the_vault:ore_xenium[type=vault_stone,generated=true]": 5,
            "the_vault:ore_petzanite[type=vault_stone,generated=true]": 5
          },
          "failure": {
            "the_vault:vault_stone": 1
          }
        },
        {
          "level": 23,
          "probability": 0.11,
          "success": {
            "the_vault:ore_painite[type=vault_stone,generated=true]": 240,
            "the_vault:ore_alexandrite[type=vault_stone,generated=true]": 60,
            "the_vault:ore_wutodie[type=vault_stone,generated=true]": 120,
            "the_vault:ore_benitoite[type=vault_stone,generated=true]": 80,
            "the_vault:ore_larimar[type=vault_stone,generated=true]": 300,
            "the_vault:ore_black_opal[type=vault_stone,generated=true]": 60,
            "the_vault:ore_echo[type=vault_stone,generated=true]": 1,
            "the_vault:ore_iskallium[type=vault_stone,generated=true]": 5,
            "the_vault:ore_gorginite[type=vault_stone,generated=true]": 5,
            "the_vault:ore_ashium[type=vault_stone,generated=true]": 5,
            "the_vault:ore_sparkletine[type=vault_stone,generated=true]": 5,
            "the_vault:ore_bomignite[type=vault_stone,generated=true]": 5,
            "the_vault:ore_tubium[type=vault_stone,generated=true]": 5,
            "the_vault:ore_upaline[type=vault_stone,generated=true]": 5,
            "the_vault:ore_xenium[type=vault_stone,generated=true]": 5,
            "the_vault:ore_petzanite[type=vault_stone,generated=true]": 5
          },
          "failure": {
            "the_vault:vault_stone": 1
          }
        },
        {
          "level": 40,
          "probability": 0.13,
          "success": {
            "the_vault:ore_painite[type=vault_stone,generated=true]": 300,
            "the_vault:ore_alexandrite[type=vault_stone,generated=true]": 60,
            "the_vault:ore_wutodie[type=vault_stone,generated=true]": 120,
            "the_vault:ore_benitoite[type=vault_stone,generated=true]": 80,
            "the_vault:ore_larimar[type=vault_stone,generated=true]": 250,
            "the_vault:ore_black_opal[type=vault_stone,generated=true]": 60,
            "the_vault:ore_echo[type=vault_stone,generated=true]": 1,
            "the_vault:ore_iskallium[type=vault_stone,generated=true]": 5,
            "the_vault:ore_gorginite[type=vault_stone,generated=true]": 5,
            "the_vault:ore_ashium[type=vault_stone,generated=true]": 5,
            "the_vault:ore_sparkletine[type=vault_stone,generated=true]": 5,
            "the_vault:ore_bomignite[type=vault_stone,generated=true]": 5,
            "the_vault:ore_tubium[type=vault_stone,generated=true]": 5,
            "the_vault:ore_upaline[type=vault_stone,generated=true]": 5,
            "the_vault:ore_xenium[type=vault_stone,generated=true]": 5,
            "the_vault:ore_petzanite[type=vault_stone,generated=true]": 5
          },
          "failure": {
            "the_vault:vault_stone": 1
          }
        }
      ]
    }
  ]
}