{
  "type": "diy_vault",
  "starts": "the_vault:vault/starts/cave_starts",
  "common_rooms": "the_vault:vault/rooms/cave_common_rooms",
  "challenge_rooms": "the_vault:vault/rooms/challenge_rooms",
  "omega_rooms": "the_vault:vault/rooms/omega_rooms",
  "tunnels": "the_vault:vault/tunnels/cave_tunnels",
  "ambient_light": 0.2,
  "fog_color": 3351827,
  "grass_color": 5459480,
  "foliage_color": 5459480,
  "water_color": 4732696,
  "water_fog_color": 4732696,
  "particle": "minecraft:ash",
  "particle_probability": 0.001
}