{
  "modifierGroup": {
    "IMPLICIT": [
      { "attribute": "the_vault:durability",
        "group": "BaseDurability",
        "identifier": "the_vault:base_durability",
        "tiers": [
          {
            "minLevel": 0,
            "maxLevel": 41,
            "weight": 100,
            "value": {
              "min": 400,
              "max": 800,
              "step": 1
            }
          },
          {
            "minLevel": 21,
            "maxLevel": 50,
            "weight": 100,
            "value": {
              "min": 800,
              "max": 1200,
              "step": 1
            }
          },
          {
            "minLevel": 42,
            "maxLevel": 58,
            "weight": 100,
            "value": {
              "min": 1200,
              "max": 1700,
              "step": 1
            }
          },
          {
            "minLevel": 51,
            "maxLevel": 72,
            "weight": 100,
            "value": {
              "min": 1701,
              "max": 2600,
              "step": 1
            }
          },
          {
            "minLevel": 59,
            "maxLevel": 79,
            "weight": 100,
            "value": {
              "min": 2601,
              "max": 3400,
              "step": 1
            }
          },
          {
            "minLevel": 65,
            "maxLevel": 85,
            "weight": 100,
            "value": {
              "min": 3401,
              "max": 4000,
              "step": 1
            }
          },
          {
            "minLevel": 73,
            "maxLevel": -1,
            "weight": 100,
            "value": {
              "min": 4001,
              "max": 5000,
              "step": 1
            }
          },
          {
            "minLevel": 80,
            "maxLevel": -1,
            "weight": 100,
            "value": {
              "min": 5001,
              "max": 6000,
              "step": 1
            }
          },
          {
            "minLevel": 86,
            "maxLevel": -1,
            "weight": 100,
            "value": {
              "min": 6001,
              "max": 7000,
              "step": 1
            }
          }
        ]
      },
      {
        "attribute": "the_vault:armor",
        "group": "ModArmor",
        "identifier": "the_vault:armor",
        "tags": [],
        "tiers": [
          {
            "minLevel": 0,
            "maxLevel": -1,
            "weight": 10,
            "value": {
              "min": 1,
              "max": 2,
              "step": 1
            }
          },
          {
            "minLevel": 15,
            "maxLevel": -1,
            "weight": 10,
            "value": {
              "min": 1,
              "max": 2,
              "step": 1
            }
          },
          {
            "minLevel": 25,
            "maxLevel": -1,
            "weight": 10,
            "value": {
              "min": 1,
              "max": 2,
              "step": 1
            }
          }
        ]
      }
    ],
    "PREFIX": [
      { "attribute": "the_vault:knockback_resistance",
        "group": "ModKnockbackResistance",
        "identifier": "the_vault:tower_knockback_resistance",
        "tags": [
          "focusKnockbackRes"
        ],
        "tiers": [
          {
            "minLevel": 0,
            "maxLevel": 56,
            "weight": 600,
            "value": {
              "min": 0.8,
              "max": 1.0,
              "step": 0.01
            }
          }
        ]
      },
      { "attribute": "the_vault:lucky_hit_chance",
        "group": "BaseBonusPool",
        "identifier": "the_vault:jester_lucky_hit",
        "tiers": [
          {
            "minLevel": 0,
            "maxLevel": -1,
            "weight": 10,
            "value": {
              "min": 0.01,
              "max": 0.1,
              "step": 0.01
            }
          }
        ]
      },
      {
        "attribute": "the_vault:attack_damage",
        "group": "ModAttackDamage",
        "identifier": "the_vault:attackdamage",
        "tags": [],
        "tiers": [
          {
            "minLevel": 0,
            "maxLevel": -1,
            "weight": 20,
            "value": {
              "min": 1.0,
              "max": 1.5,
              "step": 0.1
            }
          },
          {
            "minLevel": 10,
            "maxLevel": -1,
            "weight": 18,
            "value": {
              "min": 1.6,
              "max": 2.0,
              "step": 0.1
            }
          },
          {
            "minLevel": 20,
            "maxLevel": -1,
            "weight": 15,
            "value": {
              "min": 2.1,
              "max": 2.5,
              "step": 0.1
            }
          }
        ]
      },
      {
        "attribute": "the_vault:effect_avoidance",
        "group": "ModPoisonAvoidance",
        "identifier": "the_vault:poisonavoidance",
        "tags": [],
        "tiers": [
          {
            "minLevel": 0,
            "maxLevel": -1,
            "weight": 10,
            "value": {
              "effectKey": "minecraft:poison",
              "minChance": 0.1,
              "maxChance": 0.2,
              "step": 0.05
            }
          },
          {
            "minLevel": 15,
            "maxLevel": -1,
            "weight": 10,
            "value": {
              "effectKey": "minecraft:poison",
              "minChance": 0.21,
              "maxChance": 0.3,
              "step": 0.05
            }
          }
        ]
      },
      { "attribute": "the_vault:added_ability_level",
        "group": "ModAbility",
        "identifier": "the_vault:mod_fear",
        "tags": [
        ],
        "tiers": [
          {
            "minLevel": 25,
            "maxLevel": -1,
            "weight": 8,
            "value": {
              "abilityKey": "Taunt_Repel",
              "levelChange": 4
            }
          },
          {
            "minLevel": 25,
            "maxLevel": -1,
            "weight": 20,
            "value": {
              "abilityKey": "Taunt_Repel",
              "levelChange": 5
            }
          },
          {
            "minLevel": 25,
            "maxLevel": -1,
            "weight": 20,
            "value": {
              "abilityKey": "Taunt_Repel",
              "levelChange": 6
            }
          },
          {
            "minLevel": 25,
            "maxLevel": -1,
            "weight": 2000,
            "value": {
              "abilityKey": "Taunt_Repel",
              "levelChange": 7
            }
          },
          {
            "minLevel": 25,
            "maxLevel": -1,
            "weight": 8,
            "value": {
              "abilityKey": "Taunt_Repel",
              "levelChange": 8
            }
          }
        ]
      }
    ],
    "SUFFIX": [
      {
        "attribute": "the_vault:effect_cloud",
        "group": "ModRegenCloud",
        "identifier": "the_vault:regencloud",
        "tags": [],
        "tiers": [
          {
            "minLevel": 0,
            "maxLevel": -1,
            "weight": 10,
            "value": {
              "tooltipDisplayName": "Healing",
              "potion": "minecraft:healing",
              "additionalEffects": [
                {
                  "effect": "minecraft:instant_health",
                  "duration": 20,
                  "amplifier": 0
                }
              ],
              "duration": 40,
              "radius": 4.0,
              "color": -65536,
              "affectsOwner": true,
              "triggerChance": 0.05
            }
          }
        ]
      },
      {
        "attribute": "the_vault:effect",
        "group": "ModFireEffect",
        "identifier": "the_vault:fireeffect",
        "tags": [],
        "tiers": [
          {
            "minLevel": 15,
            "maxLevel": -1,
            "weight": 10,
            "value": {
              "effectKey": "minecraft:fire_resistance",
              "amplifier": 0
            }
          }
        ]
      },
      {
        "attribute": "the_vault:fire_immunity",
        "group": "ModFireImmunity",
        "identifier": "the_vault:fireimmunity",
        "tags": [],
        "tiers": [
          {
            "minLevel": 0,
            "maxLevel": -1,
            "weight": 10,
            "value": {
              "flag": true
            }
          }
        ]
      },
      {
        "attribute": "the_vault:soulbound",
        "group": "ModSoulbound",
        "identifier": "the_vault:soulbound",
        "tags": [],
        "tiers": [
          {
            "minLevel": 0,
            "maxLevel": -1,
            "weight": 10,
            "value": {
              "flag": true
            }
          }
        ]
      }
    ],
    "ABILITY_ENHANCEMENT": []
  }
}