{
	"credit": "Made with Blockbench",
	"texture": "the_vault:item/gear/trident/skull.png",
	"textureSize": [
		32,
		32
	],
	"models": [
		{
			"part": "body",
			"id": "body",
			"invertAxis": "xy",
			"translate": [
				0,
				-27,
				0
			],
			"boxes": [
				{
					"coordinates": [
						-1.5,
						28,
						-1.5,
						3,
						3,
						3
					],
					"textureOffset": [
						4,
						0
					],
					"sizeAdd": 0.25
				},
				{
					"coordinates": [
						-0.5,
						0,
						-0.5,
						1,
						31,
						1
					],
					"textureOffset": [
						0,
						0
					]
				}
			],
			"submodels": [
				{
					"id": "left",
					"invertAxis": "xy",
					"translate": [
						-1.25,
						29,
						0
					],
					"submodels": [
						{
							"id": "spike",
							"invertAxis": "xy",
							"translate": [
								-0.25,
								3.5,
								0
							],
							"boxes": [
								{
									"coordinates": [
										-0.5,
										-3.5,
										-0.5,
										1,
										3,
										1
									],
									"textureOffset": [
										4,
										13
									]
								}
							]
						},
						{
							"id": "spike2",
							"invertAxis": "xy",
							"translate": [
								-0.5,
								5,
								1
							],
							"boxes": [
								{
									"coordinates": [
										-0.25,
										-3,
										-0.5,
										1,
										1,
										2
									],
									"textureOffset": [
										4,
										18
									]
								}
							]
						},
						{
							"id": "spike3",
							"invertAxis": "xy",
							"translate": [
								0,
								1,
								0
							],
							"boxes": [
								{
									"coordinates": [
										-0.251,
										-3,
										-0.6,
										3,
										1,
										1
									],
									"textureOffset": [
										4,
										11
									]
								}
							]
						}
					]
				},
				{
					"id": "left2",
					"invertAxis": "xy",
					"translate": [
						0.75,
						29,
						0
					],
					"submodels": [
						{
							"id": "spike4",
							"invertAxis": "xy",
							"translate": [
								0.75,
								3.5,
								0
							],
							"boxes": [
								{
									"coordinates": [
										-0.5,
										-3.5,
										-0.5,
										1,
										3,
										1
									],
									"textureOffset": [
										4,
										13
									]
								}
							]
						},
						{
							"id": "spike5",
							"invertAxis": "xy",
							"translate": [
								1,
								4,
								1
							],
							"boxes": [
								{
									"coordinates": [
										-0.75,
										-2,
										-0.5,
										1,
										1,
										2
									],
									"textureOffset": [
										4,
										18
									]
								}
							]
						},
						{
							"id": "spike6",
							"invertAxis": "xy",
							"translate": [
								-0.75,
								0,
								0.5
							],
							"rotate": [
								-20,
								0,
								0
							],
							"boxes": [
								{
									"coordinates": [
										-1.5,
										-2,
										-2.5,
										3,
										1,
										1
									],
									"textureOffset": [
										4,
										0
									]
								}
							]
						}
					]
				}
			]
		}
	]
}