{
	"credit": "Made with Blockbench",
	"texture": "the_vault:item/gear/trident/blooming.png",
	"textureSize": [
		32,
		32
	],
	"models": [
		{
			"part": "body",
			"id": "body",
			"invertAxis": "xy",
			"translate": [
				0,
				-27,
				0
			],
			"boxes": [
				{
					"coordinates": [
						-1.5,
						24,
						-1.5,
						3,
						2,
						3
					],
					"textureOffset": [
						4,
						0
					]
				},
				{
					"coordinates": [
						-0.5,
						4,
						-0.5,
						1,
						20,
						1
					],
					"textureOffset": [
						0,
						0
					]
				},
				{
					"coordinates": [
						-0.5,
						29,
						-0.5,
						1,
						2,
						1
					],
					"textureOffset": [
						12,
						14
					]
				},
				{
					"coordinates": [
						-1,
						26,
						-1,
						2,
						3,
						2
					],
					"textureOffset": [
						12,
						9
					]
				}
			],
			"submodels": [
				{
					"id": "bone",
					"invertAxis": "xy",
					"translate": [
						0,
						27,
						0
					],
					"rotate": [
						0,
						0,
						35
					],
					"boxes": [
						{
							"coordinates": [
								-2.5,
								-1,
								-1,
								0,
								5,
								2
							],
							"textureOffset": [
								5,
								3
							]
						}
					]
				},
				{
					"id": "bone5",
					"invertAxis": "xy",
					"translate": [
						0,
						27,
						0
					],
					"rotate": [
						0,
						0,
						35
					],
					"boxes": [
						{
							"coordinates": [
								-2.5,
								0,
								-2,
								0,
								3,
								1
							],
							"textureOffset": [
								4,
								5
							]
						}
					]
				},
				{
					"id": "bone6",
					"invertAxis": "xy",
					"translate": [
						0,
						27,
						3
					],
					"rotate": [
						0,
						0,
						35
					],
					"boxes": [
						{
							"coordinates": [
								-2.5,
								0,
								-2,
								0,
								3,
								1
							],
							"textureOffset": [
								6,
								4
							]
						}
					]
				},
				{
					"id": "bone2",
					"invertAxis": "xy",
					"translate": [
						4,
						24,
						0
					],
					"rotate": [
						0,
						0,
						-35
					],
					"boxes": [
						{
							"coordinates": [
								-2.5,
								-1,
								-1,
								0,
								5,
								2
							],
							"textureOffset": [
								5,
								3
							]
						},
						{
							"coordinates": [
								-2.5,
								0,
								1,
								0,
								3,
								1
							],
							"textureOffset": [
								4,
								5
							]
						},
						{
							"coordinates": [
								-2.5,
								0,
								-2,
								0,
								3,
								1
							],
							"textureOffset": [
								4,
								5
							]
						}
					]
				},
				{
					"id": "bone3",
					"invertAxis": "xy",
					"translate": [
						0,
						27,
						0
					],
					"rotate": [
						90,
						55,
						90
					],
					"boxes": [
						{
							"coordinates": [
								-2.5,
								-1,
								-1,
								0,
								5,
								2
							],
							"textureOffset": [
								5,
								3
							]
						},
						{
							"coordinates": [
								-2.5,
								0,
								-2,
								0,
								3,
								1
							],
							"textureOffset": [
								4,
								5
							]
						},
						{
							"coordinates": [
								-2.5,
								0,
								1,
								0,
								3,
								1
							],
							"textureOffset": [
								4,
								5
							]
						}
					]
				},
				{
					"id": "bone4",
					"invertAxis": "xy",
					"translate": [
						0,
						24,
						-4
					],
					"rotate": [
						-90,
						55,
						-90
					],
					"boxes": [
						{
							"coordinates": [
								-2.5,
								-1,
								-1,
								0,
								5,
								2
							],
							"textureOffset": [
								5,
								3
							]
						},
						{
							"coordinates": [
								-2.5,
								0,
								1,
								0,
								3,
								1
							],
							"textureOffset": [
								4,
								5
							]
						},
						{
							"coordinates": [
								-2.5,
								0,
								-2,
								0,
								3,
								1
							],
							"textureOffset": [
								4,
								5
							]
						}
					]
				}
			]
		}
	]
}