{
    "values": {
      "default": {
        "type": "loot_chest",
        "filter": "@the_vault:wooden",
        "counter": {
          "type": "target",
          "target": {
            "type": "uniform",
            "min": 1,
            "max": 4
          },
          "variables": {
            "targetTierContribution": 1.0
          }
        },
        "renderer": {
          "type": "card",
          "tooltip": "per ${target} Wooden Chests (${current}/${target})"
        }
      },
      "kill_horde_big": {
        "type": "kill_entity",
        "filter": "@the_vault:horde",
        "counter": {
          "type": "target",
          "target": {
            "type": "uniform",
            "min": 24,
            "max": 36
          },
          "variables": {
            "targetTierContribution": 1.0
          }
        },
        "renderer": {
          "type": "card",
          "tooltip": [
                {
                    "text": "per ",
                    "color": "gray"
                },
                {
                    "text": "${target}",
                    "color": "gold"
                },
                {
                    "text": " Horde Mobs killed",
                    "color": "white"
                }
            ]
        }
      },
      "kill_horde_easy": {
        "type": "kill_entity",
        "filter": "@the_vault:horde",
        "counter": {
          "type": "target",
          "target": {
            "type": "uniform",
            "min": 10,
            "max": 18
          },
          "variables": {
            "targetTierContribution": 1.0
          }
        },
        "renderer": {
          "type": "card",
          "tooltip": "per ${target} Horde Mobs killed"
        }
      },
      "loot_wooden_easy": {
        "type": "loot_chest",
        "filter": "@the_vault:wooden",
        "counter": {
          "type": "target",
          "target": {
            "type": "uniform",
            "min": 10,
            "max": 14
          },
          "variables": {
            "targetTierContribution": 1.0
          }
        },
        "renderer": {
          "type": "card",
          "tooltip": "per ${target} Wooden Chests looted"
        }
      },
      "loot_ornate_easy": {
        "type": "loot_chest",
        "filter": "@the_vault:ornate",
        "counter": {
          "type": "target",
          "target": {
            "type": "uniform",
            "min": 6,
            "max": 7
          },
          "variables": {
            "targetTierContribution": 1.0
          }
        },
        "renderer": {
          "type": "card",
          "tooltip": "per ${target} Ornate Chests looted"
        }
      },
      "loot_living_easy": {
        "type": "loot_chest",
        "filter": "@the_vault:living",
        "counter": {
          "type": "target",
          "target": {
            "type": "uniform",
            "min": 6,
            "max": 7
          },
          "variables": {
            "targetTierContribution": 1.0
          }
        },
        "renderer": {
          "type": "card",
          "tooltip": "per ${target} Living Chests looted"
        }
      },
      "loot_gilded_easy": {
        "type": "loot_chest",
        "filter": "@the_vault:gilded",
        "counter": {
          "type": "target",
          "target": {
            "type": "uniform",
            "min": 6,
            "max": 7
          },
          "variables": {
            "targetTierContribution": 1.0
          }
        },
        "renderer": {
          "type": "card",
          "tooltip": "per ${target} Gilded Chests looted"
        }
      },
      "kill_dwellers_easy": {
        "type": "kill_entity",
        "filter": "@the_vault:fighter",
        "counter": {
          "type": "target",
          "target": {
            "type": "uniform",
            "min": 4,
            "max": 6
          },
          "variables": {
            "targetTierContribution": 1.0
          }
        },
        "renderer": {
          "type": "card",
          "tooltip": "per ${target} Dwellers killed"
        }
      },
      "kill_any_easy": {
        "type": "kill_entity",
        "filter": "@the_vault:mobs",
        "counter": {
          "type": "target",
          "target": {
            "type": "uniform",
            "min": 14,
            "max": 22
          },
          "variables": {
            "targetTierContribution": 1.0
          }
        },
        "renderer": {
          "type": "card",
          "tooltip": "per ${target} mobs killed"
        }
      },
      "loot_any_easy": {
        "type": "loot_chest",
        "filter": "@the_vault:chest",
        "counter": {
          "type": "target",
          "target": {
            "type": "uniform",
            "min": 18,
            "max": 20
          },
          "variables": {
            "targetTierContribution": 1.0
          }
        },
        "renderer": {
          "type": "card",
          "tooltip": "per ${target} chests looted"
        }
      },
      "kill_horde_medium": {
        "type": "kill_entity",
        "filter": "@the_vault:horde",
        "counter": {
          "type": "target",
          "target": {
            "type": "uniform",
            "min": 40,
            "max": 50
          },
          "variables": {
            "targetTierContribution": 1.0
          }
        },
        "renderer": {
          "type": "card",
          "tooltip": "per ${target} Horde Mobs killed"
        }
      },
      "loot_wooden_medium": {
        "type": "loot_chest",
        "filter": "@the_vault:wooden",
        "counter": {
          "type": "target",
          "target": {
            "type": "uniform",
            "min": 24,
            "max": 32
          },
          "variables": {
            "targetTierContribution": 1.0
          }
        },
        "renderer": {
          "type": "card",
          "tooltip": "per ${target} Wooden Chests looted"
        }
      },
      "loot_ornate_medium": {
        "type": "loot_chest",
        "filter": "@the_vault:ornate",
        "counter": {
          "type": "target",
          "target": {
            "type": "uniform",
            "min": 8,
            "max": 12
          },
          "variables": {
            "targetTierContribution": 1.0
          }
        },
        "renderer": {
          "type": "card",
          "tooltip": "per ${target} Ornate Chests looted"
        }
      },
      "loot_living_medium": {
        "type": "loot_chest",
        "filter": "@the_vault:living",
        "counter": {
          "type": "target",
          "target": {
            "type": "uniform",
            "min": 8,
            "max": 12
          },
          "variables": {
            "targetTierContribution": 1.0
          }
        },
        "renderer": {
          "type": "card",
          "tooltip": "per ${target} Living Chests looted"
        }
      },
      "loot_gilded_medium": {
        "type": "loot_chest",
        "filter": "@the_vault:ornate",
        "counter": {
          "type": "target",
          "target": {
            "type": "uniform",
            "min": 8,
            "max": 12
          },
          "variables": {
            "targetTierContribution": 1.0
          }
        },
        "renderer": {
          "type": "card",
          "tooltip": "per ${target} Gilded Chests looted"
        }
      },
      "kill_dwellers_medium": {
        "type": "kill_entity",
        "filter": "@the_vault:fighter",
        "counter": {
          "type": "target",
          "target": {
            "type": "uniform",
            "min": 10,
            "max": 12
          },
          "variables": {
            "targetTierContribution": 1.0
          }
        },
        "renderer": {
          "type": "card",
          "tooltip": "per ${target} Dwellers killed"
        }
      },
      "kill_tanks_medium": {
        "type": "kill_entity",
        "filter": "@the_vault:tank",
        "counter": {
          "type": "target",
          "target": {
            "type": "uniform",
            "min": 3,
            "max": 4
          },
          "variables": {
            "targetTierContribution": 1.0
          }
        },
        "renderer": {
          "type": "card",
          "tooltip": "per ${target} Tanks killed"
        }
      }
    },
    "pools": {
      "default": [
        {
          "value": "default",
          "weight": 1
        },
        {
            "value": "kill_horde_big",
            "weight": 1
          }
      ],
      "easy": [
        {
            "value": "kill_horde_easy",
            "weight": 1
        },
        {
            "value": "loot_wooden_easy",
            "weight": 1
        },
        {
            "value": "loot_ornate_easy",
            "weight": 1
        },
        {
            "value": "loot_gilded_easy",
            "weight": 1
        },
        {
            "value": "loot_living_easy",
            "weight": 1
        },
        {
            "value": "kill_dwellers_easy",
            "weight": 1
        },
        {
            "value": "loot_any_easy",
            "weight": 1
        },
        {
            "value": "kill_any_easy",
            "weight": 1
        }
      ],
      "medium": [
        {
            "value": "kill_horde_medium",
            "weight": 1
        },
        {
            "value": "loot_wooden_medium",
            "weight": 1
        },
        {
            "value": "loot_ornate_medium",
            "weight": 1
        },
        {
            "value": "loot_gilded_medium",
            "weight": 1
        },
        {
            "value": "loot_living_medium",
            "weight": 1
        },
        {
            "value": "kill_dwellers_medium",
            "weight": 1
        },
        {
            "value": "kill_tanks_medium",
            "weight": 1
        }
      ],
      "hard": [

      ]
    }
  }
