{

  "sortnum": 1,
  "name": "Variants",
  "icon": "the_vault:tool{Damage:0,offset:0L,vaultGearData:[L;-39009232517563750L,6317199466446134093L,1514722424829605914L,4616400934536516931L,107798892737L,423054278656L,-8852492746032676864L,-8559560530332385260L,18372019767163027L,288230376101658624L,8589934592L,184828609003782144L,185388976097100464L,140751079104801L,34359738360L,1024L,1514722424829605888L,5770026126585140547L,-8388307835L,2199023255555L,-6589878960610344960L,2903310526063837840L,-7620749799L,2199023255555L,1130297953353728L]}",
  "category": "patchouli:vault_tools_category",
  "read_by_default": "true",
  "pages": [

    {
      "type": "patchouli:text",
      "text": "Vault Tools are used for $(l)breaking Chests$() and $(l)Spawners$() within Vaults.$(br2)They can only be $(l)crafted$() by the player.$(br2)They can be enhanced further using $(l:vault_tools/jewels)$(l)Jewels$()."
    },

    {
      "anchor": "base_types",
      "type": "patchouli:spotlight",
      "item": "the_vault:tool{Damage:0,offset:0L,vaultGearData:[L;-39009232517563750L,6317199466446134093L,1514722424829605914L,4616400934536516931L,107798892737L,423054278656L,-8852492746032676864L,-8559560530332385260L,18372019767163027L,288230376101658624L,8589934592L,184828609003782144L,185388976097100464L,140751079104801L,34359738360L,1024L,1514722424829605888L,5770026126585140547L,-8388307835L,2199023255555L,-6589878960610344960L,2903310526063837840L,-7620749799L,2199023255555L,1130297953353728L]}",
      "title": "Base Types",
      "text": "The base type of a Vault Tool determines its $(l)functionality$().$(br2)$(l)Picks$(), $(l)Axes$() and $(l)Shovels$() have their default behavior.$(br2)$(l)Hammers$() mine a $(l)square$() area, but need other functionalities to collect the materials.$(br2)$(l)Sickles$() have the same functionality as $(l)Shears$() do."
    },

    {
      "type": "patchouli:text",
      "title": "Tiers",
      "text": "$(br)Vault Tools can be crafted in various tiers. Most are gated behind the player's $(l)level$().$(br2)The higher the tier, the more $(l)capacity$() and $(l)repairs$() the Vault Tool has.$(br2)The capacity determines the $(l)available space$() for Jewel modifications."
    },

    {
      "type": "patchouli:text",
      "title": "Tiers",
      "text": "$(br)The available tiers are:$(br)$(li)Chromatic Iron$(li)Chromatic Steel$(li)Black Chromatic Steel$(li)Melded$(li)Vaulterite$(li)Echoing$(li)Prismatic"
    }

  ]

}
