{
  "type": "diy_vault",
  "starts": "the_vault:vault/starts/void_starts",
  "common_rooms": "the_vault:vault/rooms/void_common_rooms",
  "challenge_rooms": "the_vault:vault/rooms/challenge_rooms",
  "omega_rooms": "the_vault:vault/rooms/omega_rooms",
  "tunnels": "the_vault:vault/tunnels/void_tunnels",
  "ambient_light": 0.2,
  "fog_color": 655375,
  "grass_color": 4344896,
  "foliage_color": 4344896,
  "water_color": 23,
  "water_fog_color": 23,
  "particle": "minecraft:ash",
  "particle_probability": 0.001
}