[
  {
    "weight": 3,
    "value": {
      "template": "the_vault:empty",
      "palettes": []
    }
  },
  {
    "weight": 2,
    "pool": [
      {
        "weight": 1,
        "value": {
          "template": "the_vault:vault/decor/mush_room/floor_mushroom1",
          "palettes": []
        }
      },
      {
        "weight": 1,
        "value": {
          "template": "the_vault:vault/decor/mush_room/floor_mushroom2",
          "palettes": []
        }
      },
      {
        "weight": 1,
        "value": {
          "template": "the_vault:vault/decor/mush_room/floor_mushroom3",
          "palettes": []
        }
      },
      {
        "weight": 1,
        "value": {
          "template": "the_vault:vault/decor/mush_room/floor_mushroom4",
          "palettes": []
        }
      },
      {
        "weight": 1,
        "value": {
          "template": "the_vault:vault/decor/mush_room/floor_mushroom5",
          "palettes": []
        }
      },
      {
        "weight": 1,
        "value": {
          "template": "the_vault:vault/decor/mush_room/floor_mushroom6",
          "palettes": []
        }
      },
      {
        "weight": 1,
        "value": {
          "template": "the_vault:vault/decor/mush_room/floor_mushroom7",
          "palettes": []
        }
      },
      {
        "weight": 1,
        "value": {
          "template": "the_vault:vault/decor/mush_room/floor_mushroom8",
          "palettes": []
        }
      }
    ]
  }
]