{
  "tile_processors": [
    {
      "type": "weighted_target",
      "target": "minecraft:sand",
      "output": {
        "minecraft:lime_concrete_powder": 1
      }
    },
    {
      "type": "weighted_target",
      "target": "minecraft:sandstone",
      "output": {
        "minecraft:lime_concrete": 1
      }
    },
    {
      "type": "weighted_target",
      "target": "minecraft:smooth_sandstone",
      "output": {
        "minecraft:lime_concrete": 1
      }
    },
    {
      "type": "weighted_target",
      "target": "minecraft:sandstone_slab",
      "output": {
        "twigs:bamboo_thatch_slab": 1
      }
    },
    {
      "type": "weighted_target",
      "target": "minecraft:smooth_sandstone_slab",
      "output": {
        "twigs:bamboo_thatch_slab": 1
      }
    },
    {
      "type": "weighted_target",
      "target": "minecraft:cyan_terracotta",
      "output": {
        "the_vault:velara_dark_smooth_brick": 2,
        "the_vault:velara_gem_block": 1
      }
    },
    {
      "type": "weighted_target",
      "target": "minecraft:oak_leaves",
      "output": {
        "the_vault:velara_leaves": 2,
        "the_vault:velara_bush": 1
      }
    },
    {
      "type": "weighted_target",
      "target": "minecraft:jungle_leaves",
      "output": {
        "the_vault:velara_leaves": 2,
        "the_vault:velara_bush": 1
      }
    },
    {
      "type": "weighted_target",
      "target": "minecraft:dead_bush",
      "output": {
        "botania:lime_shiny_flower": 1
      }
    },
    {
        "type": "reference",
        "id": "the_vault:gate_lock/base"
    }
  ],
  "entity_processors": [],
  "decorators": []
}