{
    "tile_processors": [
        {
            "type": "leveled",
            "levels": [
                {
                    "level": 0,
                    "type": "weighted_target",
                    "target": "ispawner:spawner{group:standard}",
                    "output": {
                        "ispawner:spawner{ Inventory: { Stacks: [ {id: \"the_vault:vault_green_gummy_soldier_egg\", Count: 60}, {id: \"the_vault:vault_blue_gummy_soldier_egg\", Count: 10}, {id: \"the_vault:vault_yellow_gummy_soldier_egg\", Count: 16}, {id: \"the_vault:vault_fighter_0_egg\", Count: 20}, {id: \"alexsmobs:spawn_egg_bunfungus\", Count: 1}, {id: \"minecraft:rabbit_spawn_egg\", Count: 1b, tag: {EntityTag: {RabbitType: 99}}} ] } }": 1
                    }
                },
                {
                    "level": 20,
                    "type": "weighted_target",
                    "target": "ispawner:spawner{group:standard}",
                    "output": {
                        "ispawner:spawner{ Inventory: { Stacks: [ {id: \"the_vault:vault_green_gummy_soldier_egg\", Count: 60}, {id: \"the_vault:vault_blue_gummy_soldier_egg\", Count: 10}, {id: \"the_vault:vault_yellow_gummy_soldier_egg\", Count: 16} , {id: \"the_vault:vault_fighter_0_egg\", Count: 19}, {id: \"the_vault:vault_fighter_1_egg\", Count: 1}, {id: \"alexsmobs:spawn_egg_bunfungus\", Count: 1}, {id: \"minecraft:rabbit_spawn_egg\", Count: 1b, tag: {EntityTag: {RabbitType: 99}}} ] } }": 1
                    }
                },
                {
                    "level": 25,
                    "type": "weighted_target",
                    "target": "ispawner:spawner{group:standard}",
                    "output": {
                        "ispawner:spawner{ Inventory: { Stacks: [ {id: \"the_vault:vault_green_gummy_soldier_egg\", Count: 60}, {id: \"the_vault:vault_blue_gummy_soldier_egg\", Count: 10}, {id: \"the_vault:vault_yellow_gummy_soldier_egg\", Count: 16} , {id: \"the_vault:vault_fighter_0_egg\", Count: 15}, {id: \"the_vault:vault_fighter_1_egg\", Count: 5}, {id: \"alexsmobs:spawn_egg_bunfungus\", Count: 1}, {id: \"minecraft:rabbit_spawn_egg\", Count: 1b, tag: {EntityTag: {RabbitType: 99}}} ] } }": 1
                    }
                },
                {
                    "level": 30,
                    "type": "weighted_target",
                    "target": "ispawner:spawner{group:standard}",
                    "output": {
                        "ispawner:spawner{ Inventory: { Stacks: [{id: \"the_vault:vault_green_gummy_soldier_egg\", Count: 60}, {id: \"the_vault:vault_blue_gummy_soldier_egg\", Count: 10}, {id: \"the_vault:vault_yellow_gummy_soldier_egg\", Count: 16} , {id: \"the_vault:vault_fighter_0_egg\", Count: 10}, {id: \"the_vault:vault_fighter_1_egg\", Count: 10}, {id: \"alexsmobs:spawn_egg_bunfungus\", Count: 1}, {id: \"minecraft:rabbit_spawn_egg\", Count: 1b, tag: {EntityTag: {RabbitType: 99}}} ] } }": 1
                    }
                },
                {
                    "level": 40,
                    "type": "weighted_target",
                    "target": "ispawner:spawner{group:standard}",
                    "output": {
                        "ispawner:spawner{ Inventory: { Stacks: [ {id: \"the_vault:vault_green_gummy_soldier_egg\", Count: 60}, {id: \"the_vault:vault_blue_gummy_soldier_egg\", Count: 10}, {id: \"the_vault:vault_yellow_gummy_soldier_egg\", Count: 16} , {id: \"the_vault:vault_fighter_0_egg\", Count: 2}, {id: \"the_vault:vault_fighter_1_egg\", Count: 18}, {id: \"alexsmobs:spawn_egg_bunfungus\", Count: 1}, {id: \"minecraft:rabbit_spawn_egg\", Count: 1b, tag: {EntityTag: {RabbitType: 99}}} ] } }": 1
                    }
                },
                {
                    "level": 50,
                    "type": "weighted_target",
                    "target": "ispawner:spawner{group:standard}",
                    "output": {
                        "ispawner:spawner{ Inventory: { Stacks: [ {id: \"the_vault:vault_green_gummy_soldier_egg\", Count: 60}, {id: \"the_vault:vault_blue_gummy_soldier_egg\", Count: 10}, {id: \"the_vault:vault_yellow_gummy_soldier_egg\", Count: 16} , {id: \"the_vault:vault_fighter_1_egg\", Count: 19}, {id: \"the_vault:vault_fighter_2_egg\", Count: 1}, {id: \"alexsmobs:spawn_egg_bunfungus\", Count: 1}, {id: \"minecraft:rabbit_spawn_egg\", Count: 1b, tag: {EntityTag: {RabbitType: 99}}} ] } }": 1
                    }
                },
                {
                    "level": 55,
                    "type": "weighted_target",
                    "target": "ispawner:spawner{group:standard}",
                    "output": {
                        "ispawner:spawner{ Inventory: { Stacks: [ {id: \"the_vault:vault_green_gummy_soldier_egg\", Count: 60}, {id: \"the_vault:vault_blue_gummy_soldier_egg\", Count: 10}, {id: \"the_vault:vault_yellow_gummy_soldier_egg\", Count: 16} , {id: \"the_vault:vault_fighter_1_egg\", Count: 15}, {id: \"the_vault:vault_fighter_2_egg\", Count: 5}, {id: \"alexsmobs:spawn_egg_bunfungus\", Count: 1}, {id: \"minecraft:rabbit_spawn_egg\", Count: 1b, tag: {EntityTag: {RabbitType: 99}}} ] } }": 1
                    }
                },
                {
                    "level": 60,
                    "type": "weighted_target",
                    "target": "ispawner:spawner{group:standard}",
                    "output": {
                        "ispawner:spawner{ Inventory: { Stacks: [ {id: \"the_vault:vault_green_gummy_soldier_egg\", Count: 60}, {id: \"the_vault:vault_blue_gummy_soldier_egg\", Count: 10}, {id: \"the_vault:vault_yellow_gummy_soldier_egg\", Count: 16} , {id: \"the_vault:vault_fighter_1_egg\", Count: 10}, {id: \"the_vault:vault_fighter_2_egg\", Count: 10}, {id: \"alexsmobs:spawn_egg_bunfungus\", Count: 1}, {id: \"minecraft:rabbit_spawn_egg\", Count: 1b, tag: {EntityTag: {RabbitType: 99}}} ] } }": 1
                    }
                },
                {
                    "level": 65,
                    "type": "weighted_target",
                    "target": "ispawner:spawner{group:standard}",
                    "output": {
                        "ispawner:spawner{ Inventory: { Stacks: [ {id: \"the_vault:vault_green_gummy_soldier_egg\", Count: 60}, {id: \"the_vault:vault_blue_gummy_soldier_egg\", Count: 10}, {id: \"the_vault:vault_yellow_gummy_soldier_egg\", Count: 16} , {id: \"the_vault:vault_fighter_1_egg\", Count: 5}, {id: \"the_vault:vault_fighter_2_egg\", Count: 15}, {id: \"the_vault:vault_fighter_4_egg\", Count: 5}, {id: \"alexsmobs:spawn_egg_bunfungus\", Count: 1}, {id: \"minecraft:rabbit_spawn_egg\", Count: 1b, tag: {EntityTag: {RabbitType: 99}}} ] } }": 1
                    }
                },
                {
                    "level": 70,
                    "type": "weighted_target",
                    "target": "ispawner:spawner{group:standard}",
                    "output": {
                        "ispawner:spawner{ Inventory: { Stacks: [ {id: \"the_vault:vault_green_gummy_soldier_egg\", Count: 60}, {id: \"the_vault:vault_blue_gummy_soldier_egg\", Count: 10}, {id: \"the_vault:vault_yellow_gummy_soldier_egg\", Count: 16} , {id: \"the_vault:vault_fighter_2_egg\", Count: 20}, {id: \"the_vault:vault_fighter_4_egg\", Count: 10}, {id: \"the_vault:t3_piglin_egg\", Count: 1}, {id: \"alexsmobs:spawn_egg_bunfungus\", Count: 1}, {id: \"minecraft:rabbit_spawn_egg\", Count: 1b, tag: {EntityTag: {RabbitType: 99}}} ] } }": 1
                    }
                },
                {
                    "level": 80,
                    "type": "weighted_target",
                    "target": "ispawner:spawner{group:standard}",
                    "output": {
                        "ispawner:spawner{ Inventory: { Stacks: [ {id: \"the_vault:vault_green_gummy_soldier_egg\", Count: 60}, {id: \"the_vault:vault_blue_gummy_soldier_egg\", Count: 10}, {id: \"the_vault:vault_yellow_gummy_soldier_egg\", Count: 16} , {id: \"the_vault:vault_fighter_2_egg\", Count: 20}, {id: \"the_vault:vault_fighter_4_egg\", Count: 20}, {id: \"the_vault:t3_piglin_egg\", Count: 2}, {id: \"alexsmobs:spawn_egg_bunfungus\", Count: 1}, {id: \"minecraft:rabbit_spawn_egg\", Count: 1b, tag: {EntityTag: {RabbitType: 99}}} ] } }": 1
                    }
                },
                {
                    "level": 90,
                    "type": "weighted_target",
                    "target": "ispawner:spawner{group:standard}",
                    "output": {
                        "ispawner:spawner{ Inventory: { Stacks: [ {id: \"the_vault:vault_green_gummy_soldier_egg\", Count: 60}, {id: \"the_vault:vault_blue_gummy_soldier_egg\", Count: 10}, {id: \"the_vault:vault_yellow_gummy_soldier_egg\", Count: 16} , {id: \"the_vault:vault_fighter_2_egg\", Count: 10}, {id: \"the_vault:vault_fighter_4_egg\", Count: 20}, {id: \"the_vault:t3_piglin_egg\", Count: 3}, {id: \"alexsmobs:spawn_egg_bunfungus\", Count: 1}, {id: \"minecraft:rabbit_spawn_egg\", Count: 1b, tag: {EntityTag: {RabbitType: 99}}} ] } }": 1
                    }
                },
                {
                    "level": 100,
                    "type": "weighted_target",
                    "target": "ispawner:spawner{group:standard}",
                    "output": {
                        "ispawner:spawner{ Inventory: { Stacks: [ {id: \"the_vault:vault_green_gummy_soldier_egg\", Count: 60}, {id: \"the_vault:vault_blue_gummy_soldier_egg\", Count: 10}, {id: \"the_vault:vault_yellow_gummy_soldier_egg\", Count: 16} , {id: \"the_vault:vault_fighter_4_egg\", Count: 20}, {id: \"the_vault:t3_piglin_egg\", Count: 4}, {id: \"alexsmobs:spawn_egg_bunfungus\", Count: 1}, {id: \"minecraft:rabbit_spawn_egg\", Count: 1b, tag: {EntityTag: {RabbitType: 99}}} ] } }": 1
                    }
                }
            ]
        },
        {
            "type": "leveled",
            "levels": [
                {
                    "level": 0,
                    "type": "spawner",
                    "target": "ispawner:spawner{group:tank}",
                    "output": [
                        {
                          "elements": {
                            "the_vault:vault_red_gummy_soldier": 1
                          },
                          "weight": 1
                        }
                    ]
                },
                {
                    "level": 65,
                    "type": "spawner",
                    "target": "ispawner:spawner{group:tank}",
                    "output": [
                        {
                          "elements": {
                            "the_vault:vault_red_gummy_soldier": 10,
                            "the_vault:t3_piglin": 1
                          },
                          "weight": 1
                        }
                    ]
                }
            ]
        },
        {
            "type": "leveled",
            "levels": [
                {
                    "level": 0,
                    "type": "spawner",
                    "target": "ispawner:spawner{group:assassin}",
                    "output": [
                        {
                          "elements": {
                            "the_vault:vault_blue_gummy_soldier": 1
                          },
                          "weight": 1
                        }
                    ]
                }
            ]
        },
        {
            "type": "leveled",
            "levels": [
                {
                    "level": 0,
                    "type": "spawner",
                    "target": "ispawner:spawner{group:horde}",
                    "output": [
                        {
                          "elements": {
                            "the_vault:vault_yellow_gummy_soldier": 12
                          },
                          "weight": 1
                        }
                    ]
                }
            ]
        },
        {
            "type": "reference",
            "id": "the_vault:generic/spawners/group_settings"
        }
    ]
}