{
  "jewelRecipes": [
    {
      "id": "the_vault:jewel",
      "output": {
        "AMOUNT": 1,
        "ITEM": "the_vault:jewel",
        "NBT": "{}"
      },
      "inputs": [
        {
          "AMOUNT": 1,
          "ITEM": "the_vault:gemstone",
          "NBT": "{}"
        },
        {
          "AMOUNT": 5,
          "ITEM": "the_vault:gem_wutodie",
          "NBT": "{}"
        },
        {
          "AMOUNT": 8,
          "ITEM": "the_vault:silver_scrap",
          "NBT": "{}"
        },
        {
          "AMOUNT": 9,
          "ITEM": "the_vault:vault_bronze",
          "NBT": "{}"
        }
      ]
    }
  ]
}