[
      {
        "weight": 5,
        "reference": "the_vault:vault/rooms/paradox/tenos/challenge/crystal_caves"
      },
      {
        "weight": 2,
        "reference": "the_vault:vault/rooms/paradox/tenos/challenge/dragon"
      },
      {
        "weight": 10,
        "reference": "the_vault:vault/rooms/paradox/tenos/challenge/village"
      },
      {
        "weight": 10,
        "reference": "the_vault:vault/rooms/paradox/tenos/challenge/wildwest"
      },
      {
        "weight": 6,
        "reference": "the_vault:vault/rooms/paradox/tenos/challenge/factory"
      },
      {
        "weight": 10,
        "reference": "the_vault:vault/rooms/paradox/tenos/challenge/x-mark"
      }
]