{
    "parent": "izzy_vault:objectives/inscription",
    "display": {
      "icon": {
        "item": "the_vault:inscription_table"
      },
      "title": {"text": "Building the Building Blocks"},
      "description": {"text": "Create an Inscription Table"},
      "frame": "goal"
    },
    "criteria": {
      "craft_item": {
        "trigger": "minecraft:inventory_changed",
        "conditions": {
          "items": [
            {
              "items": [
                "the_vault:inscription_table"
              ]
            }
          ]
        }
      }
    }
  }