{
  "entries": [
    {
      "roll": {
        "type": "uniform",
        "min": 5,
        "max": 5
      },
      "pool": [
        {
          "weight": 70,
          "pool": [
            {
              "weight": 100,
              "item": {
                "id": "the_vault:sword",
                "nbt": {
                  "the_vault:gear_roll_type_pool": "gear_treasure"
                },
                "count": {
                  "type": "uniform",
                  "min": 1,
                  "max": 1
                }
              }
            },
            {
              "weight": 100,
              "item": {
                "id": "the_vault:axe",
                "nbt": {
                  "the_vault:gear_roll_type_pool": "gear_treasure"
                },
                "count": {
                  "type": "uniform",
                  "min": 1,
                  "max": 1
                }
              }
            },
            {
              "weight": 100,
              "item": {
                "id": "the_vault:helmet",
                "nbt": {
                  "the_vault:gear_roll_type_pool": "gear_treasure"
                },
                "count": {
                  "type": "uniform",
                  "min": 1,
                  "max": 1
                }
              }
            },
            {
              "weight": 100,
              "item": {
                "id": "the_vault:chestplate",
                "nbt": {
                  "the_vault:gear_roll_type_pool": "gear_treasure"
                },
                "count": {
                  "type": "uniform",
                  "min": 1,
                  "max": 1
                }
              }
            },
            {
              "weight": 100,
              "item": {
                "id": "the_vault:leggings",
                "nbt": {
                  "the_vault:gear_roll_type_pool": "gear_treasure"
                },
                "count": {
                  "type": "uniform",
                  "min": 1,
                  "max": 1
                }
              }
            },
            {
              "weight": 100,
              "item": {
                "id": "the_vault:boots",
                "nbt": {
                  "the_vault:gear_roll_type_pool": "gear_treasure"
                },
                "count": {
                  "type": "uniform",
                  "min": 1,
                  "max": 1
                }
              }
            },
            {
              "weight": 80,
              "item": {
                "id": "the_vault:shield",
                "nbt": {
                  "the_vault:gear_roll_type_pool": "gear_treasure"
                },
                "count": {
                  "type": "uniform",
                  "min": 1,
                  "max": 1
                }
              }
            },
            {
              "weight": 80,
              "item": {
                "id": "the_vault:wand",
                "nbt": {
                  "the_vault:gear_roll_type_pool": "gear_treasure"
                },
                "count": {
                  "type": "uniform",
                  "min": 1,
                  "max": 1
                }
              }
            },
            {
              "weight": 80,
              "item": {
                "id": "the_vault:focus",
                "nbt": {
                  "the_vault:gear_roll_type_pool": "gear_treasure"
                },
                "count": {
                  "type": "uniform",
                  "min": 1,
                  "max": 1
                }
              }
            }
          ]
        }
      ]
    },
    {
      "roll": {
        "type": "uniform",
        "min": 3,
        "max": 3
      },
      "pool": [
        {
          "weight": 20,
          "item": {
            "id": "the_vault:jewel",
            "nbt": {
              "the_vault:gear_roll_type_pool": "jewel_treasure"
            },
            "count": {
              "type": "uniform",
              "min": 1,
              "max": 1
            }
          }
        }
      ]
    },
    {
      "roll": {
        "type": "uniform",
        "min": 7,
        "max": 7
      },
      "pool": [
        {
          "weight": 20,
          "item": {
            "id": "the_vault:jewel",
            "nbt": {
              "the_vault:gear_roll_type_pool": "jewel_high"
            },
            "count": {
              "type": "uniform",
              "min": 1,
              "max": 1
            }
          }
        },
        {
          "weight": 80,
          "item": {
            "id": "the_vault:jewel",
            "nbt": {
              "the_vault:gear_roll_type_pool": "jewel_normal"
            },
            "count": {
              "type": "uniform",
              "min": 1,
              "max": 1
            }
          }
        }
      ]
    },
    {
      "roll": {
        "type": "uniform",
        "min": 4,
        "max": 4
      },
      "pool": [
        {
          "weight": 30,
          "item": {
            "id": "the_vault:knowledge_star",
            "count": {
              "type": "uniform",
              "min": 1,
              "max": 1
            }
          }
        },
        {
          "weight": 30,
          "item": {
            "id": "the_vault:fundamental_focus",
            "count": {
              "type": "uniform",
              "min": 2,
              "max": 2
            }
          }
        },
        {
          "weight": 10,
          "item": {
            "id": "the_vault:sour_orange",
            "count": {
              "type": "uniform",
              "min": 1,
              "max": 1
            }
          }
        },
        {
          "weight": 10,
          "item": {
            "id": "the_vault:resilient_focus",
            "count": {
              "type": "uniform",
              "min": 1,
              "max": 1
            }
          }
        },
        {
          "weight": 8,
          "item": {
            "id": "the_vault:vault_catalyst_chaos",
            "count": {
              "type": "uniform",
              "min": 1,
              "max": 1
            }
          }
        },
        {
          "weight": 8,
          "item": {
            "id": "the_vault:eye_of_avarice",
            "count": {
              "type": "uniform",
              "min": 1,
              "max": 1
            }
          }
        },
        {
          "weight": 8,
          "item": {
            "id": "the_vault:opportunistic_focus",
            "count": {
              "type": "uniform",
              "min": 1,
              "max": 1
            }
          }
        },
        {
          "weight": 6,
          "item": {
            "id": "the_vault:trinket",
            "count": {
              "type": "uniform",
              "min": 1,
              "max": 1
            }
          }
        },
        {
          "weight": 6,
          "item": {
            "id": "the_vault:artifact_fragment",
            "count": {
              "type": "uniform",
              "min": 1,
              "max": 1
            }
          }
        },
        {
          "weight": 8,
          "item": {
            "id": "the_vault:capstone_dungeon_hunter",
            "count": {
              "type": "uniform",
              "min": 1,
              "max": 1
            }
          }
        },
        {
          "weight": 4,
          "item": {
            "id": "the_vault:crystal_seal_ordinator_run",
            "count": {
              "type": "uniform",
              "min": 1,
              "max": 1
            }
          }
        },
        {
          "weight": 6,
          "item": {
            "id": "the_vault:mystic_pear",
            "count": {
              "type": "uniform",
              "min": 1,
              "max": 1
            }
          }
        },
        {
          "weight": 2,
          "item": {
            "id": "the_vault:treasure_chest_scroll",
            "count": {
              "type": "uniform",
              "min": 1,
              "max": 1
            }
          }
        },
        {
          "weight": 2,
          "item": {
            "id": "the_vault:neuralizer",
            "count": {
              "type": "uniform",
              "min": 1,
              "max": 1
            }
          }
        },
        {
          "weight": 2,
          "item": {
            "id": "the_vault:wold_star_chunk",
            "count": {
              "type": "uniform",
              "min": 1,
              "max": 1
            }
          }
        }
      ]
    },
    {
      "roll": {
        "type": "uniform",
        "min": 15,
        "max": 15
      },
      "pool": [
        {
          "weight": 100,
          "item": {
            "id": "the_vault:vault_diamond",
            "count": {
              "type": "uniform",
              "min": 1,
              "max": 1
            }
          }
        },
        {
          "weight": 60,
          "item": {
            "id": "the_vault:mod_box",
            "count": {
              "type": "uniform",
              "min": 1,
              "max": 1
            }
          }
        },
        {
          "weight": 60,
          "item": {
            "id": "the_vault:regret_orb",
            "count": {
              "type": "uniform",
              "min": 1,
              "max": 1
            }
          }
        },
        {
          "weight": 30,
          "item": {
            "id": "the_vault:mystical_powder",
            "count": {
              "type": "uniform",
              "min": 1,
              "max": 1
            }
          }
        },
        {
          "weight": 40,
          "item": {
            "id": "the_vault:dreamstone",
            "count": {
              "type": "uniform",
              "min": 1,
              "max": 1
            }
          }
        },
        {
          "weight": 40,
          "item": {
            "id": "the_vault:phoenix_dust",
            "count": {
              "type": "uniform",
              "min": 1,
              "max": 1
            }
          }
        },
        {
          "weight": 20,
          "item": {
            "id": "the_vault:crystal_seal_empty",
            "count": {
              "type": "uniform",
              "min": 1,
              "max": 1
            }
          }
        },
        {
          "weight": 20,
          "item": {
            "id": "the_vault:unidentified_relic_fragment",
            "count": {
              "type": "uniform",
              "min": 1,
              "max": 1
            }
          }
        }
      ]
    },
    {
      "roll": {
        "type": "uniform",
        "min": 1,
        "max": 1
      },
      "pool": [
        {
          "weight": 20,
          "item": {
            "id": "the_vault:vault_catalyst_infused",
            "nbt": {
              "pool": "the_vault:treasure_bonus"
            },
            "count": {
              "type": "uniform",
              "min": 1,
              "max": 1
            }
          }
        }
      ]
    },
    {
      "roll": {
        "type": "uniform",
        "min": 6,
        "max": 13
      },
      "pool": [
        {
          "weight": 120,
          "item": {
            "id": "the_vault:vault_silver",
            "count": {
              "type": "uniform",
              "min": 3,
              "max": 6
            }
          }
        },
        {
          "weight": 80,
          "item": {
            "id": "the_vault:vault_gold",
            "count": {
              "type": "uniform",
              "min": 1,
              "max": 1
            }
          }
        },
        {
          "weight": 40,
          "item": {
            "id": "the_vault:vault_gold",
            "count": {
              "type": "uniform",
              "min": 1,
              "max": 2
            }
          }
        },
        {
          "weight": 4,
          "item": {
            "id": "the_vault:vault_palladium",
            "count": {
              "type": "uniform",
              "min": 1,
              "max": 2
            }
          }
        },
        {
          "weight": 1,
          "item": {
            "id": "the_vault:vault_iridium",
            "count": {
              "type": "uniform",
              "min": 1,
              "max": 1
            }
          }
        }
      ]
    }
  ]
}