{
  "entries": [
    {
      "roll": {
        "type": "uniform",
        "min": 24,
        "max": 26
      },
      "pool": [
        {
          "weight": 70,
          "pool": [
            {
              "weight": 16,
              "item": {
                "id": "the_vault:living_rock",
                "count": {
                  "type": "uniform",
                  "min": 1,
                  "max": 2
                }
              }
            },
            {
              "weight": 8,
              "item": {
                "id": "the_vault:mossy_bone",
                "count": {
                  "type": "uniform",
                  "min": 1,
                  "max": 1
                }
              }
            },
            {
              "weight": 10,
              "item": {
                "id": "the_vault:overgrown_wooden_chunk",
                "count": {
                  "type": "uniform",
                  "min": 1,
                  "max": 2
                }
              }
            },
            {
              "weight": 16,
              "item": {
                "id": "the_vault:rotten_meat",
                "count": {
                  "type": "uniform",
                  "min": 1,
                  "max": 2
                }
              }
            },
            {
              "weight": 8,
              "item": {
                "id": "the_vault:knowledge_star_essence",
                "count": {
                  "type": "uniform",
                  "min": 1,
                  "max": 1
                }
              }
            },
            {
              "weight": 4,
              "item": {
                "id": "the_vault:vault_meat",
                "count": {
                  "type": "uniform",
                  "min": 1,
                  "max": 3
                }
              }
            }
          ]
        },
        {
          "weight": 20,
          "pool": [
            {
              "weight": 34,
              "item": {
                "id": "the_vault:burger_patty",
                "count": {
                  "type": "uniform",
                  "min": 1,
                  "max": 1
                }
              }
            },
            {
              "weight": 34,
              "item": {
                "id": "the_vault:burger_bun",
                "count": {
                  "type": "uniform",
                  "min": 1,
                  "max": 1
                }
              }
            },
            {
              "weight": 34,
              "item": {
                "id": "the_vault:burger_cheese",
                "count": {
                  "type": "uniform",
                  "min": 1,
                  "max": 1
                }
              }
            },
            {
              "weight": 34,
              "item": {
                "id": "the_vault:burger_tomato",
                "count": {
                  "type": "uniform",
                  "min": 1,
                  "max": 1
                }
              }
            },
            {
              "weight": 33,
              "item": {
                "id": "the_vault:burger_lettuce",
                "count": {
                  "type": "uniform",
                  "min": 1,
                  "max": 1
                }
              }
            },
            {
              "weight": 120,
              "item": {
                "id": "the_vault:regret_nugget",
                "count": {
                  "type": "uniform",
                  "min": 1,
                  "max": 3
                }
              }
            },
            {
              "weight": 31,
              "item": {
                "id": "the_vault:burger_pickles",
                "count": {
                  "type": "uniform",
                  "min": 1,
                  "max": 1
                }
              }
            },
            {
              "weight": 100,
              "item": {
                "id": "the_vault:knowledge_star_essence",
                "count": {
                  "type": "uniform",
                  "min": 1,
                  "max": 2
                }
              }
            },
            {
              "weight": 120,
              "item": {
                "id": "the_vault:vault_meat",
                "count": {
                  "type": "uniform",
                  "min": 1,
                  "max": 2
                }
              }
            }
          ]
        },
        {
          "weight": 8,
          "pool": [
            {
              "weight": 60,
              "item": {
                "id": "the_vault:living_rock",
                "count": {
                  "type": "uniform",
                  "min": 4,
                  "max": 8
                }
              }
            },
            {
              "weight": 80,
              "item": {
                "id": "the_vault:knowledge_star_essence",
                "count": {
                  "type": "uniform",
                  "min": 1,
                  "max": 2
                }
              }
            }
          ]
        },
        {
          "weight": 2,
          "pool": [
            {
              "weight": 30,
              "item": {
                "id": "the_vault:sweet_kiwi",
                "count": {
                  "type": "uniform",
                  "min": 2,
                  "max": 3
                }
              }
            },
            {
              "weight": 200,
              "item": {
                "id": "the_vault:knowledge_star_essence",
                "count": {
                  "type": "uniform",
                  "min": 2,
                  "max": 3
                }
              }
            },
            {
              "weight": 84,
              "item": {
                "id": "the_vault:mystery_egg",
                "count": {
                  "type": "uniform",
                  "min": 1,
                  "max": 1
                }
              }
            },
            {
              "weight": 56,
              "item": {
                "id": "the_vault:vault_moss",
                "count": {
                  "type": "uniform",
                  "min": 1,
                  "max": 1
                }
              }
            },
            {
              "weight": 16,
              "item": {
                "id": "the_vault:living_chest_scroll",
                "count": {
                  "type": "uniform",
                  "min": 1,
                  "max": 1
                }
              }
            },
            {
              "weight": 8,
              "item": {
                "id": "the_vault:inscription_piece",
                "count": {
                  "type": "uniform",
                  "min": 1,
                  "max": 1
                }
              }
            },
            {
              "weight": 8,
              "item": {
                "id": "the_vault:small_charm",
                "count": {
                  "type": "uniform",
                  "min": 1,
                  "max": 1
                }
              }
            },
            {
              "weight": 2,
              "item": {
                "id": "the_vault:large_charm",
                "count": {
                  "type": "uniform",
                  "min": 1,
                  "max": 1
                }
              }
            },
            {
              "weight": 1,
              "item": {
                "id": "the_vault:card_deck",
                "nbt": {
                  "id": "ldungeon"
                },
                "count": {
                  "type": "uniform",
                  "min": 1,
                  "max": 1
                }
              }
            },
            {
              "weight": 4,
              "item": {
                "id": "the_vault:inscription",
                "nbt": {
                  "pool": "the_vault:random"
                },
                "count": {
                  "type": "uniform",
                  "min": 1,
                  "max": 1
                }
              }
            }
          ]
        }
      ]
    }
  ]
}