[
  {
    "weight": 1,
    "value": {
      "template": "the_vault:vault/decor/generic/common/3x3/hanging1",
      "palettes": [ "the_vault:generic/spawners/common_settings" ]
    }
  },
  {
    "weight": 1,
    "value": {
      "template": "the_vault:vault/decor/generic/common/3x3/hanging2",
      "palettes": [ "the_vault:generic/spawners/common_settings" ]
    }
  },
  {
    "weight": 1,
    "value": {
      "template": "the_vault:vault/decor/generic/common/3x3/hanging3",
      "palettes": [ "the_vault:generic/spawners/common_settings" ]
    }
  },
  {
    "weight": 1,
    "value": {
      "template": "the_vault:vault/decor/generic/common/3x3/hanging4",
      "palettes": [ "the_vault:generic/spawners/common_settings" ]
    }
  },
  {
    "weight": 1,
    "value": {
      "template": "the_vault:vault/decor/generic/common/3x3/hanging5",
      "palettes": [ "the_vault:generic/spawners/common_settings" ]
    }
  },
  {
    "weight": 1,
    "value": {
      "template": "the_vault:vault/decor/generic/common/3x3/hanging6",
      "palettes": [ "the_vault:generic/spawners/common_settings" ]
    }
  },
  {
    "weight": 1,
    "value": {
      "template": "the_vault:vault/decor/generic/common/3x3/hanging7",
      "palettes": [ "the_vault:generic/spawners/common_settings" ]
    }
  },
  {
    "weight": 1,
    "value": {
      "template": "the_vault:vault/decor/generic/common/3x3/hanging8",
      "palettes": [ "the_vault:generic/spawners/common_settings" ]
    }
  }
]