{
    "tile_processors": [
	{
        "type": "weighted_target",
        "target": "minecraft:red_glazed_terracotta",
        "output": {
          "ispawner:spawner{ Inventory: { Stacks: [ {id: \"minecraft:villager_spawn_egg\", Count: 1} ] } }": 1
        }
    },
	{
        "type": "weighted_target",
        "target": "ispawner:spawner{ Inventory: { Stacks: [ {id: \"minecraft:villager_spawn_egg\", Count: 1} ] } }",
        "output": {
          "ispawner:spawner{Manager:{SpawnTimer:0}}": 1
        }
    },
    {
      "type": "leveled",
      "levels": [
          {
              "level": 0,
              "type": "weighted_target",
              "target": "ispawner:spawner{ Inventory: { Stacks: [ {id: \"minecraft:villager_spawn_egg\", Count: 1} ] } }",
              "output": {
                  "ispawner:spawner{ Manager: { Settings: { CapRestrictions: [{Limit: 0, SpawnGroup: 0}, {Limit: 0, SpawnGroup: 7}, {Limit: 0, SpawnGroup: 5}, {Limit: 0, SpawnGroup: 4}, {Limit: 0, SpawnGroup: 3}, {Limit: 0, SpawnGroup: 1}, {Limit: 0, SpawnGroup: 6}, {Limit: 0, SpawnGroup: 2}] } } }": 1
              }
          }
      ]
    },
    {
        "type": "leveled",
        "levels": [
            {
                "level": 0,
                "type": "weighted_target",
                "target": "ispawner:spawner{ Inventory: { Stacks: [ {id: \"minecraft:villager_spawn_egg\", Count: 1} ] } }",
                "output": {
                    "ispawner:spawner{ Manager: { Settings: { CheckRadius: 10 } } }": 1
                }
            }
        ]
    },
      {
        "type": "leveled",
        "levels": [
          {
            "level": 0,
            "type": "weighted_target",
            "target": "ispawner:spawner{ Inventory: { Stacks: [ {id: \"minecraft:villager_spawn_egg\", Count: 1} ] } }",
            "output": {
              "ispawner:spawner{ Manager: { Settings: { Attempts: 1 } } }": 1
            }
          }
        ]
      },
      {
        "type": "leveled",
        "levels": [
          {
            "level": 0,
            "type": "weighted_target",
            "target": "ispawner:spawner{ Inventory: { Stacks: [ {id: \"minecraft:villager_spawn_egg\", Count: 1} ] } }",
            "output": {
              "ispawner:spawner{ Manager: { Settings: { PlayerRadius: 12 } } }": 1
            }
          }
        ]
      },
      {
        "type": "leveled",
        "levels": [
            {
                "level": 0,
                "type": "weighted_target",
                "target": "ispawner:spawner{ Inventory: { Stacks: [ {id: \"minecraft:villager_spawn_egg\", Count: 1} ] } }",
                "output": {
                    "ispawner:spawner{ Manager:{ UsesLeft:1, Settings: { SpawnDelay: 20 } } }": 3
                    
                }
            }
        ]
      },
      {
        "type": "leveled",
        "levels": [
          {
            "level": 0,
            "type": "weighted_target",
            "target": "ispawner:spawner{ Inventory: { Stacks: [ {id: \"minecraft:villager_spawn_egg\", Count: 1} ] } }",
            "output": {
              "ispawner:spawner{ Manager: { Settings: { Mode: 2 } } }": 1
            }
          }
        ]
      },
      {
        "type": "leveled",
        "levels": [
          {
            "level": 0,
            "type": "weighted_target",
            "target": "ispawner:spawner{ Inventory: { Stacks: [ {id: \"minecraft:villager_spawn_egg\", Count: 1} ] } }",
            "output": {
              "ispawner:spawner{ Manager: { Actions: [ { Action: { Side: 1, HitPosX: 0.5d, Pos: 0L, Directions: [I; 0, 4, 2, 3, 5, 1], Hand: 0, HitPosY: 1.0d, HitPosZ: 0.5d }, Weight: 1 } ] } }": 1
            }
          }
        ]
      }
    ]
  }