{
	"credit": "Made with Blockbench",
	"texture_size": [64, 64],
	"textures": {
		"0": "the_vault:block/monolith_side",
		"1": "the_vault:block/monolith_campfire_fire",
		"particle": "the_vault:block/monolith_side"
	},
	"elements": [
		{
			"from": [0, 0, 0],
			"to": [16, 8, 16],
			"faces": {
				"north": {"uv": [0, 6, 4, 8], "texture": "#0"},
				"east": {"uv": [0, 6, 4, 8], "texture": "#0"},
				"south": {"uv": [0, 6, 4, 8], "texture": "#0"},
				"west": {"uv": [0, 6, 4, 8], "texture": "#0"},
				"up": {"uv": [4, 4, 8, 8], "texture": "#0"},
				"down": {"uv": [4, 4, 8, 8], "texture": "#0"}
			}
		},
		{
			"from": [3, 8, 3],
			"to": [13, 10, 13],
			"faces": {
				"north": {"uv": [0.75, 6.5, 3.25, 7], "texture": "#0"},
				"east": {"uv": [0.75, 6.5, 3.25, 7], "texture": "#0"},
				"south": {"uv": [0.75, 6.5, 3.25, 7], "texture": "#0"},
				"west": {"uv": [0.75, 6.5, 3.25, 7], "texture": "#0"},
				"up": {"uv": [4.75, 4.75, 7.25, 7.25], "texture": "#0"},
				"down": {"uv": [4.75, 4.75, 7.25, 7.25], "texture": "#0"}
			}
		},
		{
			"from": [1, 6, 1],
			"to": [3, 14, 3],
			"faces": {
				"north": {"uv": [3.25, 4.5, 3.75, 6.5], "texture": "#0"},
				"east": {"uv": [3.25, 4.5, 3.75, 6.5], "texture": "#0"},
				"south": {"uv": [3.25, 4.5, 3.75, 6.5], "texture": "#0"},
				"west": {"uv": [0.25, 4.5, 0.75, 6.5], "texture": "#0"},
				"up": {"uv": [7.25, 3.25, 7.75, 3.75], "texture": "#0"},
				"down": {"uv": [7.25, 3.25, 7.75, 3.75], "texture": "#0"}
			}
		},
		{
			"from": [1, 6, 13],
			"to": [3, 14, 15],
			"faces": {
				"north": {"uv": [3.25, 4.5, 3.75, 6.5], "texture": "#0"},
				"east": {"uv": [3.25, 4.5, 3.75, 6.5], "texture": "#0"},
				"south": {"uv": [0.25, 4.5, 0.75, 6.5], "texture": "#0"},
				"west": {"uv": [3.25, 4.5, 3.75, 6.5], "texture": "#0"},
				"up": {"uv": [7.25, 0.25, 7.75, 0.75], "texture": "#0"},
				"down": {"uv": [7.25, 0.25, 7.75, 0.75], "texture": "#0"}
			}
		},
		{
			"from": [13, 6, 1],
			"to": [15, 14, 3],
			"faces": {
				"north": {"uv": [0.25, 4.5, 0.75, 6.5], "texture": "#0"},
				"east": {"uv": [3.25, 4.5, 3.75, 6.5], "texture": "#0"},
				"south": {"uv": [3.25, 4.5, 3.75, 6.5], "texture": "#0"},
				"west": {"uv": [3.25, 4.5, 3.75, 6.5], "texture": "#0"},
				"up": {"uv": [4.25, 3.25, 4.75, 3.75], "texture": "#0"},
				"down": {"uv": [4.25, 3.25, 4.75, 3.75], "texture": "#0"}
			}
		},
		{
			"from": [13, 6, 13],
			"to": [15, 14, 15],
			"faces": {
				"north": {"uv": [3.25, 4.5, 3.75, 6.5], "texture": "#0"},
				"east": {"uv": [0.25, 4.5, 0.75, 6.5], "texture": "#0"},
				"south": {"uv": [3.25, 4.5, 3.75, 6.5], "texture": "#0"},
				"west": {"uv": [3.25, 4.5, 3.75, 6.5], "texture": "#0"},
				"up": {"uv": [4.25, 0.25, 4.75, 0.75], "texture": "#0"},
				"down": {"uv": [4.25, 0.25, 4.75, 0.75], "texture": "#0"}
			}
		},
		{
			"from": [2, 12, 2],
			"to": [4, 20, 4],
			"faces": {
				"north": {"uv": [3, 3, 3.5, 5], "texture": "#0"},
				"east": {"uv": [3, 3, 3.5, 5], "texture": "#0"},
				"south": {"uv": [3, 3, 3.5, 5], "texture": "#0"},
				"west": {"uv": [0.5, 3, 1, 5], "texture": "#0"},
				"up": {"uv": [7, 3, 7.5, 3.5], "texture": "#0"},
				"down": {"uv": [7, 3, 7.5, 3.5], "texture": "#0"}
			}
		},
		{
			"from": [12, 12, 2],
			"to": [14, 20, 4],
			"faces": {
				"north": {"uv": [0.5, 3, 1, 5], "texture": "#0"},
				"east": {"uv": [3, 3, 3.5, 5], "texture": "#0"},
				"south": {"uv": [3, 3, 3.5, 5], "texture": "#0"},
				"west": {"uv": [3, 3, 3.5, 5], "texture": "#0"},
				"up": {"uv": [4.5, 3, 5, 3.5], "texture": "#0"},
				"down": {"uv": [4.5, 3, 5, 3.5], "texture": "#0"}
			}
		},
		{
			"from": [2, 12, 12],
			"to": [4, 20, 14],
			"faces": {
				"north": {"uv": [3, 3, 3.5, 5], "texture": "#0"},
				"east": {"uv": [3, 3, 3.5, 5], "texture": "#0"},
				"south": {"uv": [0.5, 3, 1, 5], "texture": "#0"},
				"west": {"uv": [3, 3, 3.5, 5], "texture": "#0"},
				"up": {"uv": [7, 0.5, 7.5, 1], "texture": "#0"},
				"down": {"uv": [7, 0.5, 7.5, 1], "texture": "#0"}
			}
		},
		{
			"from": [12, 12, 12],
			"to": [14, 20, 14],
			"faces": {
				"north": {"uv": [3, 3, 3.5, 5], "texture": "#0"},
				"east": {"uv": [0.5, 3, 1, 5], "texture": "#0"},
				"south": {"uv": [3, 3, 3.5, 5], "texture": "#0"},
				"west": {"uv": [3, 3, 3.5, 5], "texture": "#0"},
				"up": {"uv": [4.5, 0.5, 5, 1], "texture": "#0"},
				"down": {"uv": [4.5, 0.5, 5, 1], "texture": "#0"}
			}
		},
		{
			"from": [4, 18, 2],
			"to": [12, 20, 4],
			"faces": {
				"north": {"uv": [1, 3, 3, 3.5], "texture": "#0"},
				"east": {"uv": [3, 3, 3.5, 3.5], "texture": "#0"},
				"south": {"uv": [1, 3, 3, 3.5], "texture": "#0"},
				"west": {"uv": [0.5, 3, 1, 3.5], "texture": "#0"},
				"up": {"uv": [5, 3, 7, 3.5], "texture": "#0"},
				"down": {"uv": [5, 5.75, 7, 6.25], "texture": "#0"}
			}
		},
		{
			"from": [4, 18, 12],
			"to": [12, 20, 14],
			"faces": {
				"north": {"uv": [1, 3, 3, 3.5], "texture": "#0"},
				"east": {"uv": [3, 3, 3.5, 3.5], "texture": "#0"},
				"south": {"uv": [1, 3, 3, 3.5], "texture": "#0"},
				"west": {"uv": [0.5, 3, 1, 3.5], "texture": "#0"},
				"up": {"uv": [5, 0.5, 7, 1], "texture": "#0"},
				"down": {"uv": [5, 5.75, 7, 6.25], "texture": "#0"}
			}
		},
		{
			"from": [2, 18, 4],
			"to": [4, 20, 12],
			"faces": {
				"north": {"uv": [0.5, 3, 1, 3.5], "texture": "#0"},
				"east": {"uv": [1, 3, 3, 3.5], "texture": "#0"},
				"south": {"uv": [3, 3, 3.5, 3.5], "texture": "#0"},
				"west": {"uv": [1, 3, 3, 3.5], "texture": "#0"},
				"up": {"uv": [7, 1, 7.5, 3], "texture": "#0"},
				"down": {"uv": [5, 5.75, 7, 6.25], "rotation": 90, "texture": "#0"}
			}
		},
		{
			"from": [12, 18, 4],
			"to": [14, 20, 12],
			"faces": {
				"north": {"uv": [0.5, 3, 1, 3.5], "texture": "#0"},
				"east": {"uv": [1, 3, 3, 3.5], "texture": "#0"},
				"south": {"uv": [3, 3, 3.5, 3.5], "texture": "#0"},
				"west": {"uv": [1, 3, 3, 3.5], "texture": "#0"},
				"up": {"uv": [4.5, 1, 5, 3], "texture": "#0"},
				"down": {"uv": [5, 5.75, 7, 6.25], "rotation": 90, "texture": "#0"}
			}
		},
		{
			"from": [4, 10, 5],
			"to": [12, 12, 7],
			"faces": {
				"north": {"uv": [8.75, 0, 9.25, 2], "rotation": 90, "texture": "#0"},
				"east": {"uv": [9.5, 0.5, 10, 1], "texture": "#0"},
				"south": {"uv": [8, 1.5, 8.5, 3.5], "rotation": 90, "texture": "#0"},
				"west": {"uv": [9.5, 0, 10, 0.5], "texture": "#0"},
				"up": {"uv": [8.25, 0, 8.75, 2], "rotation": 90, "texture": "#0"},
				"down": {"uv": [8, 0, 8.5, 2], "rotation": 90, "texture": "#0"}
			}
		},
		{
			"from": [4, 10, 9],
			"to": [12, 12, 11],
			"faces": {
				"north": {"uv": [8, 1.5, 8.5, 3.5], "rotation": 90, "texture": "#0"},
				"east": {"uv": [10, 1, 10.5, 1.5], "texture": "#0"},
				"south": {"uv": [8.5, 1, 9, 3], "rotation": 90, "texture": "#0"},
				"west": {"uv": [9.5, 1, 10, 1.5], "texture": "#0"},
				"up": {"uv": [8.5, 2, 9, 4], "rotation": 90, "texture": "#0"},
				"down": {"uv": [8, 0, 8.5, 2], "rotation": 90, "texture": "#0"}
			}
		},
		{
			"from": [5, 12, 4],
			"to": [7, 14, 12],
			"faces": {
				"north": {"uv": [10.5, 0.5, 11, 1], "texture": "#0"},
				"east": {"uv": [8.75, 0, 9.25, 2], "rotation": 90, "texture": "#0"},
				"south": {"uv": [10.5, 1, 11, 1.5], "texture": "#0"},
				"west": {"uv": [8, 1, 8.5, 3], "rotation": 90, "texture": "#0"},
				"up": {"uv": [8.75, 2, 9.25, 4], "texture": "#0"},
				"down": {"uv": [9, 1, 9.5, 3], "texture": "#0"}
			}
		},
		{
			"from": [9, 12, 4],
			"to": [11, 14, 12],
			"faces": {
				"north": {"uv": [10, 0, 10.5, 0.5], "texture": "#0"},
				"east": {"uv": [8.75, 2, 9.25, 4], "rotation": 90, "texture": "#0"},
				"south": {"uv": [10.5, 0, 11, 0.5], "texture": "#0"},
				"west": {"uv": [8, 1.75, 8.5, 3.75], "rotation": 90, "texture": "#0"},
				"up": {"uv": [8.5, 1, 9, 3], "texture": "#0"},
				"down": {"uv": [9, 0, 9.5, 2], "texture": "#0"}
			}
		},
		{
			"from": [0, 12, 8.25],
			"to": [0, 20, 14.25],
			"rotation": {"angle": 45, "axis": "y", "origin": [0, 0, 0]},
			"faces": {
				"north": {"uv": [0, 0, 0, 0.5], "texture": "#1"},
				"east": {"uv": [2, 0, 14, 16], "texture": "#1"},
				"south": {"uv": [0, 0, 0, 0.5], "texture": "#1"},
				"west": {"uv": [2, 0, 14, 16], "texture": "#1"},
				"up": {"uv": [0, 0, 0, 2.25], "texture": "#1"},
				"down": {"uv": [0, 0, 0, 2.25], "texture": "#1"}
			}
		},
		{
			"from": [11, 12, -2.75],
			"to": [11, 20, 3.25],
			"rotation": {"angle": -45, "axis": "y", "origin": [0, 0, 0]},
			"faces": {
				"north": {"uv": [0, 0, 0, 0.5], "texture": "#1"},
				"east": {"uv": [2, 0, 14, 16], "texture": "#1"},
				"south": {"uv": [0, 0, 0, 0.5], "texture": "#1"},
				"west": {"uv": [2, 0, 14, 16], "texture": "#1"},
				"up": {"uv": [0, 0, 0, 2.25], "texture": "#1"},
				"down": {"uv": [0, 0, 0, 2.25], "texture": "#1"}
			}
		}
	],
	"groups": [
		{
			"name": "group",
			"origin": [8, 8, 8],
			"color": 0,
			"children": [0, 1]
		},
		{
			"name": "group",
			"origin": [8, 8, 8],
			"color": 0,
			"children": [2, 3, 4, 5]
		},
		{
			"name": "group",
			"origin": [8, 8, 8],
			"color": 0,
			"children": [6, 7, 8, 9, 10, 11, 12, 13]
		},
		14,
		15,
		16,
		17,
		18,
		19
	]
}