{
	"credit": "Made with Blockbench",
	"texture_size": [32, 32],
	"textures": {
		"0": "the_vault:block/crystal_workbench",
		"particle": "the_vault:block/crystal_workbench"
	},
	"elements": [
		{
			"from": [0, 0, 0],
			"to": [4, 8, 4],
			"faces": {
				"north": {"uv": [0, 10, 2, 14], "texture": "#0"},
				"east": {"uv": [0, 10, 2, 14], "texture": "#0"},
				"south": {"uv": [0, 10, 2, 14], "texture": "#0"},
				"west": {"uv": [0, 10, 2, 14], "texture": "#0"},
				"up": {"uv": [0, 8, 2, 10], "texture": "#0"},
				"down": {"uv": [0, 14, 2, 16], "texture": "#0"}
			}
		},
		{
			"from": [12, 0, 0],
			"to": [16, 8, 4],
			"rotation": {"angle": 0, "axis": "y", "origin": [12, 0, 0]},
			"faces": {
				"north": {"uv": [0, 10, 2, 14], "texture": "#0"},
				"east": {"uv": [0, 10, 2, 14], "texture": "#0"},
				"south": {"uv": [0, 10, 2, 14], "texture": "#0"},
				"west": {"uv": [0, 10, 2, 14], "texture": "#0"},
				"up": {"uv": [0, 8, 2, 10], "texture": "#0"},
				"down": {"uv": [0, 14, 2, 16], "texture": "#0"}
			}
		},
		{
			"from": [0, 0, 12],
			"to": [4, 8, 16],
			"rotation": {"angle": 0, "axis": "y", "origin": [0, 0, 12]},
			"faces": {
				"north": {"uv": [0, 10, 2, 14], "texture": "#0"},
				"east": {"uv": [0, 10, 2, 14], "texture": "#0"},
				"south": {"uv": [0, 10, 2, 14], "texture": "#0"},
				"west": {"uv": [0, 10, 2, 14], "texture": "#0"},
				"up": {"uv": [0, 8, 2, 10], "texture": "#0"},
				"down": {"uv": [0, 14, 2, 16], "texture": "#0"}
			}
		},
		{
			"from": [12, 0, 12],
			"to": [16, 8, 16],
			"rotation": {"angle": 0, "axis": "y", "origin": [12, 0, 12]},
			"faces": {
				"north": {"uv": [0, 10, 2, 14], "texture": "#0"},
				"east": {"uv": [0, 10, 2, 14], "texture": "#0"},
				"south": {"uv": [0, 10, 2, 14], "texture": "#0"},
				"west": {"uv": [0, 10, 2, 14], "texture": "#0"},
				"up": {"uv": [0, 8, 2, 10], "texture": "#0"},
				"down": {"uv": [0, 14, 2, 16], "texture": "#0"}
			}
		},
		{
			"from": [2, 2, 2],
			"to": [14, 14, 14],
			"rotation": {"angle": 0, "axis": "y", "origin": [2, 2, 2]},
			"faces": {
				"north": {"uv": [8, 1, 14, 7], "texture": "#0"},
				"east": {"uv": [8, 1, 14, 7], "texture": "#0"},
				"south": {"uv": [8, 1, 14, 7], "texture": "#0"},
				"west": {"uv": [8, 1, 14, 7], "texture": "#0"},
				"up": {"uv": [8, 7, 14, 13], "texture": "#0"},
				"down": {"uv": [8, 7, 14, 13], "texture": "#0"}
			}
		},
		{
			"from": [1, 2, 1],
			"to": [3, 14, 3],
			"rotation": {"angle": 0, "axis": "y", "origin": [1, 2, 1]},
			"faces": {
				"north": {"uv": [2, 8, 3, 14], "texture": "#0"},
				"east": {"uv": [2, 8, 3, 14], "texture": "#0"},
				"south": {"uv": [2, 8, 3, 14], "texture": "#0"},
				"west": {"uv": [2, 8, 3, 14], "texture": "#0"},
				"up": {"uv": [2, 13.5, 3, 14.5], "texture": "#0"},
				"down": {"uv": [2, 13.5, 3, 14.5], "texture": "#0"}
			}
		},
		{
			"from": [13, 2, 1],
			"to": [15, 14, 3],
			"rotation": {"angle": 0, "axis": "y", "origin": [13, 2, 1]},
			"faces": {
				"north": {"uv": [2, 8, 3, 14], "texture": "#0"},
				"east": {"uv": [2, 8, 3, 14], "texture": "#0"},
				"south": {"uv": [2, 8, 3, 14], "texture": "#0"},
				"west": {"uv": [2, 8, 3, 14], "texture": "#0"},
				"up": {"uv": [2, 13.5, 3, 14.5], "texture": "#0"},
				"down": {"uv": [2, 13.5, 3, 14.5], "texture": "#0"}
			}
		},
		{
			"from": [13, 2, 13],
			"to": [15, 14, 15],
			"rotation": {"angle": 0, "axis": "y", "origin": [13, 2, 13]},
			"faces": {
				"north": {"uv": [2, 8, 3, 14], "texture": "#0"},
				"east": {"uv": [2, 8, 3, 14], "texture": "#0"},
				"south": {"uv": [2, 8, 3, 14], "texture": "#0"},
				"west": {"uv": [2, 8, 3, 14], "texture": "#0"},
				"up": {"uv": [2, 13.5, 3, 14.5], "texture": "#0"},
				"down": {"uv": [2, 13.5, 3, 14.5], "texture": "#0"}
			}
		},
		{
			"from": [1, 2, 13],
			"to": [3, 14, 15],
			"rotation": {"angle": 0, "axis": "y", "origin": [1, 2, 13]},
			"faces": {
				"north": {"uv": [2, 8, 3, 14], "texture": "#0"},
				"east": {"uv": [2, 8, 3, 14], "texture": "#0"},
				"south": {"uv": [2, 8, 3, 14], "texture": "#0"},
				"west": {"uv": [2, 8, 3, 14], "texture": "#0"},
				"up": {"uv": [2, 13.5, 3, 14.5], "texture": "#0"},
				"down": {"uv": [2, 13.5, 3, 14.5], "texture": "#0"}
			}
		},
		{
			"from": [0, 14, 0],
			"to": [16, 16, 16],
			"rotation": {"angle": 0, "axis": "y", "origin": [0, 14, 0]},
			"faces": {
				"north": {"uv": [8, 0, 16, 1], "texture": "#0"},
				"east": {"uv": [8, 0, 16, 1], "texture": "#0"},
				"south": {"uv": [8, 0, 16, 1], "texture": "#0"},
				"west": {"uv": [8, 0, 16, 1], "texture": "#0"},
				"up": {"uv": [0, 0, 8, 8], "texture": "#0"},
				"down": {"uv": [0, 0, 8, 8], "texture": "#0"}
			}
		},
		{
			"from": [4, 16, 4],
			"to": [12, 17, 12],
			"rotation": {"angle": 0, "axis": "y", "origin": [4, 16, 4]},
			"faces": {
				"north": {"uv": [3, 12, 7, 12.5], "texture": "#0"},
				"east": {"uv": [3, 12, 7, 12.5], "texture": "#0"},
				"south": {"uv": [3, 12, 7, 12.5], "texture": "#0"},
				"west": {"uv": [3, 12, 7, 12.5], "texture": "#0"},
				"up": {"uv": [3, 8, 7, 12], "texture": "#0"},
				"down": {"uv": [3, 8, 7, 12], "texture": "#0"}
			}
		},
		{
			"from": [3, 16, 3],
			"to": [5, 18, 5],
			"rotation": {"angle": 0, "axis": "y", "origin": [3, 16, 3]},
			"faces": {
				"north": {"uv": [7, 9, 8, 10], "texture": "#0"},
				"east": {"uv": [7, 9, 8, 10], "texture": "#0"},
				"south": {"uv": [7, 9, 8, 10], "texture": "#0"},
				"west": {"uv": [7, 9, 8, 10], "texture": "#0"},
				"up": {"uv": [7, 8, 8, 9], "texture": "#0"},
				"down": {"uv": [7, 10, 8, 11], "texture": "#0"}
			}
		},
		{
			"from": [11, 16, 3],
			"to": [13, 18, 5],
			"rotation": {"angle": 0, "axis": "y", "origin": [11, 16, 3]},
			"faces": {
				"north": {"uv": [7, 9, 8, 10], "texture": "#0"},
				"east": {"uv": [7, 9, 8, 10], "texture": "#0"},
				"south": {"uv": [7, 9, 8, 10], "texture": "#0"},
				"west": {"uv": [7, 9, 8, 10], "texture": "#0"},
				"up": {"uv": [7, 8, 8, 9], "texture": "#0"},
				"down": {"uv": [7, 10, 8, 11], "texture": "#0"}
			}
		},
		{
			"from": [11, 16, 11],
			"to": [13, 18, 13],
			"rotation": {"angle": 0, "axis": "y", "origin": [11, 16, 11]},
			"faces": {
				"north": {"uv": [7, 9, 8, 10], "texture": "#0"},
				"east": {"uv": [7, 9, 8, 10], "texture": "#0"},
				"south": {"uv": [7, 9, 8, 10], "texture": "#0"},
				"west": {"uv": [7, 9, 8, 10], "texture": "#0"},
				"up": {"uv": [7, 8, 8, 9], "texture": "#0"},
				"down": {"uv": [7, 10, 8, 11], "texture": "#0"}
			}
		},
		{
			"from": [3, 16, 11],
			"to": [5, 18, 13],
			"rotation": {"angle": 0, "axis": "y", "origin": [3, 16, 11]},
			"faces": {
				"north": {"uv": [7, 9, 8, 10], "texture": "#0"},
				"east": {"uv": [7, 9, 8, 10], "texture": "#0"},
				"south": {"uv": [7, 9, 8, 10], "texture": "#0"},
				"west": {"uv": [7, 9, 8, 10], "texture": "#0"},
				"up": {"uv": [7, 8, 8, 9], "texture": "#0"},
				"down": {"uv": [7, 10, 8, 11], "texture": "#0"}
			}
		}
	],
	"display": {
		"thirdperson_righthand": {
			"rotation": [75, 45, 0],
			"translation": [0, 2.5, 0],
			"scale": [0.375, 0.375, 0.375]
		},
		"thirdperson_lefthand": {
			"rotation": [75, 45, 0],
			"translation": [0, 2.5, 0],
			"scale": [0.375, 0.375, 0.375]
		},
		"firstperson_righthand": {
			"rotation": [0, 45, 0],
			"scale": [0.4, 0.4, 0.4]
		},
		"firstperson_lefthand": {
			"rotation": [0, 225, 0],
			"scale": [0.4, 0.4, 0.4]
		},
		"ground": {
			"translation": [0, 3, 0],
			"scale": [0.25, 0.25, 0.25]
		},
		"gui": {
			"rotation": [30, 225, 0],
			"scale": [0.625, 0.625, 0.625]
		},
		"fixed": {
			"scale": [0.5, 0.5, 0.5]
		}
	}
}