{
	"credit": "Made with Blockbench",
	"texture_size": [64, 64],
	"textures": {
		"0": "the_vault:block/identification_stand",
		"particle": "block/obsidian"
	},
	"elements": [
		{
			"name": "block",
			"from": [0, 11, 0],
			"to": [16, 16, 16],
			"rotation": {"angle": -22.5, "axis": "x", "origin": [8, 13.5, 8]},
			"faces": {
				"north": {"uv": [4, 7, 8, 8.25], "texture": "#0"},
				"east": {"uv": [7.5, 0, 11.5, 1.25], "texture": "#0"},
				"south": {"uv": [7.5, 1.25, 11.5, 2.5], "texture": "#0"},
				"west": {"uv": [7.5, 2.5, 11.5, 3.75], "texture": "#0"},
				"up": {"uv": [4, 4, 0, 0], "texture": "#0"},
				"down": {"uv": [4, 4, 0, 8], "texture": "#0"}
			}
		},
		{
			"name": "block",
			"from": [13, 15, 2],
			"to": [15, 19, 5],
			"rotation": {"angle": -22.5, "axis": "x", "origin": [8, 13.5, 8]},
			"faces": {
				"north": {"uv": [4.5, 11, 5, 12], "texture": "#0"},
				"east": {"uv": [5, 8.25, 5.75, 9.25], "texture": "#0"},
				"south": {"uv": [3.75, 12, 4.25, 13], "texture": "#0"},
				"west": {"uv": [5.75, 8.25, 6.5, 9.25], "texture": "#0"},
				"up": {"uv": [12.75, 10.5, 12.25, 9.75], "texture": "#0"},
				"down": {"uv": [10.75, 12.25, 10.25, 13], "texture": "#0"}
			}
		},
		{
			"name": "block",
			"from": [10, 17, 2],
			"to": [13, 19, 5],
			"rotation": {"angle": -22.5, "axis": "x", "origin": [8, 13.5, 8]},
			"faces": {
				"north": {"uv": [11.5, 3.25, 12.25, 3.75], "texture": "#0"},
				"east": {"uv": [12.25, 10.5, 13, 11], "texture": "#0"},
				"south": {"uv": [12.25, 11.75, 13, 12.25], "texture": "#0"},
				"west": {"uv": [12.25, 12.25, 13, 12.75], "texture": "#0"},
				"up": {"uv": [12.25, 3.25, 11.5, 2.5], "texture": "#0"},
				"down": {"uv": [12.25, 9.5, 11.5, 10.25], "texture": "#0"}
			}
		},
		{
			"name": "block",
			"from": [3, 17, 2],
			"to": [6, 19, 5],
			"rotation": {"angle": -22.5, "axis": "x", "origin": [8, 13.5, 8]},
			"faces": {
				"north": {"uv": [12.5, 0, 13.25, 0.5], "texture": "#0"},
				"east": {"uv": [12.5, 0.5, 13.25, 1], "texture": "#0"},
				"south": {"uv": [12.5, 1, 13.25, 1.5], "texture": "#0"},
				"west": {"uv": [1.5, 12.5, 2.25, 13], "texture": "#0"},
				"up": {"uv": [12.25, 11, 11.5, 10.25], "texture": "#0"},
				"down": {"uv": [2.25, 11.75, 1.5, 12.5], "texture": "#0"}
			}
		},
		{
			"name": "block",
			"from": [10, 17, 6.5],
			"to": [13, 19, 9.5],
			"rotation": {"angle": -22.5, "axis": "x", "origin": [8, 13.5, 8]},
			"faces": {
				"north": {"uv": [2.25, 12.5, 3, 13], "texture": "#0"},
				"east": {"uv": [3, 12.5, 3.75, 13], "texture": "#0"},
				"south": {"uv": [12.5, 3.5, 13.25, 4], "texture": "#0"},
				"west": {"uv": [12.5, 4, 13.25, 4.5], "texture": "#0"},
				"up": {"uv": [3, 12.5, 2.25, 11.75], "texture": "#0"},
				"down": {"uv": [3.75, 11.75, 3, 12.5], "texture": "#0"}
			}
		},
		{
			"name": "block",
			"from": [3, 17, 6.5],
			"to": [6, 19, 9.5],
			"rotation": {"angle": -22.5, "axis": "x", "origin": [8, 13.5, 8]},
			"faces": {
				"north": {"uv": [12.5, 4.5, 13.25, 5], "texture": "#0"},
				"east": {"uv": [12.5, 5, 13.25, 5.5], "texture": "#0"},
				"south": {"uv": [12.5, 5.5, 13.25, 6], "texture": "#0"},
				"west": {"uv": [12.5, 6, 13.25, 6.5], "texture": "#0"},
				"up": {"uv": [12.5, 6.75, 11.75, 6], "texture": "#0"},
				"down": {"uv": [9, 11.75, 8.25, 12.5], "texture": "#0"}
			}
		},
		{
			"name": "block",
			"from": [10, 17, 11],
			"to": [13, 19, 14],
			"rotation": {"angle": -22.5, "axis": "x", "origin": [8, 13.5, 8]},
			"faces": {
				"north": {"uv": [12.5, 6.5, 13.25, 7], "texture": "#0"},
				"east": {"uv": [12.5, 7, 13.25, 7.5], "texture": "#0"},
				"south": {"uv": [8.25, 12.5, 9, 13], "texture": "#0"},
				"west": {"uv": [9, 12.5, 9.75, 13], "texture": "#0"},
				"up": {"uv": [9.75, 12.5, 9, 11.75], "texture": "#0"},
				"down": {"uv": [11.5, 11.75, 10.75, 12.5], "texture": "#0"}
			}
		},
		{
			"name": "block",
			"from": [3, 17, 11],
			"to": [6, 19, 14],
			"rotation": {"angle": -22.5, "axis": "x", "origin": [8, 13.5, 8]},
			"faces": {
				"north": {"uv": [10.75, 12.5, 11.5, 13], "texture": "#0"},
				"east": {"uv": [12.5, 11, 13.25, 11.5], "texture": "#0"},
				"south": {"uv": [11.5, 12.5, 12.25, 13], "texture": "#0"},
				"west": {"uv": [0, 12.75, 0.75, 13.25], "texture": "#0"},
				"up": {"uv": [12.5, 11.75, 11.75, 11], "texture": "#0"},
				"down": {"uv": [12.25, 11.75, 11.5, 12.5], "texture": "#0"}
			}
		},
		{
			"name": "block",
			"from": [13, 15, 6.5],
			"to": [15, 19, 9.5],
			"rotation": {"angle": -22.5, "axis": "x", "origin": [8, 13.5, 8]},
			"faces": {
				"north": {"uv": [4.25, 12, 4.75, 13], "texture": "#0"},
				"east": {"uv": [6.5, 8.25, 7.25, 9.25], "texture": "#0"},
				"south": {"uv": [12, 6.75, 12.5, 7.75], "texture": "#0"},
				"west": {"uv": [7.25, 8.25, 8, 9.25], "texture": "#0"},
				"up": {"uv": [1.25, 13.5, 0.75, 12.75], "texture": "#0"},
				"down": {"uv": [13.25, 1.5, 12.75, 2.25], "texture": "#0"}
			}
		},
		{
			"name": "block",
			"from": [13, 15, 11],
			"to": [15, 19, 14],
			"rotation": {"angle": -22.5, "axis": "x", "origin": [8, 13.5, 8]},
			"faces": {
				"north": {"uv": [7.25, 12, 7.75, 13], "texture": "#0"},
				"east": {"uv": [1.5, 10.75, 2.25, 11.75], "texture": "#0"},
				"south": {"uv": [7.75, 12, 8.25, 13], "texture": "#0"},
				"west": {"uv": [2.25, 10.75, 3, 11.75], "texture": "#0"},
				"up": {"uv": [13.25, 3, 12.75, 2.25], "texture": "#0"},
				"down": {"uv": [5.25, 12.75, 4.75, 13.5], "texture": "#0"}
			}
		},
		{
			"name": "block",
			"from": [1, 15, 11],
			"to": [3, 19, 14],
			"rotation": {"angle": -22.5, "axis": "x", "origin": [8, 13.5, 8]},
			"faces": {
				"north": {"uv": [12.25, 1.5, 12.75, 2.5], "texture": "#0"},
				"east": {"uv": [3, 10.75, 3.75, 11.75], "texture": "#0"},
				"south": {"uv": [12.25, 2.5, 12.75, 3.5], "texture": "#0"},
				"west": {"uv": [8.5, 10.75, 9.25, 11.75], "texture": "#0"},
				"up": {"uv": [5.75, 13.5, 5.25, 12.75], "texture": "#0"},
				"down": {"uv": [6.25, 12.75, 5.75, 13.5], "texture": "#0"}
			}
		},
		{
			"name": "block",
			"from": [1, 15, 6.5],
			"to": [3, 19, 9.5],
			"rotation": {"angle": -22.5, "axis": "x", "origin": [8, 13.5, 8]},
			"faces": {
				"north": {"uv": [6.5, 12.25, 7, 13.25], "texture": "#0"},
				"east": {"uv": [9.25, 10.75, 10, 11.75], "texture": "#0"},
				"south": {"uv": [12.25, 7.75, 12.75, 8.75], "texture": "#0"},
				"west": {"uv": [10.75, 10, 11.5, 11], "texture": "#0"},
				"up": {"uv": [13.25, 8.25, 12.75, 7.5], "texture": "#0"},
				"down": {"uv": [13.25, 8.25, 12.75, 9], "texture": "#0"}
			}
		},
		{
			"name": "block",
			"from": [1, 15, 2],
			"to": [3, 19, 5],
			"rotation": {"angle": -22.5, "axis": "x", "origin": [8, 13.5, 8]},
			"faces": {
				"north": {"uv": [12.25, 8.75, 12.75, 9.75], "texture": "#0"},
				"east": {"uv": [3.75, 11, 4.5, 12], "texture": "#0"},
				"south": {"uv": [9.75, 12.25, 10.25, 13.25], "texture": "#0"},
				"west": {"uv": [11, 6, 11.75, 7], "texture": "#0"},
				"up": {"uv": [13.25, 9.75, 12.75, 9], "texture": "#0"},
				"down": {"uv": [13.25, 9.75, 12.75, 10.5], "texture": "#0"}
			}
		},
		{
			"name": "block",
			"from": [5, 1, 5],
			"to": [11, 12, 11],
			"rotation": {"angle": 0, "axis": "y", "origin": [8, 0, 8]},
			"faces": {
				"north": {"uv": [7.5, 3.75, 9, 6.5], "texture": "#0"},
				"east": {"uv": [0, 8, 1.5, 10.75], "texture": "#0"},
				"south": {"uv": [1.5, 8, 3, 10.75], "texture": "#0"},
				"west": {"uv": [8, 6.5, 9.5, 9.25], "texture": "#0"},
				"up": {"uv": [10, 10.75, 8.5, 9.25], "texture": "#0"},
				"down": {"uv": [11, 6, 9.5, 7.5], "texture": "#0"}
			}
		},
		{
			"name": "block",
			"from": [1, 0, 1],
			"to": [15, 3, 15],
			"rotation": {"angle": 0, "axis": "y", "origin": [8, 0, 8]},
			"faces": {
				"north": {"uv": [9, 3.75, 12.5, 4.5], "texture": "#0"},
				"east": {"uv": [9, 4.5, 12.5, 5.25], "texture": "#0"},
				"south": {"uv": [9, 5.25, 12.5, 6], "texture": "#0"},
				"west": {"uv": [5, 9.25, 8.5, 10], "texture": "#0"},
				"up": {"uv": [7.5, 3.5, 4, 0], "texture": "#0"},
				"down": {"uv": [7.5, 3.5, 4, 7], "texture": "#0"}
			}
		},
		{
			"from": [6, 3, 11],
			"to": [10, 14, 14],
			"faces": {
				"north": {"uv": [3, 8, 4, 10.75], "texture": "#0"},
				"east": {"uv": [5, 10, 5.75, 12.75], "texture": "#0"},
				"south": {"uv": [4, 8.25, 5, 11], "texture": "#0"},
				"west": {"uv": [5.75, 10, 6.5, 12.75], "texture": "#0"},
				"up": {"uv": [12, 9.5, 11, 8.75], "texture": "#0"},
				"down": {"uv": [11.75, 11, 10.75, 11.75], "texture": "#0"}
			}
		},
		{
			"from": [2, 3, 6],
			"to": [5, 8, 10],
			"faces": {
				"north": {"uv": [10, 10, 10.75, 11.25], "texture": "#0"},
				"east": {"uv": [9.5, 7.5, 10.5, 8.75], "texture": "#0"},
				"south": {"uv": [10.5, 7.5, 11.25, 8.75], "texture": "#0"},
				"west": {"uv": [6.5, 10, 7.5, 11.25], "texture": "#0"},
				"up": {"uv": [7.25, 12.25, 6.5, 11.25], "texture": "#0"},
				"down": {"uv": [12, 7, 11.25, 8], "texture": "#0"}
			}
		},
		{
			"from": [6, 3, 2],
			"to": [10, 6, 5],
			"faces": {
				"north": {"uv": [7.25, 11.25, 8.25, 12], "texture": "#0"},
				"east": {"uv": [0, 12, 0.75, 12.75], "texture": "#0"},
				"south": {"uv": [11.25, 8, 12.25, 8.75], "texture": "#0"},
				"west": {"uv": [0.75, 12, 1.5, 12.75], "texture": "#0"},
				"up": {"uv": [12.5, 0.75, 11.5, 0], "texture": "#0"},
				"down": {"uv": [12.5, 0.75, 11.5, 1.5], "texture": "#0"}
			}
		},
		{
			"from": [11, 3, 6],
			"to": [14, 8, 10],
			"faces": {
				"north": {"uv": [0, 10.75, 0.75, 12], "texture": "#0"},
				"east": {"uv": [7.5, 10, 8.5, 11.25], "texture": "#0"},
				"south": {"uv": [0.75, 10.75, 1.5, 12], "texture": "#0"},
				"west": {"uv": [10, 8.75, 11, 10], "texture": "#0"},
				"up": {"uv": [10.75, 12.25, 10, 11.25], "texture": "#0"},
				"down": {"uv": [12.25, 1.5, 11.5, 2.5], "texture": "#0"}
			}
		}
	],
	"display": {
		"thirdperson_righthand": {
			"rotation": [75, 45, 0],
			"translation": [0, 2.5, 0],
			"scale": [0.375, 0.375, 0.375]
		},
		"thirdperson_lefthand": {
			"rotation": [75, 45, 0],
			"translation": [0, 2.5, 0],
			"scale": [0.375, 0.375, 0.375]
		},
		"firstperson_righthand": {
			"rotation": [0, 45, 0],
			"scale": [0.4, 0.4, 0.4]
		},
		"firstperson_lefthand": {
			"rotation": [0, 225, 0],
			"scale": [0.4, 0.4, 0.4]
		},
		"ground": {
			"translation": [0, 3, 0],
			"scale": [0.25, 0.25, 0.25]
		},
		"gui": {
			"rotation": [30, 225, 0],
			"translation": [0, -0.75, 0],
			"scale": [0.625, 0.625, 0.625]
		},
		"fixed": {
			"scale": [0.5, 0.5, 0.5]
		}
	},
	"groups": [
		{
			"name": "block",
			"origin": [0, 0, 0],
			"color": 0,
			"children": [0, 1, 2, 3, 4, 5, 6, 7, 8, 9, 10, 11, 12, 13, 14, 15, 16, 17, 18]
		}
	]
}