{
	"credit": "Made with Blockbench",
	"texture_size": [64, 64],
	"textures": {
		"0": "the_vault:block/monolith_side",
		"particle": "the_vault:block/monolith_side"
	},
	"elements": [
		{
			"from": [0, 0, 0],
			"to": [16, 8, 16],
			"faces": {
				"north": {"uv": [0, 8, 8, 13], "texture": "#0"},
				"east": {"uv": [0, 8, 8, 13], "texture": "#0"},
				"south": {"uv": [0, 8, 8, 13], "texture": "#0"},
				"west": {"uv": [0, 8, 8, 13], "texture": "#0"},
				"up": {"uv": [8, 8, 0, 0], "texture": "#0"},
				"down": {"uv": [0, 0, 8, 8], "texture": "#0"}
			}
		},
		{
			"from": [3, 8, 3],
			"to": [13, 10, 13],
			"faces": {
				"north": {"uv": [0, 13, 7, 15], "texture": "#0"},
				"east": {"uv": [0, 13, 7, 15], "texture": "#0"},
				"south": {"uv": [0, 13, 7, 15], "texture": "#0"},
				"west": {"uv": [0, 13, 7, 15], "texture": "#0"},
				"up": {"uv": [8, 0, 16, 8], "texture": "#0"},
				"down": {"uv": [0, 0, 8, 8], "texture": "#0"}
			}
		},
		{
			"from": [1, 6, 1],
			"to": [3, 14, 3],
			"faces": {
				"north": {"uv": [15, 0, 16, 4], "texture": "#0"},
				"east": {"uv": [15, 0, 16, 4], "texture": "#0"},
				"south": {"uv": [15, 0, 16, 4], "texture": "#0"},
				"west": {"uv": [15, 0, 16, 4], "texture": "#0"},
				"up": {"uv": [15, 0, 16, 1], "texture": "#0"},
				"down": {"uv": [15, 0, 16, 1], "texture": "#0"}
			}
		},
		{
			"from": [1, 6, 13],
			"to": [3, 14, 15],
			"faces": {
				"north": {"uv": [15, 0, 16, 4], "texture": "#0"},
				"east": {"uv": [15, 0, 16, 4], "texture": "#0"},
				"south": {"uv": [15, 0, 16, 4], "texture": "#0"},
				"west": {"uv": [15, 0, 16, 4], "texture": "#0"},
				"up": {"uv": [15, 0, 16, 1], "texture": "#0"},
				"down": {"uv": [15, 0, 16, 1], "texture": "#0"}
			}
		},
		{
			"from": [13, 6, 1],
			"to": [15, 14, 3],
			"faces": {
				"north": {"uv": [15, 0, 16, 4], "texture": "#0"},
				"east": {"uv": [15, 0, 16, 4], "texture": "#0"},
				"south": {"uv": [15, 0, 16, 4], "texture": "#0"},
				"west": {"uv": [15, 0, 16, 4], "texture": "#0"},
				"up": {"uv": [15, 0, 16, 1], "texture": "#0"},
				"down": {"uv": [15, 0, 16, 1], "texture": "#0"}
			}
		},
		{
			"from": [13, 6, 13],
			"to": [15, 14, 15],
			"faces": {
				"north": {"uv": [15, 0, 16, 4], "texture": "#0"},
				"east": {"uv": [15, 0, 16, 4], "texture": "#0"},
				"south": {"uv": [15, 0, 16, 4], "texture": "#0"},
				"west": {"uv": [15, 0, 16, 4], "texture": "#0"},
				"up": {"uv": [15, 0, 16, 1], "texture": "#0"},
				"down": {"uv": [15, 0, 16, 1], "texture": "#0"}
			}
		},
		{
			"from": [2, 12, 2],
			"to": [4, 20, 4],
			"faces": {
				"north": {"uv": [15, 0, 16, 4], "texture": "#0"},
				"east": {"uv": [15, 0, 16, 4], "texture": "#0"},
				"south": {"uv": [15, 0, 16, 4], "texture": "#0"},
				"west": {"uv": [15, 0, 16, 4], "texture": "#0"},
				"up": {"uv": [15, 0, 16, 1], "texture": "#0"},
				"down": {"uv": [15, 0, 16, 1], "texture": "#0"}
			}
		},
		{
			"from": [12, 12, 2],
			"to": [14, 20, 4],
			"faces": {
				"north": {"uv": [15, 0, 16, 4], "texture": "#0"},
				"east": {"uv": [15, 0, 16, 4], "texture": "#0"},
				"south": {"uv": [15, 0, 16, 4], "texture": "#0"},
				"west": {"uv": [15, 0, 16, 4], "texture": "#0"},
				"up": {"uv": [15, 0, 16, 1], "texture": "#0"},
				"down": {"uv": [15, 0, 16, 1], "texture": "#0"}
			}
		},
		{
			"from": [2, 12, 12],
			"to": [4, 20, 14],
			"faces": {
				"north": {"uv": [15, 0, 16, 4], "texture": "#0"},
				"east": {"uv": [15, 0, 16, 4], "texture": "#0"},
				"south": {"uv": [15, 0, 16, 4], "texture": "#0"},
				"west": {"uv": [15, 0, 16, 4], "texture": "#0"},
				"up": {"uv": [15, 0, 16, 1], "texture": "#0"},
				"down": {"uv": [15, 0, 16, 1], "texture": "#0"}
			}
		},
		{
			"from": [12, 12, 12],
			"to": [14, 20, 14],
			"faces": {
				"north": {"uv": [15, 0, 16, 4], "texture": "#0"},
				"east": {"uv": [15, 0, 16, 4], "texture": "#0"},
				"south": {"uv": [15, 0, 16, 4], "texture": "#0"},
				"west": {"uv": [15, 0, 16, 4], "texture": "#0"},
				"up": {"uv": [15, 0, 16, 1], "texture": "#0"},
				"down": {"uv": [15, 0, 16, 1], "texture": "#0"}
			}
		},
		{
			"from": [4, 18, 2],
			"to": [12, 20, 4],
			"faces": {
				"north": {"uv": [8.5, 6.5, 12, 7.5], "texture": "#0"},
				"east": {"uv": [15, 0, 16, 1], "texture": "#0"},
				"south": {"uv": [8.5, 6.5, 12, 7.5], "texture": "#0"},
				"west": {"uv": [15, 0, 16, 1], "texture": "#0"},
				"up": {"uv": [8.5, 6.5, 12, 7.5], "texture": "#0"},
				"down": {"uv": [8.5, 6.5, 12, 7.5], "texture": "#0"}
			}
		},
		{
			"from": [4, 18, 12],
			"to": [12, 20, 14],
			"faces": {
				"north": {"uv": [8.5, 6.5, 12, 7.5], "texture": "#0"},
				"east": {"uv": [15, 0, 16, 1], "texture": "#0"},
				"south": {"uv": [8.5, 6.5, 12, 7.5], "texture": "#0"},
				"west": {"uv": [15, 0, 16, 1], "texture": "#0"},
				"up": {"uv": [8.5, 6.5, 12, 7.5], "texture": "#0"},
				"down": {"uv": [8.5, 6.5, 12, 7.5], "texture": "#0"}
			}
		},
		{
			"from": [2, 18, 4],
			"to": [4, 20, 12],
			"faces": {
				"north": {"uv": [15, 0, 16, 1], "texture": "#0"},
				"east": {"uv": [8.5, 6.5, 12, 7.5], "texture": "#0"},
				"south": {"uv": [15, 0, 16, 1], "texture": "#0"},
				"west": {"uv": [8.5, 6.5, 12, 7.5], "texture": "#0"},
				"up": {"uv": [8.5, 4, 9.5, 7.5], "texture": "#0"},
				"down": {"uv": [8.5, 4, 9.5, 7.5], "texture": "#0"}
			}
		},
		{
			"from": [12, 18, 4],
			"to": [14, 20, 12],
			"faces": {
				"north": {"uv": [15, 0, 16, 1], "texture": "#0"},
				"east": {"uv": [8.5, 6.5, 12, 7.5], "texture": "#0"},
				"south": {"uv": [15, 0, 16, 1], "texture": "#0"},
				"west": {"uv": [8.5, 6.5, 12, 7.5], "texture": "#0"},
				"up": {"uv": [8.5, 4, 9.5, 7.5], "texture": "#0"},
				"down": {"uv": [8.5, 4, 9.5, 7.5], "texture": "#0"}
			}
		},
		{
			"from": [4, 10, 5],
			"to": [12, 12, 7],
			"faces": {
				"north": {"uv": [8, 8, 11, 16], "rotation": 90, "texture": "#0"},
				"east": {"uv": [11, 8, 14, 11], "texture": "#0"},
				"south": {"uv": [8, 8, 11, 16], "rotation": 90, "texture": "#0"},
				"west": {"uv": [11, 8, 14, 11], "texture": "#0"},
				"up": {"uv": [8, 8, 11, 16], "rotation": 90, "texture": "#0"},
				"down": {"uv": [8, 0, 8.5, 2], "rotation": 90, "texture": "#0"}
			}
		},
		{
			"from": [4, 10, 9],
			"to": [12, 12, 11],
			"faces": {
				"north": {"uv": [8, 8, 11, 16], "rotation": 90, "texture": "#0"},
				"east": {"uv": [11, 8, 14, 11], "texture": "#0"},
				"south": {"uv": [8, 8, 11, 16], "rotation": 90, "texture": "#0"},
				"west": {"uv": [11, 8, 14, 11], "texture": "#0"},
				"up": {"uv": [8, 8, 11, 16], "rotation": 90, "texture": "#0"},
				"down": {"uv": [8, 8, 11, 16], "rotation": 90, "texture": "#0"}
			}
		},
		{
			"from": [5, 12, 4],
			"to": [7, 14, 12],
			"faces": {
				"north": {"uv": [11, 8, 14, 11], "texture": "#0"},
				"east": {"uv": [8, 8, 11, 16], "rotation": 90, "texture": "#0"},
				"south": {"uv": [11, 8, 14, 11], "texture": "#0"},
				"west": {"uv": [8, 8, 11, 16], "rotation": 90, "texture": "#0"},
				"up": {"uv": [8, 8, 11, 16], "texture": "#0"},
				"down": {"uv": [8, 8, 11, 16], "texture": "#0"}
			}
		},
		{
			"from": [9, 12, 4],
			"to": [11, 14, 12],
			"faces": {
				"north": {"uv": [11, 8, 14, 11], "texture": "#0"},
				"east": {"uv": [8, 8, 11, 16], "rotation": 90, "texture": "#0"},
				"south": {"uv": [11, 8, 14, 11], "texture": "#0"},
				"west": {"uv": [8, 8, 11, 16], "rotation": 90, "texture": "#0"},
				"up": {"uv": [8, 8, 11, 16], "texture": "#0"},
				"down": {"uv": [8, 8, 11, 16], "texture": "#0"}
			}
		},
		{
			"from": [9, 12, 4],
			"to": [11, 14, 12],
			"faces": {
				"north": {"uv": [11, 8, 14, 11], "texture": "#0"},
				"east": {"uv": [8, 8, 11, 16], "rotation": 90, "texture": "#0"},
				"south": {"uv": [11, 8, 14, 11], "texture": "#0"},
				"west": {"uv": [8, 8, 11, 16], "rotation": 90, "texture": "#0"},
				"up": {"uv": [8, 8, 11, 16], "texture": "#0"},
				"down": {"uv": [8, 8, 11, 16], "texture": "#0"}
			}
		},
		{
			"from": [3, 18, 3],
			"to": [5, 26, 5],
			"faces": {
				"north": {"uv": [15, 0, 16, 4], "texture": "#0"},
				"east": {"uv": [15, 0, 16, 4], "texture": "#0"},
				"south": {"uv": [15, 0, 16, 4], "texture": "#0"},
				"west": {"uv": [15, 0, 16, 4], "texture": "#0"},
				"up": {"uv": [15, 0, 16, 1], "texture": "#0"},
				"down": {"uv": [15, 0, 16, 1], "texture": "#0"}
			}
		},
		{
			"from": [11, 18, 3],
			"to": [13, 26, 5],
			"faces": {
				"north": {"uv": [15, 0, 16, 4], "texture": "#0"},
				"east": {"uv": [15, 0, 16, 4], "texture": "#0"},
				"south": {"uv": [15, 0, 16, 4], "texture": "#0"},
				"west": {"uv": [15, 0, 16, 4], "texture": "#0"},
				"up": {"uv": [15, 0, 16, 1], "texture": "#0"},
				"down": {"uv": [15, 0, 16, 1], "texture": "#0"}
			}
		},
		{
			"from": [3, 18, 11],
			"to": [5, 26, 13],
			"faces": {
				"north": {"uv": [15, 0, 16, 4], "texture": "#0"},
				"east": {"uv": [15, 0, 16, 4], "texture": "#0"},
				"south": {"uv": [15, 0, 16, 4], "texture": "#0"},
				"west": {"uv": [15, 0, 16, 4], "texture": "#0"},
				"up": {"uv": [15, 0, 16, 1], "texture": "#0"},
				"down": {"uv": [15, 0, 16, 1], "texture": "#0"}
			}
		},
		{
			"from": [11, 18, 11],
			"to": [13, 26, 13],
			"faces": {
				"north": {"uv": [15, 0, 16, 4], "texture": "#0"},
				"east": {"uv": [15, 0, 16, 4], "texture": "#0"},
				"south": {"uv": [15, 0, 16, 4], "texture": "#0"},
				"west": {"uv": [15, 0, 16, 4], "texture": "#0"},
				"up": {"uv": [15, 0, 16, 1], "texture": "#0"},
				"down": {"uv": [15, 0, 16, 1], "texture": "#0"}
			}
		},
		{
			"from": [5, 21, 3],
			"to": [11, 23, 5],
			"faces": {
				"north": {"uv": [13, 0, 16, 1], "texture": "#0"},
				"east": {"uv": [15, 0, 16, 1], "texture": "#0"},
				"south": {"uv": [13, 0, 16, 1], "texture": "#0"},
				"west": {"uv": [15, 0, 16, 1], "texture": "#0"},
				"up": {"uv": [13, 0, 16, 1], "texture": "#0"},
				"down": {"uv": [13.5, 0, 16, 1], "texture": "#0"}
			}
		},
		{
			"from": [5, 21, 11],
			"to": [11, 23, 13],
			"faces": {
				"north": {"uv": [13, 0, 16, 1], "texture": "#0"},
				"east": {"uv": [15, 0, 16, 1], "texture": "#0"},
				"south": {"uv": [13, 0, 16, 1], "texture": "#0"},
				"west": {"uv": [15, 0, 16, 1], "texture": "#0"},
				"up": {"uv": [13, 0, 16, 1], "texture": "#0"},
				"down": {"uv": [13, 0, 16, 1], "texture": "#0"}
			}
		},
		{
			"from": [3, 21, 5],
			"to": [5, 23, 11],
			"faces": {
				"north": {"uv": [15, 0, 16, 1], "texture": "#0"},
				"east": {"uv": [13, 0, 16, 1], "texture": "#0"},
				"south": {"uv": [15, 0, 16, 1], "texture": "#0"},
				"west": {"uv": [13, 0, 16, 1], "texture": "#0"},
				"up": {"uv": [15, 0, 16, 3], "texture": "#0"},
				"down": {"uv": [15, 0, 16, 3], "texture": "#0"}
			}
		},
		{
			"from": [3, 24, 5],
			"to": [5, 26, 11],
			"faces": {
				"north": {"uv": [15, 0, 16, 1], "texture": "#0"},
				"east": {"uv": [13, 0, 16, 1], "texture": "#0"},
				"south": {"uv": [15, 0, 16, 1], "texture": "#0"},
				"west": {"uv": [13, 0, 16, 1], "texture": "#0"},
				"up": {"uv": [15, 0, 16, 3], "texture": "#0"},
				"down": {"uv": [15, 0, 16, 3], "texture": "#0"}
			}
		},
		{
			"from": [11, 21, 5],
			"to": [13, 23, 11],
			"faces": {
				"north": {"uv": [15, 0, 16, 1], "texture": "#0"},
				"east": {"uv": [13, 0, 16, 1], "texture": "#0"},
				"south": {"uv": [15, 0, 16, 1], "texture": "#0"},
				"west": {"uv": [13, 0, 16, 1], "texture": "#0"},
				"up": {"uv": [15, 0, 16, 3], "texture": "#0"},
				"down": {"uv": [15, 0, 16, 3], "texture": "#0"}
			}
		},
		{
			"from": [11, 24, 5],
			"to": [13, 26, 11],
			"faces": {
				"north": {"uv": [15, 0, 16, 1], "texture": "#0"},
				"east": {"uv": [13, 0, 16, 1], "texture": "#0"},
				"south": {"uv": [15, 0, 16, 1], "texture": "#0"},
				"west": {"uv": [13, 0, 16, 1], "texture": "#0"},
				"up": {"uv": [15, 0, 16, 3], "texture": "#0"},
				"down": {"uv": [15, 0, 16, 3], "texture": "#0"}
			}
		},
		{
			"from": [5, 24, 3],
			"to": [11, 26, 5],
			"faces": {
				"north": {"uv": [13, 0, 16, 1], "texture": "#0"},
				"east": {"uv": [15, 0, 16, 1], "texture": "#0"},
				"south": {"uv": [13, 0, 16, 1], "texture": "#0"},
				"west": {"uv": [15, 0, 16, 1], "texture": "#0"},
				"up": {"uv": [13, 0, 16, 1], "texture": "#0"},
				"down": {"uv": [13, 0, 16, 1], "texture": "#0"}
			}
		},
		{
			"from": [5, 24, 11],
			"to": [11, 26, 13],
			"faces": {
				"north": {"uv": [13, 0, 16, 1], "texture": "#0"},
				"east": {"uv": [15, 0, 16, 1], "texture": "#0"},
				"south": {"uv": [13, 0, 16, 1], "texture": "#0"},
				"west": {"uv": [15, 0, 16, 1], "texture": "#0"},
				"up": {"uv": [13, 0, 16, 1], "texture": "#0"},
				"down": {"uv": [13, 0, 16, 1], "texture": "#0"}
			}
		},
		{
			"from": [4, 24, 4],
			"to": [6, 32, 6],
			"faces": {
				"north": {"uv": [15, 0, 16, 4], "texture": "#0"},
				"east": {"uv": [15, 0, 16, 4], "texture": "#0"},
				"south": {"uv": [15, 0, 16, 4], "texture": "#0"},
				"west": {"uv": [15, 0, 16, 4], "texture": "#0"},
				"up": {"uv": [15, 0, 16, 1], "texture": "#0"},
				"down": {"uv": [15, 0, 16, 1], "texture": "#0"}
			}
		},
		{
			"from": [10, 24, 4],
			"to": [12, 32, 6],
			"faces": {
				"north": {"uv": [15, 0, 16, 4], "texture": "#0"},
				"east": {"uv": [15, 0, 16, 4], "texture": "#0"},
				"south": {"uv": [15, 0, 16, 4], "texture": "#0"},
				"west": {"uv": [15, 0, 16, 4], "texture": "#0"},
				"up": {"uv": [15, 0, 16, 1], "texture": "#0"},
				"down": {"uv": [15, 0, 16, 1], "texture": "#0"}
			}
		},
		{
			"from": [4, 24, 10],
			"to": [6, 32, 12],
			"faces": {
				"north": {"uv": [15, 0, 16, 4], "texture": "#0"},
				"east": {"uv": [15, 0, 16, 4], "texture": "#0"},
				"south": {"uv": [15, 0, 16, 4], "texture": "#0"},
				"west": {"uv": [15, 0, 16, 4], "texture": "#0"},
				"up": {"uv": [15, 0, 16, 1], "texture": "#0"},
				"down": {"uv": [15, 0, 16, 1], "texture": "#0"}
			}
		},
		{
			"from": [10, 24, 10],
			"to": [12, 32, 12],
			"faces": {
				"north": {"uv": [15, 0, 16, 4], "texture": "#0"},
				"east": {"uv": [15, 0, 16, 4], "texture": "#0"},
				"south": {"uv": [15, 0, 16, 4], "texture": "#0"},
				"west": {"uv": [15, 0, 16, 4], "texture": "#0"},
				"up": {"uv": [15, 0, 16, 1], "texture": "#0"},
				"down": {"uv": [15, 0, 16, 1], "texture": "#0"}
			}
		},
		{
			"from": [6, 27, 4],
			"to": [10, 29, 6],
			"faces": {
				"north": {"uv": [14, 0, 16, 1], "texture": "#0"},
				"east": {"uv": [2.5, 0.75, 3, 1.25], "texture": "#0"},
				"south": {"uv": [14, 0, 16, 1], "texture": "#0"},
				"west": {"uv": [1, 0.75, 1.5, 1.25], "texture": "#0"},
				"up": {"uv": [14, 0, 16, 1], "texture": "#0"},
				"down": {"uv": [14, 0, 16, 1], "texture": "#0"}
			}
		},
		{
			"from": [6, 27, 10],
			"to": [10, 29, 12],
			"faces": {
				"north": {"uv": [14, 0, 16, 1], "texture": "#0"},
				"east": {"uv": [2.5, 0.75, 3, 1.25], "texture": "#0"},
				"south": {"uv": [14, 0, 16, 1], "texture": "#0"},
				"west": {"uv": [1, 0.75, 1.5, 1.25], "texture": "#0"},
				"up": {"uv": [14, 0, 16, 1], "texture": "#0"},
				"down": {"uv": [14, 0, 16, 1], "texture": "#0"}
			}
		},
		{
			"from": [4, 30, 6],
			"to": [6, 32, 10],
			"faces": {
				"north": {"uv": [15, 0, 16, 1], "texture": "#0"},
				"east": {"uv": [14, 0, 16, 1], "texture": "#0"},
				"south": {"uv": [15, 0, 16, 1], "texture": "#0"},
				"west": {"uv": [14, 0, 16, 1], "texture": "#0"},
				"up": {"uv": [15, 0, 16, 2], "texture": "#0"},
				"down": {"uv": [14, 0, 16, 1], "texture": "#0"}
			}
		},
		{
			"from": [4, 27, 6],
			"to": [6, 29, 10],
			"faces": {
				"north": {"uv": [15, 0, 16, 1], "texture": "#0"},
				"east": {"uv": [14, 0, 16, 1], "texture": "#0"},
				"south": {"uv": [15, 0, 16, 1], "texture": "#0"},
				"west": {"uv": [14, 0, 16, 1], "texture": "#0"},
				"up": {"uv": [15, 0, 16, 2], "texture": "#0"},
				"down": {"uv": [14, 0, 16, 1], "texture": "#0"}
			}
		},
		{
			"from": [10, 27, 6],
			"to": [12, 29, 10],
			"faces": {
				"north": {"uv": [15, 0, 16, 1], "texture": "#0"},
				"east": {"uv": [14, 0, 16, 1], "texture": "#0"},
				"south": {"uv": [15, 0, 16, 1], "texture": "#0"},
				"west": {"uv": [14, 0, 16, 1], "texture": "#0"},
				"up": {"uv": [15, 0, 16, 2], "texture": "#0"},
				"down": {"uv": [14, 0, 16, 1], "texture": "#0"}
			}
		},
		{
			"from": [10, 30, 6],
			"to": [12, 32, 10],
			"faces": {
				"north": {"uv": [15, 0, 16, 1], "texture": "#0"},
				"east": {"uv": [14, 0, 16, 1], "texture": "#0"},
				"south": {"uv": [15, 0, 16, 1], "texture": "#0"},
				"west": {"uv": [14, 0, 16, 1], "texture": "#0"},
				"up": {"uv": [15, 0, 16, 2], "texture": "#0"},
				"down": {"uv": [14, 0, 16, 1], "texture": "#0"}
			}
		},
		{
			"from": [6, 30, 4],
			"to": [10, 32, 6],
			"faces": {
				"north": {"uv": [14, 0, 16, 1], "texture": "#0"},
				"east": {"uv": [2.5, 0, 3, 0.5], "texture": "#0"},
				"south": {"uv": [14, 0, 16, 1], "texture": "#0"},
				"west": {"uv": [1, 0, 1.5, 0.5], "texture": "#0"},
				"up": {"uv": [14, 0, 16, 1], "texture": "#0"},
				"down": {"uv": [14, 0, 16, 1], "texture": "#0"}
			}
		},
		{
			"from": [6, 30, 10],
			"to": [10, 32, 12],
			"faces": {
				"north": {"uv": [14, 0, 16, 1], "texture": "#0"},
				"east": {"uv": [2.5, 0, 3, 0.5], "texture": "#0"},
				"south": {"uv": [14, 0, 16, 1], "texture": "#0"},
				"west": {"uv": [1, 0, 1.5, 0.5], "texture": "#0"},
				"up": {"uv": [14, 0, 16, 1], "texture": "#0"},
				"down": {"uv": [14, 0, 16, 1], "texture": "#0"}
			}
		}
	],
	"display": {
		"thirdperson_righthand": {
			"rotation": [75, 45, 0],
			"translation": [0, 2.5, 0],
			"scale": [0.375, 0.375, 0.375]
		},
		"thirdperson_lefthand": {
			"rotation": [75, 45, 0],
			"translation": [0, 2.5, 0],
			"scale": [0.375, 0.375, 0.375]
		},
		"firstperson_righthand": {
			"rotation": [0, 45, 0],
			"scale": [0.4, 0.4, 0.4]
		},
		"firstperson_lefthand": {
			"rotation": [0, 225, 0],
			"scale": [0.4, 0.4, 0.4]
		},
		"ground": {
			"translation": [0, 3, 0],
			"scale": [0.25, 0.25, 0.25]
		},
		"gui": {
			"rotation": [30, 225, 0],
			"scale": [0.625, 0.625, 0.625]
		},
		"fixed": {
			"scale": [0.5, 0.5, 0.5]
		}
	},
	"groups": [
		{
			"name": "group",
			"origin": [8, 8, 8],
			"color": 0,
			"children": [0, 1]
		},
		{
			"name": "group",
			"origin": [8, 8, 8],
			"color": 0,
			"children": [2, 3, 4, 5]
		},
		{
			"name": "group",
			"origin": [8, 8, 8],
			"color": 0,
			"children": [6, 7, 8, 9, 10, 11, 12, 13]
		},
		14,
		15,
		16,
		17,
		18,
		19,
		20,
		21,
		22,
		23,
		24,
		25,
		26,
		27,
		28,
		29,
		30,
		31,
		32,
		33,
		34,
		35,
		36,
		37,
		38,
		39,
		40,
		41,
		42
	]
}