{
	"credit": "Made with Blockbench",
	"texture_size": [64, 64],
	"textures": {
		"0": "the_vault:block/monolith_side",
		"particle": "the_vault:block/monolith_side"
	},
	"elements": [
		{
			"from": [0, 0, 0],
			"to": [16, 8, 16],
			"faces": {
				"north": {"uv": [0, 8, 8, 13], "texture": "#0"},
				"east": {"uv": [0, 8, 8, 13], "texture": "#0"},
				"south": {"uv": [0, 8, 8, 13], "texture": "#0"},
				"west": {"uv": [0, 8, 8, 13], "texture": "#0"},
				"up": {"uv": [8, 8, 0, 0], "texture": "#0"},
				"down": {"uv": [0, 0, 8, 8], "texture": "#0"}
			}
		},
		{
			"from": [3, 8, 3],
			"to": [13, 10, 13],
			"faces": {
				"north": {"uv": [0, 13, 7, 15], "texture": "#0"},
				"east": {"uv": [0, 13, 7, 15], "texture": "#0"},
				"south": {"uv": [0, 13, 7, 15], "texture": "#0"},
				"west": {"uv": [0, 13, 7, 15], "texture": "#0"},
				"up": {"uv": [8, 0, 16, 8], "texture": "#0"},
				"down": {"uv": [0, 0, 8, 8], "texture": "#0"}
			}
		},
		{
			"from": [-3.61732, 6.89975, 1],
			"to": [-1.61732, 14.89975, 3],
			"rotation": {"angle": -22.5, "axis": "z", "origin": [-6, 5, 8]},
			"faces": {
				"north": {"uv": [15, 0, 16, 4], "texture": "#0"},
				"east": {"uv": [15, 0, 16, 4], "texture": "#0"},
				"south": {"uv": [15, 0, 16, 4], "texture": "#0"},
				"west": {"uv": [15, 0, 16, 4], "texture": "#0"},
				"up": {"uv": [15, 0, 16, 1], "texture": "#0"},
				"down": {"uv": [15, 0, 16, 1], "texture": "#0"}
			}
		},
		{
			"from": [-0.92388, 0, 23.38268],
			"to": [1.07612, 2, 31.38268],
			"rotation": {"angle": -22.5, "axis": "y", "origin": [1, 2, 29]},
			"faces": {
				"north": {"uv": [11, 8, 14, 11], "texture": "#0"},
				"east": {"uv": [8, 8, 11, 16], "rotation": 90, "texture": "#0"},
				"south": {"uv": [11, 8, 14, 11], "texture": "#0"},
				"west": {"uv": [8, 8, 11, 16], "rotation": 90, "texture": "#0"},
				"up": {"uv": [8, 8, 11, 16], "texture": "#0"},
				"down": {"uv": [8, 8, 11, 16], "texture": "#0"}
			}
		},
		{
			"from": [1.36988, 0.22183, 7.77164],
			"to": [9.36988, 2.22183, 9.77164],
			"rotation": {"angle": 22.5, "axis": "y", "origin": [7, 6, -8]},
			"faces": {
				"north": {"uv": [3.25, 4.5, 3.75, 6.5], "rotation": 270, "texture": "#0"},
				"east": {"uv": [4.25, 3.25, 4.75, 3.75], "rotation": 180, "texture": "#0"},
				"south": {"uv": [3.25, 4.5, 3.75, 6.5], "rotation": 90, "texture": "#0"},
				"west": {"uv": [4.25, 3.25, 4.75, 3.75], "texture": "#0"},
				"up": {"uv": [3.25, 4.5, 3.75, 6.5], "rotation": 90, "texture": "#0"},
				"down": {"uv": [0.25, 4.5, 0.75, 6.5], "rotation": 90, "texture": "#0"}
			}
		},
		{
			"from": [4.08979, 10.07612, 8.29289],
			"to": [12.08979, 12.07612, 10.29289],
			"rotation": {"angle": -45, "axis": "y", "origin": [8, 11, 10]},
			"faces": {
				"north": {"uv": [15, 4.5, 16, 1], "rotation": 270, "texture": "#0"},
				"east": {"uv": [4.25, 0.25, 4.75, 0.75], "texture": "#0"},
				"south": {"uv": [15, 4.5, 16, 1], "rotation": 270, "texture": "#0"},
				"west": {"uv": [4.25, 0.25, 4.75, 0.75], "rotation": 180, "texture": "#0"},
				"up": {"uv": [15, 4.5, 16, 1], "rotation": 270, "texture": "#0"},
				"down": {"uv": [15, 4.5, 16, 1], "rotation": 270, "texture": "#0"}
			}
		},
		{
			"from": [-3.61732, 0.89975, 2],
			"to": [-1.61732, 8.89975, 4],
			"rotation": {"angle": -22.5, "axis": "z", "origin": [-6, 5, 8]},
			"faces": {
				"north": {"uv": [15, 0, 16, 4], "texture": "#0"},
				"east": {"uv": [15, 0, 16, 4], "texture": "#0"},
				"south": {"uv": [15, 0, 16, 4], "texture": "#0"},
				"west": {"uv": [15, 0, 16, 4], "texture": "#0"},
				"up": {"uv": [15, 0, 16, 1], "texture": "#0"},
				"down": {"uv": [15, 0, 16, 1], "texture": "#0"}
			}
		},
		{
			"from": [19.77164, 0, -16],
			"to": [21.77164, 2, -8],
			"rotation": {"angle": -22.5, "axis": "y", "origin": [7, 6, -8]},
			"faces": {
				"north": {"uv": [15, 0, 16, 1], "rotation": 180, "texture": "#0"},
				"east": {"uv": [12, 0, 16, 1], "texture": "#0"},
				"south": {"uv": [15, 0, 16, 1], "texture": "#0"},
				"west": {"uv": [12, 0, 16, 1], "texture": "#0"},
				"up": {"uv": [15, 0, 16, 4], "texture": "#0"},
				"down": {"uv": [15, 0, 16, 4], "texture": "#0"}
			}
		},
		{
			"from": [-11.61732, 0, 20.89975],
			"to": [-9.61732, 2, 28.89975],
			"rotation": {"angle": 22.5, "axis": "y", "origin": [-9, 1, 24]},
			"faces": {
				"north": {"uv": [15, 0, 16, 1], "texture": "#0"},
				"east": {"uv": [12, 0, 16, 1], "texture": "#0"},
				"south": {"uv": [15, 0, 16, 1], "rotation": 180, "texture": "#0"},
				"west": {"uv": [12, 0, 16, 1], "texture": "#0"},
				"up": {"uv": [15, 0, 16, 4], "texture": "#0"},
				"down": {"uv": [15, 0, 16, 4], "texture": "#0"}
			}
		},
		{
			"from": [28.22183, 1.31492, -10.4078],
			"to": [30.22183, 3.31492, -2.4078],
			"rotation": {"angle": -22.5, "axis": "z", "origin": [26, 3, -7]},
			"faces": {
				"north": {"uv": [15, 0, 16, 1], "rotation": 270, "texture": "#0"},
				"east": {"uv": [12, 0, 16, 1], "texture": "#0"},
				"south": {"uv": [15, 0, 16, 1], "rotation": 270, "texture": "#0"},
				"west": {"uv": [12, 0, 16, 1], "texture": "#0"},
				"up": {"uv": [15, 0, 16, 4], "texture": "#0"},
				"down": {"uv": [15, 0, 16, 4], "texture": "#0"}
			}
		},
		{
			"from": [11.77164, 0, -16],
			"to": [19.77164, 2, -14],
			"rotation": {"angle": -22.5, "axis": "y", "origin": [7, 6, -8]},
			"faces": {
				"north": {"uv": [12, 0, 16, 1], "texture": "#0"},
				"east": {"uv": [15, 0, 16, 1], "rotation": 270, "texture": "#0"},
				"south": {"uv": [12, 0, 16, 1], "texture": "#0"},
				"west": {"uv": [15, 0, 16, 1], "rotation": 270, "texture": "#0"},
				"up": {"uv": [12, 0, 16, 1], "texture": "#0"},
				"down": {"uv": [12, 0, 16, 1], "texture": "#0"}
			}
		},
		{
			"from": [-11.61732, 0, 20.89975],
			"to": [-3.61732, 2, 22.89975],
			"rotation": {"angle": 22.5, "axis": "y", "origin": [-9, 1, 24]},
			"faces": {
				"north": {"uv": [15, 4.5, 16, 1], "rotation": 270, "texture": "#0"},
				"east": {"uv": [15, 0, 16, 1], "rotation": 90, "texture": "#0"},
				"south": {"uv": [15, 4.5, 16, 1], "rotation": 270, "texture": "#0"},
				"west": {"uv": [15, 0, 16, 1], "rotation": 270, "texture": "#0"},
				"up": {"uv": [15, 4.5, 16, 1], "rotation": 270, "texture": "#0"},
				"down": {"uv": [15, 4.5, 16, 1], "rotation": 270, "texture": "#0"}
			}
		},
		{
			"from": [-12.46088, 1.7, 15.61732],
			"to": [-4.46088, 3.7, 17.61732],
			"rotation": {"angle": 22.5, "axis": "z", "origin": [-7, 4, 16]},
			"faces": {
				"north": {"uv": [12, 0, 16, 1], "texture": "#0"},
				"east": {"uv": [15, 0, 16, 1], "rotation": 180, "texture": "#0"},
				"south": {"uv": [12, 0, 16, 1], "texture": "#0"},
				"west": {"uv": [15, 0, 16, 1], "rotation": 180, "texture": "#0"},
				"up": {"uv": [12, 0, 16, 1], "texture": "#0"},
				"down": {"uv": [7, 1, 7.5, 3], "rotation": 270, "texture": "#0"}
			}
		},
		{
			"from": [20.22183, 1.31492, -10.4078],
			"to": [28.22183, 3.31492, -8.4078],
			"rotation": {"angle": -22.5, "axis": "z", "origin": [26, 3, -7]},
			"faces": {
				"north": {"uv": [15, 0, 16, 4], "rotation": 90, "texture": "#0"},
				"east": {"uv": [15, 0, 16, 1], "rotation": 90, "texture": "#0"},
				"south": {"uv": [12, 0, 16, 1], "texture": "#0"},
				"west": {"uv": [15, 0, 16, 1], "rotation": 270, "texture": "#0"},
				"up": {"uv": [12, 0, 16, 1], "texture": "#0"},
				"down": {"uv": [12, 0, 16, 1], "texture": "#0"}
			}
		},
		{
			"from": [19, 0, 3],
			"to": [21, 2, 11],
			"rotation": {"angle": 45, "axis": "y", "origin": [21, 0, 6]},
			"faces": {
				"north": {"uv": [11, 8, 14, 11], "texture": "#0"},
				"east": {"uv": [8, 8, 11, 16], "rotation": 90, "texture": "#0"},
				"south": {"uv": [11, 8, 14, 11], "texture": "#0"},
				"west": {"uv": [8, 8, 11, 16], "rotation": 90, "texture": "#0"},
				"up": {"uv": [8, 8, 11, 16], "texture": "#0"},
				"down": {"uv": [8, 8, 11, 16], "texture": "#0"}
			}
		},
		{
			"from": [-7.82843, 0, 16.24264],
			"to": [0.17157, 2, 18.24264],
			"rotation": {"angle": -22.5, "axis": "y", "origin": [-4, -11, 21]},
			"faces": {
				"north": {"uv": [15, 0, 16, 4.5], "rotation": 90, "texture": "#0"},
				"east": {"uv": [15, 0, 16, 1], "texture": "#0"},
				"south": {"uv": [12, 0, 16, 1], "texture": "#0"},
				"west": {"uv": [15, 0, 16, 1], "texture": "#0"},
				"up": {"uv": [15, 4.5, 16, 1], "rotation": 270, "texture": "#0"},
				"down": {"uv": [15, 0, 16, 4.5], "rotation": 270, "texture": "#0"}
			}
		},
		{
			"from": [22.68038, 0, 2.529],
			"to": [30.68038, 2, 4.529],
			"rotation": {"angle": 22.5, "axis": "y", "origin": [22, 0, 1]},
			"faces": {
				"north": {"uv": [12, 0, 16, 1], "texture": "#0"},
				"east": {"uv": [15, 0, 16, 1], "texture": "#0"},
				"south": {"uv": [15, 0, 16, 4.5], "rotation": 90, "texture": "#0"},
				"west": {"uv": [15, 0, 16, 1], "texture": "#0"},
				"up": {"uv": [15, 4.5, 16, 1], "rotation": 90, "texture": "#0"},
				"down": {"uv": [15, 0, 16, 4.5], "rotation": 90, "texture": "#0"}
			}
		},
		{
			"from": [4.37014, 0, 17.9155],
			"to": [12.37014, 2, 19.9155],
			"rotation": {"angle": 22.5, "axis": "y", "origin": [14, 0, 21]},
			"faces": {
				"north": {"uv": [8, 8, 11, 16], "rotation": 90, "texture": "#0"},
				"east": {"uv": [11, 8, 14, 11], "texture": "#0"},
				"south": {"uv": [8, 8, 11, 16], "rotation": 90, "texture": "#0"},
				"west": {"uv": [11, 8, 14, 11], "texture": "#0"},
				"up": {"uv": [8, 8, 11, 16], "rotation": 90, "texture": "#0"},
				"down": {"uv": [8, 8, 11, 16], "rotation": 90, "texture": "#0"}
			}
		},
		{
			"from": [-14.34315, 0, 6.24264],
			"to": [-6.34315, 2, 8.24264],
			"rotation": {"angle": 45, "axis": "y", "origin": [-7, 0, 1]},
			"faces": {
				"north": {"uv": [8, 8, 11, 16], "rotation": 90, "texture": "#0"},
				"east": {"uv": [11, 8, 14, 11], "texture": "#0"},
				"south": {"uv": [8, 8, 11, 16], "rotation": 90, "texture": "#0"},
				"west": {"uv": [11, 8, 14, 11], "texture": "#0"},
				"up": {"uv": [8, 8, 11, 16], "rotation": 90, "texture": "#0"},
				"down": {"uv": [8, 8, 11, 16], "rotation": 90, "texture": "#0"}
			}
		}
	],
	"groups": [
		{
			"name": "group",
			"origin": [8, 8, 8],
			"color": 0,
			"children": [0, 1]
		},
		{
			"name": "group",
			"origin": [8, 8, 8],
			"color": 0,
			"children": [2, 3, 4, 5]
		},
		{
			"name": "group",
			"origin": [8, 8, 8],
			"color": 0,
			"children": [6, 7, 8, 9, 10, 11, 12, 13]
		},
		14,
		15,
		16,
		17,
		18
	]
}