{
	"credit": "Made with Blockbench",
	"texture_size": [64, 64],
	"textures": {
		"0": "the_vault:block/monolith_side",
		"particle": "the_vault:block/monolith_side"
	},
	"elements": [
		{
			"from": [3, 8, 3],
			"to": [13, 10, 13],
			"faces": {
				"north": {"uv": [0, 13, 7, 15], "texture": "#0"},
				"east": {"uv": [0, 13, 7, 15], "texture": "#0"},
				"south": {"uv": [0, 13, 7, 15], "texture": "#0"},
				"west": {"uv": [0, 13, 7, 15], "texture": "#0"},
				"up": {"uv": [8, 0, 16, 8], "texture": "#0"},
				"down": {"uv": [0, 0, 8, 8], "texture": "#0"}
			}
		},
		{
			"from": [0, 0, 0],
			"to": [16, 8, 16],
			"faces": {
				"north": {"uv": [0, 8, 8, 13], "texture": "#0"},
				"east": {"uv": [0, 8, 8, 13], "texture": "#0"},
				"south": {"uv": [0, 8, 8, 13], "texture": "#0"},
				"west": {"uv": [0, 8, 8, 13], "texture": "#0"},
				"up": {"uv": [8, 8, 0, 0], "texture": "#0"},
				"down": {"uv": [0, 0, 8, 8], "texture": "#0"}
			}
		},
		{
			"from": [1, 6, 1],
			"to": [3, 14, 3],
			"faces": {
				"north": {"uv": [15, 0, 16, 4], "texture": "#0"},
				"east": {"uv": [15, 0, 16, 4], "texture": "#0"},
				"south": {"uv": [15, 0, 16, 4], "texture": "#0"},
				"west": {"uv": [15, 0, 16, 4], "texture": "#0"},
				"up": {"uv": [15, 0, 16, 1], "texture": "#0"},
				"down": {"uv": [15, 0, 16, 1], "texture": "#0"}
			}
		},
		{
			"from": [1, 6, 13],
			"to": [3, 14, 15],
			"faces": {
				"north": {"uv": [15, 0, 16, 4], "texture": "#0"},
				"east": {"uv": [15, 0, 16, 4], "texture": "#0"},
				"south": {"uv": [15, 0, 16, 4], "texture": "#0"},
				"west": {"uv": [15, 0, 16, 4], "texture": "#0"},
				"up": {"uv": [15, 0, 16, 1], "texture": "#0"},
				"down": {"uv": [15, 0, 16, 1], "texture": "#0"}
			}
		},
		{
			"from": [13, 6, 1],
			"to": [15, 14, 3],
			"faces": {
				"north": {"uv": [15, 0, 16, 4], "texture": "#0"},
				"east": {"uv": [15, 0, 16, 4], "texture": "#0"},
				"south": {"uv": [15, 0, 16, 4], "texture": "#0"},
				"west": {"uv": [15, 0, 16, 4], "texture": "#0"},
				"up": {"uv": [15, 0, 16, 1], "texture": "#0"},
				"down": {"uv": [15, 0, 16, 1], "texture": "#0"}
			}
		},
		{
			"from": [13, 6, 13],
			"to": [15, 14, 15],
			"faces": {
				"north": {"uv": [15, 0, 16, 4], "texture": "#0"},
				"east": {"uv": [15, 0, 16, 4], "texture": "#0"},
				"south": {"uv": [15, 0, 16, 4], "texture": "#0"},
				"west": {"uv": [15, 0, 16, 4], "texture": "#0"},
				"up": {"uv": [15, 0, 16, 1], "texture": "#0"},
				"down": {"uv": [15, 0, 16, 1], "texture": "#0"}
			}
		},
		{
			"from": [2, 12, 2],
			"to": [4, 20, 4],
			"faces": {
				"north": {"uv": [15, 0, 16, 4], "texture": "#0"},
				"east": {"uv": [15, 0, 16, 4], "texture": "#0"},
				"south": {"uv": [15, 0, 16, 4], "texture": "#0"},
				"west": {"uv": [15, 0, 16, 4], "texture": "#0"},
				"up": {"uv": [15, 0, 16, 1], "texture": "#0"},
				"down": {"uv": [15, 0, 16, 1], "texture": "#0"}
			}
		},
		{
			"from": [12, 12, 2],
			"to": [14, 20, 4],
			"faces": {
				"north": {"uv": [15, 0, 16, 4], "texture": "#0"},
				"east": {"uv": [15, 0, 16, 4], "texture": "#0"},
				"south": {"uv": [15, 0, 16, 4], "texture": "#0"},
				"west": {"uv": [15, 0, 16, 4], "texture": "#0"},
				"up": {"uv": [15, 0, 16, 1], "texture": "#0"},
				"down": {"uv": [15, 0, 16, 1], "texture": "#0"}
			}
		},
		{
			"from": [2, 12, 12],
			"to": [4, 20, 14],
			"faces": {
				"north": {"uv": [15, 0, 16, 4], "texture": "#0"},
				"east": {"uv": [15, 0, 16, 4], "texture": "#0"},
				"south": {"uv": [15, 0, 16, 4], "texture": "#0"},
				"west": {"uv": [15, 0, 16, 4], "texture": "#0"},
				"up": {"uv": [15, 0, 16, 1], "texture": "#0"},
				"down": {"uv": [15, 0, 16, 1], "texture": "#0"}
			}
		},
		{
			"from": [12, 12, 12],
			"to": [14, 20, 14],
			"faces": {
				"north": {"uv": [15, 0, 16, 4], "texture": "#0"},
				"east": {"uv": [15, 0, 16, 4], "texture": "#0"},
				"south": {"uv": [15, 0, 16, 4], "texture": "#0"},
				"west": {"uv": [15, 0, 16, 4], "texture": "#0"},
				"up": {"uv": [15, 0, 16, 1], "texture": "#0"},
				"down": {"uv": [15, 0, 16, 1], "texture": "#0"}
			}
		},
		{
			"from": [4, 18, 2],
			"to": [12, 20, 4],
			"faces": {
				"north": {"uv": [8.5, 6.5, 12, 7.5], "texture": "#0"},
				"east": {"uv": [15, 0, 16, 1], "texture": "#0"},
				"south": {"uv": [8.5, 6.5, 12, 7.5], "texture": "#0"},
				"west": {"uv": [15, 0, 16, 1], "texture": "#0"},
				"up": {"uv": [8.5, 6.5, 12, 7.5], "texture": "#0"},
				"down": {"uv": [8.5, 6.5, 12, 7.5], "texture": "#0"}
			}
		},
		{
			"from": [4, 18, 12],
			"to": [12, 20, 14],
			"faces": {
				"north": {"uv": [8.5, 6.5, 12, 7.5], "texture": "#0"},
				"east": {"uv": [15, 0, 16, 1], "texture": "#0"},
				"south": {"uv": [8.5, 6.5, 12, 7.5], "texture": "#0"},
				"west": {"uv": [15, 0, 16, 1], "texture": "#0"},
				"up": {"uv": [8.5, 6.5, 12, 7.5], "texture": "#0"},
				"down": {"uv": [8.5, 6.5, 12, 7.5], "texture": "#0"}
			}
		},
		{
			"from": [2, 18, 4],
			"to": [4, 20, 12],
			"faces": {
				"north": {"uv": [15, 0, 16, 1], "texture": "#0"},
				"east": {"uv": [8.5, 6.5, 12, 7.5], "texture": "#0"},
				"south": {"uv": [15, 0, 16, 1], "texture": "#0"},
				"west": {"uv": [8.5, 6.5, 12, 7.5], "texture": "#0"},
				"up": {"uv": [8.5, 4, 9.5, 7.5], "texture": "#0"},
				"down": {"uv": [8.5, 4, 9.5, 7.5], "texture": "#0"}
			}
		},
		{
			"from": [12, 18, 4],
			"to": [14, 20, 12],
			"faces": {
				"north": {"uv": [15, 0, 16, 1], "texture": "#0"},
				"east": {"uv": [8.5, 6.5, 12, 7.5], "texture": "#0"},
				"south": {"uv": [15, 0, 16, 1], "texture": "#0"},
				"west": {"uv": [8.5, 6.5, 12, 7.5], "texture": "#0"},
				"up": {"uv": [8.5, 4, 9.5, 7.5], "texture": "#0"},
				"down": {"uv": [8.5, 4, 9.5, 7.5], "texture": "#0"}
			}
		},
		{
			"from": [4, 10, 5],
			"to": [12, 12, 7],
			"faces": {
				"north": {"uv": [8, 8, 11, 16], "rotation": 90, "texture": "#0"},
				"east": {"uv": [11, 8, 14, 11], "texture": "#0"},
				"south": {"uv": [8, 8, 11, 16], "rotation": 90, "texture": "#0"},
				"west": {"uv": [11, 8, 14, 11], "texture": "#0"},
				"up": {"uv": [8, 8, 11, 16], "rotation": 90, "texture": "#0"},
				"down": {"uv": [8, 0, 8.5, 2], "rotation": 90, "texture": "#0"}
			}
		},
		{
			"from": [4, 10, 9],
			"to": [12, 12, 11],
			"faces": {
				"north": {"uv": [8, 8, 11, 16], "rotation": 90, "texture": "#0"},
				"east": {"uv": [11, 8, 14, 11], "texture": "#0"},
				"south": {"uv": [8, 8, 11, 16], "rotation": 90, "texture": "#0"},
				"west": {"uv": [11, 8, 14, 11], "texture": "#0"},
				"up": {"uv": [8, 8, 11, 16], "rotation": 90, "texture": "#0"},
				"down": {"uv": [8, 8, 11, 16], "rotation": 90, "texture": "#0"}
			}
		},
		{
			"from": [5, 12, 4],
			"to": [7, 14, 12],
			"faces": {
				"north": {"uv": [11, 8, 14, 11], "texture": "#0"},
				"east": {"uv": [8, 8, 11, 16], "rotation": 90, "texture": "#0"},
				"south": {"uv": [11, 8, 14, 11], "texture": "#0"},
				"west": {"uv": [8, 8, 11, 16], "rotation": 90, "texture": "#0"},
				"up": {"uv": [8, 8, 11, 16], "texture": "#0"},
				"down": {"uv": [8, 8, 11, 16], "texture": "#0"}
			}
		},
		{
			"from": [9, 12, 4],
			"to": [11, 14, 12],
			"faces": {
				"north": {"uv": [11, 8, 14, 11], "texture": "#0"},
				"east": {"uv": [8, 8, 11, 16], "rotation": 90, "texture": "#0"},
				"south": {"uv": [11, 8, 14, 11], "texture": "#0"},
				"west": {"uv": [8, 8, 11, 16], "rotation": 90, "texture": "#0"},
				"up": {"uv": [8, 8, 11, 16], "texture": "#0"},
				"down": {"uv": [8, 8, 11, 16], "texture": "#0"}
			}
		},
		{
			"from": [9, 12, 4],
			"to": [11, 14, 12],
			"faces": {
				"north": {"uv": [11, 8, 14, 11], "texture": "#0"},
				"east": {"uv": [8, 8, 11, 16], "rotation": 90, "texture": "#0"},
				"south": {"uv": [11, 8, 14, 11], "texture": "#0"},
				"west": {"uv": [8, 8, 11, 16], "rotation": 90, "texture": "#0"},
				"up": {"uv": [8, 8, 11, 16], "texture": "#0"},
				"down": {"uv": [8, 8, 11, 16], "texture": "#0"}
			}
		}
	],
	"groups": [
		{
			"name": "group",
			"origin": [8, 8, 8],
			"color": 0,
			"children": []
		},
		{
			"name": "group",
			"origin": [8, 8, 8],
			"color": 0,
			"children": []
		},
		{
			"name": "group",
			"origin": [8, 8, 8],
			"color": 0,
			"children": []
		},
		0,
		1,
		2,
		3,
		4,
		5,
		6,
		7,
		8,
		9,
		10,
		11,
		12,
		13,
		14,
		15,
		16,
		17,
		18
	]
}