{
	"credit": "Made with Blockbench",
	"texture_size": [32, 32],
	"textures": {
		"1": "the_vault:block/relic_pedestal_top",
		"particle": "the_vault:block/relic_pedestal_top"
	},
	"elements": [
		{
			"from": [2, 0, 2],
			"to": [14, 4, 14],
			"faces": {
				"north": {"uv": [5, 6, 11, 8], "texture": "#1"},
				"east": {"uv": [5, 6, 11, 8], "texture": "#1"},
				"south": {"uv": [5, 6, 11, 8], "texture": "#1"},
				"west": {"uv": [5, 6, 11, 8], "texture": "#1"},
				"up": {"uv": [5, 0, 11, 6], "texture": "#1"},
				"down": {"uv": [5, 0, 11, 6], "texture": "#1"}
			}
		},
		{
			"from": [2, 12, 2],
			"to": [14, 16, 14],
			"faces": {
				"north": {"uv": [5, 6, 11, 8], "texture": "#1"},
				"east": {"uv": [5, 6, 11, 8], "texture": "#1"},
				"south": {"uv": [5, 6, 11, 8], "texture": "#1"},
				"west": {"uv": [5, 6, 11, 8], "texture": "#1"},
				"up": {"uv": [5, 0, 11, 6], "texture": "#1"},
				"down": {"uv": [5, 0, 11, 6], "texture": "#1"}
			}
		},
		{
			"from": [3, 4, 3],
			"to": [13, 12, 13],
			"faces": {
				"north": {"uv": [0, 5, 5, 9], "texture": "#1"},
				"east": {"uv": [0, 5, 5, 9], "texture": "#1"},
				"south": {"uv": [0, 5, 5, 9], "texture": "#1"},
				"west": {"uv": [0, 5, 5, 9], "texture": "#1"},
				"up": {"uv": [0, 0, 5, 5], "texture": "#1"},
				"down": {"uv": [0, 0, 5, 5], "texture": "#1"}
			}
		}
	],
	"display": {
		"thirdperson_righthand": {
			"rotation": [75, 45, 0],
			"translation": [0, 2.5, 0],
			"scale": [0.37, 0.37, 0.37]
		},
		"firstperson_righthand": {
			"rotation": [0, 45, 0],
			"translation": [0, 2.5, 0],
			"scale": [0.5, 0.5, 0.5]
		},
		"ground": {
			"translation": [0, 2, 0],
			"scale": [0.35, 0.35, 0.35]
		},
		"gui": {
			"rotation": [30, 45, 0],
			"scale": [0.7, 0.7, 0.7]
		},
		"fixed": {
			"rotation": [0, 180, 0]
		}
	}
}