{
	"credit": "Made with Blockbench",
	"texture_size": [64, 64],
	"textures": {
		"1": "the_vault:block/vault_enchanter",
		"particle": "block/enchanting_table_bottom"
	},
	"elements": [
		{
			"name": "block",
			"from": [0, 9, 0],
			"to": [16, 16, 16],
			"rotation": {"angle": 0, "axis": "y", "origin": [8, 0, 8]},
			"faces": {
				"north": {"uv": [4, 7, 8, 8.75], "texture": "#1"},
				"east": {"uv": [7.5, 0, 11.5, 1.75], "texture": "#1"},
				"south": {"uv": [7.5, 1.75, 11.5, 3.5], "texture": "#1"},
				"west": {"uv": [7.5, 3.5, 11.5, 5.25], "texture": "#1"},
				"up": {"uv": [4, 4, 0, 0], "texture": "#1"},
				"down": {"uv": [4, 4, 0, 8], "texture": "#1"}
			}
		},
		{
			"name": "block",
			"from": [5, 1, 5],
			"to": [11, 11, 11],
			"rotation": {"angle": 0, "axis": "y", "origin": [8, 0, 8]},
			"faces": {
				"north": {"uv": [0, 8, 1.5, 10.5], "texture": "#1"},
				"east": {"uv": [1.5, 8, 3, 10.5], "texture": "#1"},
				"south": {"uv": [8, 5.25, 9.5, 7.75], "texture": "#1"},
				"west": {"uv": [8, 7.75, 9.5, 10.25], "texture": "#1"},
				"up": {"uv": [8, 10.25, 6.5, 8.75], "texture": "#1"},
				"down": {"uv": [11, 6.75, 9.5, 8.25], "texture": "#1"}
			}
		},
		{
			"name": "block",
			"from": [1, 0, 1],
			"to": [15, 3, 15],
			"rotation": {"angle": 0, "axis": "y", "origin": [8, 0, 8]},
			"faces": {
				"north": {"uv": [3, 8.75, 6.5, 9.5], "texture": "#1"},
				"east": {"uv": [3, 9.5, 6.5, 10.25], "texture": "#1"},
				"south": {"uv": [9.5, 5.25, 13, 6], "texture": "#1"},
				"west": {"uv": [9.5, 6, 13, 6.75], "texture": "#1"},
				"up": {"uv": [7.5, 3.5, 4, 0], "texture": "#1"},
				"down": {"uv": [7.5, 3.5, 4, 7], "texture": "#1"}
			}
		},
		{
			"from": [6, 3, 9],
			"to": [10, 10, 13],
			"faces": {
				"north": {"uv": [6, 10.25, 7, 12], "texture": "#1"},
				"east": {"uv": [7, 10.25, 8, 12], "texture": "#1"},
				"south": {"uv": [8, 10.25, 9, 12], "texture": "#1"},
				"west": {"uv": [9, 10.25, 10, 12], "texture": "#1"},
				"up": {"uv": [12.5, 1, 11.5, 0], "texture": "#1"},
				"down": {"uv": [12.5, 1, 11.5, 2], "texture": "#1"}
			}
		},
		{
			"from": [3, 3, 6],
			"to": [7, 10, 10],
			"faces": {
				"north": {"uv": [10, 10.25, 11, 12], "texture": "#1"},
				"east": {"uv": [0, 10.5, 1, 12.25], "texture": "#1"},
				"south": {"uv": [1, 10.5, 2, 12.25], "texture": "#1"},
				"west": {"uv": [2, 10.5, 3, 12.25], "texture": "#1"},
				"up": {"uv": [12.5, 3, 11.5, 2], "texture": "#1"},
				"down": {"uv": [12.5, 3, 11.5, 4], "texture": "#1"}
			}
		},
		{
			"from": [6, 3, 3],
			"to": [10, 11, 7],
			"faces": {
				"north": {"uv": [9.5, 8.25, 10.5, 10.25], "texture": "#1"},
				"east": {"uv": [3, 10.25, 4, 12.25], "texture": "#1"},
				"south": {"uv": [4, 10.25, 5, 12.25], "texture": "#1"},
				"west": {"uv": [5, 10.25, 6, 12.25], "texture": "#1"},
				"up": {"uv": [12.5, 5, 11.5, 4], "texture": "#1"},
				"down": {"uv": [12.5, 8.25, 11.5, 9.25], "texture": "#1"}
			}
		},
		{
			"from": [9, 3, 6],
			"to": [13, 9, 10],
			"faces": {
				"north": {"uv": [10.5, 8.25, 11.5, 9.75], "texture": "#1"},
				"east": {"uv": [11, 6.75, 12, 8.25], "texture": "#1"},
				"south": {"uv": [11, 9.75, 12, 11.25], "texture": "#1"},
				"west": {"uv": [11, 11.25, 12, 12.75], "texture": "#1"},
				"up": {"uv": [7, 13, 6, 12], "texture": "#1"},
				"down": {"uv": [13, 6.75, 12, 7.75], "texture": "#1"}
			}
		}
	],
	"display": {
		"thirdperson_righthand": {
			"rotation": [75, 45, 0],
			"translation": [0, 2.5, 0],
			"scale": [0.375, 0.375, 0.375]
		},
		"thirdperson_lefthand": {
			"rotation": [75, 45, 0],
			"translation": [0, 2.5, 0],
			"scale": [0.375, 0.375, 0.375]
		},
		"firstperson_righthand": {
			"rotation": [0, 45, 0],
			"scale": [0.4, 0.4, 0.4]
		},
		"firstperson_lefthand": {
			"rotation": [0, 225, 0],
			"scale": [0.4, 0.4, 0.4]
		},
		"ground": {
			"translation": [0, 3, 0],
			"scale": [0.25, 0.25, 0.25]
		},
		"gui": {
			"rotation": [30, 225, 0],
			"scale": [0.625, 0.625, 0.625]
		},
		"fixed": {
			"scale": [0.5, 0.5, 0.5]
		}
	},
	"groups": [
		{
			"name": "block",
			"origin": [0, 0, 0],
			"color": 0,
			"children": [
				0,
				1,
				2,
				{
					"name": "bone",
					"origin": [6.48548, 22.0627, 7],
					"color": 0,
					"children": []
				},
				3,
				4,
				5,
				6
			]
		}
	]
}